"ID","date","field_tag","c1","c2","ch","canopy","infls","lv_stems","dd_stems","stem_d1","stem_d2","status","notes","herbivory"
1,2009-06-17,1,NA,NA,NA,NA,NA,NA,NA,NA,NA,0,NA,NA
1,2008-10-19,1,2,1.5,6.5,NA,0,0,0,1.4,NA,1,NA,NA
2,2009-06-17,2,NA,NA,NA,NA,NA,NA,NA,NA,NA,0,NA,NA
2,2008-10-19,2,1,1,4,NA,0,0,0,1.4,NA,1,NA,NA
3,2008-10-19,3,1,1,4,NA,0,0,0,1.1,NA,1,NA,NA
3,2009-06-17,3,1.5,2,5,NA,NA,NA,NA,1.4,NA,1,NA,NA
4,2008-10-19,4,1,2,5,NA,0,0,0,1.6,NA,1," ",NA
4,2009-06-17,4,2,3,6,NA,NA,NA,NA,1.9,NA,1,NA,NA
5,2008-10-19,5,2,2,11.5,NA,0,0,0,2,NA,1,NA,NA
5,2009-06-17,5,2,3,11,NA,NA,NA,NA,1.5,NA,1,NA,NA
6,2008-10-19,6,0.5,0.5,3.2,NA,0,0,0,0.9,NA,1,NA,NA
6,2009-06-17,6,1,1.5,4,NA,NA,NA,NA,1.2,NA,1,NA,NA
7,2008-10-19,7,1.5,1.5,4.2,NA,0,0,0,1.4,NA,1,NA,NA
7,2009-06-17,7,1.5,2,4.5,NA,NA,NA,NA,1,NA,1,NA,NA
8,2008-10-19,8,1.2,2.1,2,NA,0,0,0,1.6,NA,1,NA,NA
8,2009-06-17,8,2.5,3.5,3.5,NA,NA,NA,NA,1.5,NA,1,NA,NA
9,2009-06-17,9,NA,NA,NA,NA,NA,NA,NA,NA,NA,0,NA,NA
9,2008-10-19,9,0.5,0.8,3.8,NA,0,0,0,1.2,NA,1,NA,NA
10,2008-10-19,10,0.5,1.6,3.3,NA,0,0,0,1.1,NA,1,NA,NA
10,2009-06-17,10,2,2,4.5,NA,NA,NA,NA,1.3,NA,1,NA,NA
11,2008-10-19,11,1.5,2.6,4.2,NA,0,0,0,1.2,NA,1,NA,NA
11,2009-06-17,11,2.5,4.5,7,NA,NA,NA,NA,1.9,NA,1,NA,NA
12,2008-10-19,12,0.7,1,5,NA,0,0,0,0.9,NA,1,NA,NA
12,2009-06-17,12,1.5,3,6,NA,NA,NA,NA,1.3,NA,1,NA,NA
13,2008-10-19,13,2,2,4.5,NA,0,0,0,1.6,NA,1,NA,NA
13,2009-06-17,13,3.5,3.5,4.5,NA,NA,NA,NA,2.7,NA,1,NA,NA
14,2008-10-19,14,2,1.2,4.5,NA,0,0,0,1.3,NA,1,NA,NA
14,2009-06-17,14,2,2.5,4.5,NA,NA,NA,NA,1.4,NA,1,NA,NA
15,2008-10-19,15,1.8,2.6,6,NA,0,0,0,1.5,NA,1,NA,NA
15,2009-06-17,15,4,4.5,9,NA,NA,NA,NA,2,NA,1,NA,NA
16,2008-10-19,16,0.3,0.6,1.7,NA,0,0,0,0.6,NA,1,NA,NA
16,2009-06-17,16,1,1,3,NA,NA,NA,NA,1,NA,1,NA,NA
17,2008-10-19,17,2.3,3.2,3.6,NA,0,0,0,2,NA,1,NA,NA
17,2009-06-17,17,3.5,5,5.5,NA,NA,NA,NA,2.3,NA,1,NA,NA
18,2009-06-17,18,NA,NA,NA,NA,NA,NA,NA,NA,NA,0,NA,NA
18,2008-10-19,18,0.5,0.7,5.4,NA,0,0,0,1.3,NA,1,NA,NA
19,2008-10-19,19,1.4,2.8,4.3,NA,0,0,0,1.3,NA,1,"fluffy gall",NA
19,2009-06-17,19,2.5,3,7.5,NA,NA,NA,NA,1.8,NA,1,NA,NA
20,2008-10-19,20,0.7,1.6,5,NA,0,0,0,1.5,NA,1,NA,NA
20,2009-06-17,20,2,3,6,NA,NA,NA,NA,2,NA,1,NA,NA
21,2008-10-19,21,1.5,2.2,3.7,NA,0,0,0,1.5,NA,1,NA,NA
21,2009-06-17,21,3,3,5,NA,NA,NA,NA,2.3,NA,1,NA,NA
22,2008-10-19,22,0.7,1.7,3.8,NA,0,0,0,1,NA,1,NA,NA
22,2009-06-17,22,1,3.5,4.5,NA,NA,NA,NA,1.2,NA,1,NA,NA
23,2008-10-19,23,1,1.5,3.5,NA,0,0,0,1,NA,1,NA,NA
23,2009-06-17,23,0.5,2,4,NA,NA,NA,NA,1.5,NA,1,NA,NA
24,2009-06-17,24,NA,NA,NA,NA,NA,NA,NA,NA,NA,0,NA,NA
24,2008-10-19,24,1.4,1.4,5.1,NA,0,0,0,0.9,NA,1,NA,NA
25,2008-10-19,25,1.3,2,5,NA,0,0,0,1.1,NA,1,NA,NA
25,2009-06-17,25,2,2.5,4,NA,NA,NA,NA,1.5,NA,1,NA,NA
26,2008-10-19,26,2,2.3,7,NA,0,0,0,1.7,NA,1,NA,NA
26,2009-06-17,26,2,3,7,NA,NA,NA,NA,2.2,NA,1,NA,NA
27,2008-10-19,27,2.3,2.9,6.4,NA,0,0,0,1.5,NA,1,NA,NA
27,2009-06-17,27,5,5,9,NA,NA,NA,NA,2.1,NA,1,NA,NA
28,2009-06-17,28,NA,NA,NA,NA,NA,NA,NA,NA,NA,0,NA,NA
28,2008-10-19,28,0.6,0.9,2.2,NA,0,0,0,0.6,NA,1,NA,NA
29,2008-10-19,29,1.6,2.7,3.3,NA,0,0,0,1.4,NA,1,NA,NA
29,2009-06-17,29,5.5,2.5,5.5,NA,NA,NA,NA,1.7,NA,1,NA,NA
30,2008-10-19,30,1,1.3,5.2,NA,0,0,0,0.8,NA,1,NA,NA
30,2009-06-17,30,2,2.5,6,NA,NA,NA,NA,1.5,NA,1,NA,NA
31,2008-10-19,31,1.5,2.1,4.9,NA,0,0,0,1.3,NA,1,NA,NA
31,2009-06-17,31,2,2.5,4,NA,NA,NA,NA,1.5,NA,1,NA,NA
32,2008-10-19,32,1.2,1.2,6.1,NA,0,0,0,1.6,NA,1,"gall",NA
32,2009-06-17,32,2.5,3.5,9,NA,NA,NA,NA,2.3,NA,1,NA,NA
33,2008-10-19,33,1.3,2.4,5.5,NA,0,0,0,1.4,NA,1,NA,NA
33,2009-06-17,33,3,4,6.5,NA,NA,NA,NA,2.2,NA,1,NA,NA
34,2008-10-19,34,56,57,53,NA,45,5,1,23.5,26.5,1,NA,NA
34,2009-06-17,34,60,60,52,11,NA,NA,NA,NA,NA,1,NA,NA
35,2008-10-19,35,37,45,27,NA,0,4,2,26.6,26.9,1,NA,NA
35,2009-06-17,35,33,44,25,5,NA,NA,NA,NA,NA,1,NA,NA
36,2008-10-19,36,18,33,58,NA,11,2,2,23.7,17.8,1,NA,NA
36,2009-06-17,36,16,28,64,3,NA,NA,NA,NA,NA,1,NA,NA
37,2008-10-19,37,9,25,24,NA,0,0,0,9.5,9.5,1,NA,NA
37,2009-06-17,37,16,10,26,1,NA,NA,NA,NA,NA,1,NA,NA
38,2008-10-19,38,77,95,63,NA,105,4,1,34.5,35.5,1,NA,NA
38,2009-06-17,38,88,100,67,42,NA,NA,NA,NA,NA,1,NA,NA
39,2008-10-19,39,41,54,40,NA,26,3,0,18.5,20,1,NA,NA
39,2009-06-17,39,45,45,37,6,NA,NA,NA,NA,NA,1,NA,NA
40,2008-10-19,40,11,19,24,NA,0,1,2,19,19,1,NA,NA
40,2009-06-17,40,16,10,19,1,NA,NA,NA,NA,NA,1,"old and senescent ",NA
41,2008-10-19,41,12,25,31,NA,0,1,0,11.8,11.3,1,NA,NA
41,2009-06-17,41,16,27,33,2,NA,NA,NA,NA,NA,1,NA,NA
42,2008-10-19,42,50,67,55,NA,12,5,0,15,14.9,1,NA,NA
42,2009-06-17,42,37,73,55,16,NA,NA,NA,NA,NA,1,"Brewer's sparrow nest in the plot so switched treatment",NA
43,2008-10-19,43,85,108,80,NA,23,6,2,43.5,47.8,1,NA,NA
43,2009-06-17,43,90,112,82,52,NA,NA,NA,NA,NA,1,NA,NA
44,2008-10-19,44,7,12,14,NA,0,1,3,14.9,17.3,1,NA,NA
44,2009-06-17,44,9,11,14,1,NA,NA,NA,NA,NA,1,NA,NA
45,2008-10-19,45,19,24,28,NA,0,0,0,9.9,8,1,NA,NA
45,2009-06-17,45,14,20,28,1,NA,NA,NA,NA,NA,1,NA,NA
46,2008-10-19,46,65,82,65,NA,99,5,0,30.5,33,1,NA,NA
46,2009-06-17,46,86,68,67,31,NA,NA,NA,NA,NA,1,NA,NA
47,2008-10-19,47,59,67,45,NA,41,8,2,11.5,11.9,1,NA,NA
47,2009-06-17,47,58,59,45,14,NA,NA,NA,NA,NA,1,NA,NA
48,2008-10-19,48,3,6,11,NA,0,0,0,2.5,2.6,1,NA,NA
48,2009-06-17,48,8,8,11,1,NA,NA,NA,NA,NA,1,NA,NA
49,2008-10-19,49,25,26,33,NA,1,1,0,19.8,20.5,1,NA,NA
49,2009-06-17,49,28,28,27,4,NA,NA,NA,NA,NA,1,"too close to 9",NA
50,2008-10-19,50,67,83,83,NA,51,1,0,61,54,1,"spilled some seeds out of bag",NA
50,2009-06-17,50,81,60,79,27,NA,NA,NA,NA,NA,1,NA,NA
51,2008-10-19,51,35,45,40,NA,11,5,8,15.5,15,1,NA,NA
51,2009-06-17,51,30,45,50,6,NA,NA,NA,NA,NA,1,"old senescent",NA
52,2008-10-19,52,5,7.5,9.7,NA,0,0,0,3.2,3,1,NA,NA
52,2009-06-17,52,8,9,9,1,NA,NA,NA,NA,NA,1,NA,NA
53,2008-10-19,53,9,17,31,NA,0,1,0,9.9,10.3,1,NA,NA
53,2009-06-17,53,14,18,26,1,NA,NA,NA,NA,NA,1,NA,NA
54,2008-10-19,54,51,84,41,NA,0,3,1,20.8,21,1,NA,NA
54,2009-06-17,54,49,77,52,12,NA,NA,NA,NA,NA,1,NA,NA
55,2008-10-19,55,90,145,63,NA,36,3,2,57.9,64.4,1,NA,NA
55,2009-06-17,55,87,142,66,47,NA,NA,NA,NA,NA,1,NA,NA
56,2008-10-19,56,23,37,29,NA,1,1,0,16.4,16.5,1,NA,NA
56,2009-06-17,56,27,41,41,8,NA,NA,NA,NA,NA,1,NA,NA
57,2008-10-19,57,9,13,24,NA,0,0,0,5.6,5.6,1,NA,NA
57,2009-06-17,57,10,11,31,1,NA,NA,NA,NA,NA,1,NA,NA
58,2008-10-19,58,47,81,60,NA,13,1,0,34.5,42.4,1,NA,NA
58,2009-06-17,58,63,74,68,24,NA,NA,NA,NA,NA,1,NA,NA
59,2008-10-19,59,47,64,48,NA,18,5,0,16.7,15.2,1,NA,NA
59,2009-06-17,59,49,71,55,19,NA,NA,NA,NA,NA,1,NA,NA
60,2008-10-19,60,16,21,41,NA,20,1,1,23.5,11.3,1,NA,NA
60,2009-06-17,60,18,20,50,4,NA,NA,NA,NA,NA,1,NA,NA
61,2008-10-19,61,29,36,38,NA,2,1,0,15.1,16,1,NA,NA
61,2009-06-17,61,25,38,40,6,NA,NA,NA,NA,NA,1,NA,NA
62,2008-10-19,62,68,53,64,NA,3,5,2,27,29.6,1,"black cankers on stems",NA
62,2009-06-17,62,51,59,66,9,NA,NA,NA,NA,NA,1,NA,NA
63,2008-10-19,63,25,55,29,NA,0,2,0,26,24,1,"base of stem cracked, measured diams below crack",NA
63,2009-06-17,63,28,56,28,6,NA,NA,NA,NA,NA,1,NA,NA
64,2008-10-19,64,6,11,17,NA,0,1,0,6.2,7.2,1,"hard galls",NA
64,2009-06-17,64,8,9,18,1,NA,NA,NA,NA,NA,1,NA,NA
65,2008-10-19,65,35,48,46,NA,2,2,0,19,21.1,1,NA,NA
65,2009-06-17,65,30,38,49,7,NA,NA,NA,NA,NA,1,NA,NA
66,2008-10-20,66,2.1,4.3,4.5,NA,0,0,0,1.9,NA,1,NA,NA
66,2009-06-26,66,5.5,3,6,NA,NA,NA,NA,1.9,NA,1,NA,NA
67,2008-10-20,67,1,1.2,6.2,NA,0,0,0,1.4,NA,1,NA,NA
67,2009-06-26,67,1.5,2.5,8,NA,NA,NA,NA,1.3,NA,1,NA,NA
68,2008-10-20,68,1.8,2.2,3.5,NA,0,0,0,1.7,NA,1,"two seedlings next to each other; used west one",NA
68,2009-06-26,68,2.5,2.5,5,NA,NA,NA,NA,1.6,NA,1,NA,NA
69,2009-06-26,69,NA,NA,NA,NA,NA,NA,NA,NA,NA,2,"lost",NA
69,2008-10-20,69,1.5,2,5.5,NA,0,0,0,1.6,NA,1,NA,NA
70,2008-10-20,70,4,4.6,5.5,NA,0,0,0,2.3,NA,1,NA,NA
70,2009-06-26,70,7,7.5,8,NA,NA,NA,NA,2.4,NA,1,NA,NA
71,2009-06-26,71,NA,NA,NA,NA,NA,NA,NA,NA,NA,0,NA,NA
71,2008-10-20,71,1.5,2,2.5,NA,0,0,0,1.5,NA,1,NA,NA
72,2009-06-26,72,NA,NA,NA,NA,NA,NA,NA,NA,NA,0,NA,NA
72,2008-10-20,72,0.5,1.1,2.5,NA,0,0,0,1.2,NA,1,NA,NA
73,2009-06-26,73,NA,NA,NA,NA,NA,NA,NA,NA,NA,0,NA,NA
73,2008-10-20,73,0.3,0.3,1.5,NA,0,0,0,1,NA,1,NA,NA
74,2009-06-26,74,NA,NA,NA,NA,NA,NA,NA,NA,NA,0,NA,NA
74,2008-10-20,74,1.1,1.3,5,NA,0,0,0,1.8,NA,1,NA,NA
75,2008-10-20,75,2.2,3.5,7.1,NA,0,0,0,1.9,NA,1,"very small one to the west of the selected one",NA
75,2009-06-26,75,4,5,11.5,NA,NA,NA,NA,2.3,NA,1,NA,NA
76,2008-10-20,76,0.8,1.2,5.5,NA,0,0,0,1.5,NA,1,NA,NA
76,2009-06-26,76,2,1.5,6,NA,NA,NA,NA,0.8,NA,1,NA,NA
77,2009-06-26,77,NA,NA,NA,NA,NA,NA,NA,NA,NA,0,NA,NA
77,2008-10-20,77,0.5,2.3,3.3,NA,0,0,0,1.5,NA,1,NA,NA
78,2008-10-20,78,3.2,4.7,4.7,NA,0,0,0,2,NA,1,NA,NA
78,2009-06-26,78,4,3.5,6.5,NA,NA,NA,NA,1.7,NA,1,NA,NA
79,2008-10-20,79,2.5,3.9,4.8,NA,0,0,0,1.9,NA,1,NA,NA
79,2009-06-26,79,4,5,7,NA,NA,NA,NA,2.1,NA,1,NA,NA
80,2008-10-20,80,1.5,2.2,3,NA,0,0,0,1.4,NA,1,NA,NA
80,2009-06-26,80,2.5,3,4.5,NA,NA,NA,NA,1.3,NA,1,NA,NA
81,2008-10-20,81,1.3,3.2,5.2,NA,0,0,0,1.6,NA,1,NA,NA
81,2009-06-26,81,4,4.5,7,NA,NA,NA,NA,2.2,NA,1,NA,NA
82,2008-10-26,82,4,5.5,5.5,NA,0,0,0,2.3,2.3,1,"Branches > 5cm ",NA
82,2009-06-10,82,7.5,9,10,1,NA,NA,NA,3.9,NA,1,NA,NA
83,2008-10-26,83,40,45,32,NA,74,0,0,5.8,5.8,1,NA,NA
83,2009-06-10,83,41,18,40,4,NA,NA,NA,6.5,NA,1,NA,NA
84,2008-10-26,84,4,5.5,7.6,NA,0,0,0,2.7,2.7,1,"Branches > 5cm ",NA
84,2009-06-10,84,6,10,10.5,1,NA,NA,NA,4.5,NA,1,NA,NA
85,2008-10-26,85,100,110,51,NA,72,6,1,13.4,13.5,1,NA,NA
85,2009-06-10,85,115,115,60,64,NA,NA,NA,15,NA,1,NA,NA
86,2008-10-26,86,6,6.5,10.5,NA,0,0,0,3,3,1,NA,NA
86,2009-06-10,86,6,8,11,1,NA,NA,NA,3.9,NA,1,NA,NA
87,2008-10-26,87,80,95,41,NA,0,6,1,18.9,15.3,1,"no infls. ",NA
87,2009-06-10,87,69,95,42,40,NA,NA,NA,19.5,NA,1,NA,NA
88,2008-10-26,88,19,27,22,NA,0,1,0,18,22.4,1,NA,NA
88,2009-06-10,88,22,23,24,1,NA,NA,NA,20.9,NA,1,NA,NA
89,2008-10-26,89,27,56,43,NA,0,2,1,14.7,14.5,1,NA,NA
89,2009-06-10,89,29,55,38,7,NA,NA,NA,15.5,NA,1,NA,NA
90,2008-10-26,90,18,20,25,NA,2,1,0,12.4,12.6,1,NA,NA
90,2009-06-10,90,19,22,26,1,NA,NA,NA,16.5,NA,1,NA,NA
91,2008-10-26,91,85,120,48,NA,0,4,3,32.4,34.5,1,NA,NA
91,2009-06-10,91,73,107,47,46,NA,NA,NA,36,NA,1,NA,NA
92,2008-10-26,92,15,15,35,NA,0,1,0,14.9,15.3,1,NA,NA
92,2009-06-10,92,17,20,39,2,NA,NA,NA,18.2,NA,1,NA,NA
93,2008-10-26,93,45,51,45,NA,0,2,1,18.5,19.9,1,NA,NA
93,2009-06-10,93,58,58,45,11,NA,NA,NA,25.4,NA,1,NA,NA
94,2008-10-26,94,12,26,25,NA,0,1,0,14.2,9.5,1,NA,NA
94,2009-06-10,94,16,28,27,2,NA,NA,NA,11.9,NA,1,NA,NA
95,2008-10-26,95,63,86,44,NA,0,5,0,18.5,17.7,1,"separate plant just to the east of the marked individ.",NA
95,2009-06-10,95,77,99,47,32,NA,NA,NA,16.6,NA,1,NA,NA
96,2008-10-26,96,1,24,38,NA,0,0,0,7.6,9,1,NA,NA
96,2009-06-10,96,21,30,44,3,NA,NA,NA,8.7,NA,1,NA,NA
97,2008-10-26,97,23,50,38,NA,0,1,1,15.4,15.3,1,NA,NA
97,2009-06-10,97,27,48,38,4,NA,NA,NA,17,NA,1,NA,NA
98,2008-10-26,98,1.2,0.7,3,NA,0,0,0,1.2,NA,1,NA,NA
98,2009-06-10,98,1.5,2.5,6,NA,NA,NA,NA,1.4,NA,1,NA,NA
99,2008-10-26,99,0.7,1.7,2.4,NA,0,0,0,1,NA,1,NA,NA
99,2009-06-10,99,2.5,3,3.5,NA,NA,NA,NA,1.3,NA,1,NA,NA
100,2008-10-26,100,0.6,0.6,3.4,NA,0,0,0,0.7,NA,1,NA,NA
100,2009-06-10,100,1.5,2,4.5,NA,NA,NA,NA,1,NA,1,NA,NA
101,2008-10-26,101,0.5,1.5,5.5,NA,0,0,0,1.2,NA,1,NA,NA
101,2009-06-10,101,2,2,5.5,NA,NA,NA,NA,1.8,NA,1,NA,NA
102,2008-10-26,102,1.2,3,7.6,NA,0,0,0,1.2,NA,1,NA,NA
102,2009-06-10,102,3,6,7.5,NA,NA,NA,NA,1.7,NA,1,NA,NA
103,2008-10-26,103,3.5,2,4.5,NA,0,0,0,1.4,NA,1,NA,NA
103,2009-06-10,103,2,3.5,6.5,NA,NA,NA,NA,1.8,NA,1,NA,NA
104,2008-10-26,104,1,1,5.5,NA,0,0,0,1.4,NA,1,NA,NA
104,2009-06-10,104,2.5,3.5,6,NA,NA,NA,NA,1.5,NA,1,NA,NA
105,2008-10-26,105,1,1,6,NA,0,0,0,0.8,NA,1,NA,NA
105,2009-06-10,105,2,1.5,7.5,NA,NA,NA,NA,1.4,NA,1,NA,NA
106,2008-10-26,106,1,1,3.2,NA,0,0,0,0.5,NA,1,NA,NA
106,2009-06-10,106,1,1.5,2.5,NA,NA,NA,NA,0.6,NA,1,NA,NA
107,2009-06-10,107,NA,NA,NA,NA,NA,NA,NA,NA,NA,0,NA,NA
107,2008-10-26,107,1,1,5,NA,0,0,0,0.8,NA,1,NA,NA
108,2008-10-26,108,2.5,2,6,NA,0,0,0,1.8,NA,1,NA,NA
108,2009-06-10,108,3,3.5,7,NA,NA,NA,NA,2,NA,1,NA,NA
109,2009-06-10,109,NA,NA,NA,NA,NA,NA,NA,NA,NA,0,NA,NA
109,2008-10-26,109,0.5,0.5,1.5,NA,0,0,0,0.6,NA,1,NA,NA
110,2008-10-26,110,3.5,4.5,5,NA,0,0,0,2.1,NA,1,NA,NA
110,2009-06-10,110,5,6.5,7.5,NA,NA,NA,NA,2.4,NA,1,NA,NA
111,2008-10-26,111,3.5,2.5,8.7,NA,0,0,0,1.9,2.3,1,NA,NA
111,2009-06-10,111,4,4.5,8,NA,NA,NA,NA,2.9,NA,1,NA,NA
112,2008-10-26,112,1.5,2,3,NA,0,0,0,1.3,NA,1,NA,NA
112,2009-06-10,112,2,3.5,5,NA,NA,NA,NA,1.6,NA,1,NA,NA
113,2008-10-26,113,1.5,4,6.5,NA,0,0,0,2.4,NA,1,NA,NA
113,2009-06-10,113,2.5,4.5,6,NA,NA,NA,NA,3.1,NA,1,NA,NA
114,2009-06-10,114,NA,NA,NA,NA,NA,NA,NA,NA,NA,0,NA,NA
114,2008-10-26,114,2,3,4.5,NA,0,0,0,1,NA,1,NA,NA
115,2008-10-26,115,1.5,2,3,NA,0,0,0,1,NA,1,NA,NA
115,2009-06-10,115,1,3,3.5,NA,NA,NA,NA,1,NA,1,NA,NA
116,2008-10-27,116,1,1,1,NA,0,0,0,0.9,NA,1,NA,NA
116,2009-06-12,116,3.5,4,3,NA,NA,NA,NA,1,NA,1,NA,NA
117,2008-10-27,117,1,1.5,5,NA,0,0,0,0.6,NA,1,NA,NA
117,2009-06-12,117,0.5,1.5,3.5,NA,NA,NA,NA,1,NA,1,NA,NA
118,2008-10-27,118,1,1,2.5,NA,0,0,0,0.8,NA,1,NA,NA
118,2009-06-12,118,2,2.5,3,NA,NA,NA,NA,0.9,NA,1,NA,NA
119,2008-10-27,119,1,1.5,4,NA,0,0,0,1.1,NA,1,NA,NA
119,2009-06-12,119,2,3,4.5,NA,NA,NA,NA,1.1,NA,1,NA,NA
120,2008-10-27,120,1.5,2.5,4,NA,0,0,0,1.1,NA,1,NA,NA
120,2009-06-12,120,3.5,4,7,NA,NA,NA,NA,1,NA,1,NA,NA
121,2008-10-27,121,0.5,1,2,NA,0,0,0,0.6,NA,1,NA,NA
121,2009-06-12,121,0.5,2.5,2,NA,NA,NA,NA,0.4,NA,1,NA,NA
122,2008-10-27,122,3,3,4,NA,0,0,0,1.2,NA,1,NA,NA
122,2009-06-12,122,4,5,5.5,NA,NA,NA,NA,1.3,NA,1,NA,NA
123,2008-10-27,123,1.5,1.5,3.5,NA,0,0,0,0.7,NA,1,NA,NA
123,2009-06-12,123,2,2,4,NA,NA,NA,NA,1.5,NA,1,NA,NA
124,2008-10-27,124,1.5,2,4.5,NA,0,0,0,1.1,NA,1,NA,NA
124,2009-06-12,124,2,4,6,NA,NA,NA,NA,1.5,NA,1,NA,NA
125,2008-10-27,125,1.5,2,4,NA,0,0,0,1.1,NA,1,NA,NA
125,2009-06-12,125,2,2,3.5,NA,NA,NA,NA,1.7,NA,1,NA,NA
126,2008-10-27,126,2,2,4.5,NA,0,0,0,1.8,NA,1,NA,NA
126,2009-06-12,126,4,4.5,5,NA,NA,NA,NA,2.2,NA,1,NA,NA
127,2009-06-12,127,NA,NA,NA,NA,NA,NA,NA,NA,NA,0,NA,NA
127,2008-10-27,127,0.5,0.5,2.5,NA,0,0,0,0.8,NA,1,NA,NA
128,2008-10-27,128,2,3,5.5,NA,0,0,0,1.6,NA,1,NA,NA
128,2009-06-12,128,4.5,5,7.5,NA,NA,NA,NA,2.4,NA,1,NA,NA
129,2008-10-27,129,1,2.5,6.5,NA,0,0,0,0.9,NA,1,NA,NA
129,2009-06-12,129,2,3.5,6.5,NA,NA,NA,NA,1,NA,1,NA,NA
130,2008-10-27,130,1.5,3,6,NA,0,0,0,1.1,NA,1,NA,NA
130,2009-06-12,130,4,3,8.5,NA,NA,NA,NA,1.7,NA,1,NA,NA
131,2008-10-27,131,0.5,2.5,3,NA,0,0,0,1.4,NA,1,NA,NA
131,2009-06-13,131,3.5,2,4,NA,NA,NA,NA,2.8,NA,1,NA,NA
132,2008-10-27,132,15,21,27,NA,0,1,0,11.5,12.3,1,NA,NA
132,2009-06-14,132,15,27,27,2,NA,NA,NA,12.9,NA,1,NA,NA
133,2008-10-27,133,35,45,38,NA,12,0,0,13.2,8.5,1,NA,NA
133,2009-06-14,133,53,32,42,6,NA,NA,NA,NA,NA,1,NA,NA
134,2008-10-27,134,15,30,20,NA,0,0,0,8.9,9.5,1,NA,NA
134,2009-06-14,134,32,15,27,2,NA,NA,NA,NA,NA,1,NA,NA
135,2008-10-27,135,32,54,37,NA,0,1,0,11.5,12,1,NA,NA
135,2009-06-14,135,62,32,42,10,NA,NA,NA,NA,NA,1,NA,NA
136,2008-10-27,136,10,30,22,NA,5,0,0,4.6,4.3,1,NA,NA
136,2009-06-14,136,27,23,27,2,NA,NA,NA,NA,NA,1,NA,NA
137,2008-10-27,137,33,59,41,NA,5,1,0,20,16.5,1,NA,NA
137,2009-06-14,137,72,34,44,11,NA,NA,NA,NA,NA,1,NA,NA
138,2008-10-27,138,14,18,27,NA,0,1,0,13.4,11.4,1,NA,NA
138,2009-06-14,138,24,18,28,1,NA,NA,NA,NA,NA,1,NA,NA
139,2008-10-27,139,41,53,32,NA,62,4,1,20.2,18.6,1,NA,NA
139,2009-06-14,139,50,58,35,12,NA,NA,NA,NA,NA,1,NA,NA
140,2008-10-27,140,14,13,15,NA,0,0,0,8.9,7.5,1,NA,NA
140,2009-06-14,140,18,19,16,1,NA,NA,NA,NA,NA,1,NA,NA
141,2008-10-27,141,39,41,26,NA,0,1,1,26.8,22.5,1,NA,NA
141,2009-06-14,141,43,50,28,8,NA,NA,NA,NA,NA,1,NA,NA
142,2008-10-27,142,27,30,21,NA,0,0,0,5.7,5.7,1,NA,NA
142,2009-06-14,142,33,34,28,5,NA,NA,NA,NA,NA,1,NA,NA
143,2008-10-27,143,60,68,35,NA,13,0,0,7.8,8.4,1,NA,NA
143,2009-06-14,143,64,74,40,29,NA,NA,NA,NA,NA,1,NA,NA
144,2008-10-27,144,22,40,27,NA,0,1,0,10,10,1,NA,NA
144,2009-06-14,144,33,22,35,4,NA,NA,NA,NA,NA,1,NA,NA
145,2008-10-27,145,38,50,37,NA,23,2,0,13.5,10.1,1,NA,NA
145,2009-06-14,145,50,49,43,13,NA,NA,NA,NA,NA,1,NA,NA
146,2008-10-27,146,23,23,23,NA,0,0,0,4.5,4.5,1,NA,NA
146,2009-06-14,146,25,25,25,3,NA,NA,NA,NA,NA,1,NA,NA
147,2008-10-27,147,48,72,42,NA,118,5,3,19.5,17.2,1,NA,NA
147,2009-06-14,147,84,53,46,23,NA,NA,NA,NA,NA,1,NA,NA
148,2008-10-28,148,33,65,39,NA,0,3,2,17.5,23,1,NA,NA
148,2009-06-26,148,60,37,46,13,NA,NA,NA,NA,NA,1,NA,NA
149,2008-10-28,149,42,74,53,NA,10,5,0,15.5,22.5,1,NA,NA
149,2009-06-26,149,48,31,60,7,NA,NA,NA,NA,NA,1,NA,NA
150,2008-10-28,150,32,42,45,NA,1,1,2,23.4,17.5,1,NA,NA
150,2009-06-26,150,37,39,47,8,NA,NA,NA,NA,NA,1,NA,NA
151,2008-10-28,151,67,101,72,NA,68,3,0,29,28.3,1,NA,NA
151,2009-06-26,151,70,92,75,24,NA,NA,NA,NA,NA,1,NA,NA
152,2008-10-28,152,40,42,41,NA,1,3,0,13.8,14.8,1,"galls",NA
152,2009-06-26,152,39,38,47,6,NA,NA,NA,NA,NA,1,NA,NA
153,2008-10-28,153,67,76,65,NA,36,3,0,26.6,29.5,1,NA,NA
153,2009-06-26,153,57,68,76,20,NA,NA,NA,NA,NA,1,NA,NA
154,2008-10-28,154,25,30,31,NA,3,1,0,18.3,14.4,1,NA,NA
154,2009-06-26,154,24,33,31,5,NA,NA,NA,NA,NA,1,NA,NA
155,2008-10-28,155,54,55,47,NA,27,1,0,47.9,42.5,1,NA,NA
155,2009-06-26,155,50,63,57,17,NA,NA,NA,NA,NA,1,NA,NA
156,2008-10-28,156,18,36,34,NA,2,1,0,16.2,13.8,1,NA,NA
156,2009-06-26,156,21,33,43,4,NA,NA,NA,NA,NA,1,NA,NA
157,2008-10-28,157,30,96,48,NA,11,3,2,31.4,33.5,1,"big gaps in canopy",NA
157,2009-06-26,157,28,91,55,14,NA,NA,NA,NA,NA,1,NA,NA
158,2008-10-28,158,24,28,38,NA,0,1,0,13.4,13.4,1,NA,NA
158,2009-06-26,158,32,26,47,4,NA,NA,NA,NA,NA,1,NA,NA
159,2008-10-28,159,90,120,68,NA,24,4,0,51.1,42.4,1,NA,NA
159,2009-06-26,159,86,117,75,65,NA,NA,NA,NA,NA,1,NA,NA
160,2008-10-28,160,32,55,53,NA,18,1,0,32.5,23.4,1,NA,NA
160,2009-06-26,160,39,50,65,9,NA,NA,NA,NA,NA,1,NA,NA
161,2008-10-28,161,45,70,67,NA,224,3,2,62.5,45.4,1,NA,NA
161,2009-06-26,161,48,69,70,24,NA,NA,NA,NA,NA,1,NA,NA
162,2008-10-28,162,33,38,53,NA,26,1,0,23.4,24.4,1,NA,NA
162,2009-06-26,162,34,38,56,5,NA,NA,NA,NA,NA,1,NA,NA
163,2008-10-28,163,45,71,61,NA,36,3,1,41.6,47.6,1,NA,NA
163,2009-06-26,163,43,79,67,16,NA,NA,NA,NA,NA,1,NA,NA
164,2008-10-29,164,25,34,36,NA,9,1,1,17.2,18.6,1,NA,NA
164,2009-06-16,164,25,30,24,4,NA,NA,NA,NA,NA,1,NA,NA
165,2008-10-29,165,29,56,42,NA,5,2,0,13,14.2,1,NA,NA
165,2009-06-16,165,39,60,55,12,NA,NA,NA,NA,NA,1,NA,NA
166,2008-10-29,166,19,25,30,NA,0,1,0,11,12.1,1,NA,NA
166,2009-06-16,166,24,28,35,2,NA,NA,NA,NA,NA,1,NA,NA
167,2008-10-29,167,26,46,37,NA,12,2,0,18.1,18.3,1,NA,NA
167,2009-06-16,167,32,42,32,6,NA,NA,NA,NA,NA,1,NA,NA
168,2008-10-29,168,8,13,27,NA,0,0,0,6.3,8.5,1,NA,NA
168,2009-06-16,168,9,6,29,1,NA,NA,NA,NA,NA,1,NA,NA
169,2008-10-29,169,35,39,50,NA,42,2,1,15.1,16.6,1,NA,NA
169,2009-06-16,169,39,45,52,7,NA,NA,NA,NA,NA,1,NA,NA
170,2008-10-29,170,18,24,29,NA,1,1,0,18.2,18,1,NA,NA
170,2009-06-16,170,26,28,38,4,NA,NA,NA,NA,NA,1,NA,NA
171,2008-10-29,171,53,55,51,NA,60,4,1,23.1,25.9,1,NA,NA
171,2009-06-16,171,60,68,53,21,NA,NA,NA,NA,NA,1,NA,NA
172,2008-10-29,172,15,15,42,NA,0,1,0,13.2,15.6,1,NA,NA
172,2009-06-16,172,16,18,48,1,NA,NA,NA,NA,NA,1,NA,NA
173,2008-10-29,173,32,40,54,NA,5,1,0,32.1,21.2,1,NA,NA
173,2009-06-16,173,22,45,65,4,NA,NA,NA,NA,NA,1,NA,NA
174,2008-10-29,174,6,9,10,NA,0,0,0,8.2,7.8,1,"black canker and gall",NA
174,2009-06-16,174,5,8,14,1,NA,NA,NA,NA,NA,1,NA,NA
175,2008-10-29,175,64,66,51,NA,75,4,1,26.4,36,1,"orabanche near the plant",NA
175,2009-06-16,175,37,68,56,18,NA,NA,NA,NA,NA,1,NA,NA
176,2008-10-29,176,17,24,34,NA,4,1,0,11.1,14.4,1,NA,NA
176,2009-06-16,176,17,23,45,2,NA,NA,NA,NA,NA,1,NA,NA
177,2008-10-29,177,25,43,52,NA,0,2,1,15,12,1,"galls",NA
177,2009-06-16,177,25,55,28,5,NA,NA,NA,NA,NA,1,NA,NA
178,2008-10-29,178,19,38,49,NA,27,1,1,14.8,15.7,1,"gaps in canopy so pushed canopy together to measure",NA
178,2009-06-16,178,17,33,54,2,NA,NA,NA,NA,NA,1,NA,NA
179,2008-10-29,179,39,47,36,NA,26,4,0,16.2,13.1,1,NA,NA
179,2009-06-16,179,30,57,37,9,NA,NA,NA,NA,NA,1,NA,NA
180,2008-11-16,180,3.3,4.6,4.7,NA,0,0,0,2,NA,1,NA,NA
180,2009-06-16,180,5,6,6,NA,NA,NA,NA,2.5,NA,1,NA,NA
181,2008-11-16,181,2,2.3,4,NA,0,0,0,1,NA,1,NA,NA
181,2009-06-16,181,1,2,4.5,NA,NA,NA,NA,2,NA,1,NA,NA
182,2008-11-16,182,1,2.4,5.5,NA,0,0,0,0.5,NA,1,NA,NA
182,2009-06-16,182,1,2,6,NA,NA,NA,NA,1,NA,1,NA,NA
183,2008-11-16,183,1.2,1.4,2.4,NA,0,0,0,0.7,NA,1,NA,NA
183,2009-06-16,183,1.5,1.5,4,NA,NA,NA,NA,1.4,NA,1,NA,NA
184,2008-11-16,184,0.6,0.4,2.4,NA,0,0,0,0.5,NA,1,"bigger one next to it to the east",NA
184,2009-06-16,184,3.5,5,7,NA,NA,NA,NA,1.5,NA,1,NA,NA
185,2008-11-16,185,1.3,2.1,3,NA,0,0,0,0.5,NA,1,NA,NA
185,2009-06-16,185,2,4,6.5,NA,NA,NA,NA,2,NA,1,NA,NA
186,2008-11-16,186,2,1.4,4.7,NA,0,0,0,1.2,NA,1,NA,NA
186,2009-06-16,186,1.5,2,7.5,NA,NA,NA,NA,2,NA,1,NA,NA
187,2008-11-16,187,1.4,2.8,4.5,NA,0,0,0,0.9,NA,1,NA,NA
187,2009-06-16,187,1,3,6,NA,NA,NA,NA,1.7,NA,1,NA,NA
188,2008-11-16,188,2.3,1.6,5.6,NA,0,0,0,1.3,NA,1,NA,NA
188,2009-06-16,188,2.5,2.5,6.5,NA,NA,NA,NA,2,NA,1,NA,NA
189,2008-11-16,189,1,1.1,1.9,NA,0,0,0,1,NA,1,NA,NA
189,2009-06-16,189,1,1.5,3,NA,NA,NA,NA,1.5,NA,1,NA,NA
190,2009-06-16,190,NA,NA,NA,NA,NA,NA,NA,NA,NA,0,NA,NA
190,2008-11-16,190,2.3,0.3,2.2,NA,0,0,0,0.9,NA,1,"looks bad",NA
191,2008-11-16,191,2.1,2.5,4.8,NA,0,0,0,1.4,NA,1,NA,NA
191,2009-06-16,191,3,3,5.5,NA,NA,NA,NA,1.5,NA,1,NA,NA
192,2008-11-16,192,0.6,1.1,2,NA,0,0,0,1.6,NA,1,NA,NA
192,2009-06-16,192,2,3,6,NA,NA,NA,NA,2.5,NA,1,NA,NA
193,2008-11-16,193,1.3,2.9,5,NA,0,0,0,1.5,NA,1,"has galls",NA
193,2009-06-16,193,2.5,4,8,NA,NA,NA,NA,2.5,NA,1,NA,NA
194,2008-11-16,194,1,3.5,4,NA,0,0,0,1.6,NA,1,NA,NA
194,2009-06-16,194,2.5,4.5,7,NA,NA,NA,NA,2,NA,1,NA,NA
195,2009-06-16,195,NA,NA,NA,NA,NA,NA,NA,NA,NA,0,NA,NA
195,2008-11-16,195,1.6,2.7,3,NA,0,0,0,1.5,NA,1,"looks bad",NA
196,2008-11-16,196,4,12,30,NA,0,0,0,4.5,4.5,1,NA,NA
196,2009-06-24,196,10,18,35,1,NA,NA,NA,NA,NA,1,NA,NA
197,2008-11-16,197,45,43,30,NA,10,1,1,24,28.6,1,NA,NA
197,2009-06-24,197,48,49,49,13,NA,NA,NA,NA,NA,1,NA,NA
198,2008-11-16,198,115,102,47,NA,22,7,0,22,22.1,1,NA,NA
198,2009-06-24,198,98,110,53,39,NA,NA,NA,NA,NA,1,NA,NA
199,2008-11-16,199,44,72,53,NA,14,2,0,27.7,28.6,1,NA,NA
199,2009-06-24,199,45,68,68,18,NA,NA,NA,NA,NA,1,NA,NA
200,2008-11-16,200,25,24,26,NA,2,1,0,13.1,18,1,NA,NA
200,2009-06-24,200,26,28,29,4,NA,NA,NA,NA,NA,1,NA,NA
201,2008-11-16,201,16,24,25,NA,0,1,0,26.4,20.5,1,NA,NA
201,2009-06-24,201,22,23,33,4,NA,NA,NA,NA,NA,1,NA,NA
202,2008-11-16,202,46,48,38,NA,3,1,0,19,25,1,NA,NA
202,2009-06-24,202,52,53,40,9,NA,NA,NA,NA,NA,1,NA,NA
203,2008-11-16,203,64,64,69,NA,36,1,1,38.4,41.8,1,NA,NA
203,2009-06-24,203,53,64,73,18,NA,NA,NA,NA,NA,1,NA,NA
204,2008-11-16,204,11,15,12,NA,0,0,0,11.9,8.4,1,NA,NA
204,2009-06-24,204,9,16,13,1,NA,NA,NA,NA,NA,1,NA,NA
205,2008-11-16,205,17,34,30,NA,3,1,0,16.4,13.6,1,NA,NA
205,2009-06-24,205,19,32,40,3,NA,NA,NA,NA,NA,1,NA,NA
206,2008-11-16,206,35,41,43,NA,1,0,0,8.5,7.9,1,NA,NA
206,2009-06-24,206,40,40,49,8,NA,NA,NA,NA,NA,1,NA,NA
207,2008-11-16,207,56,86,59,NA,5,2,1,35.9,34.9,1,NA,NA
207,2009-06-24,207,55,80,63,17,NA,NA,NA,NA,NA,1,NA,NA
208,2008-11-16,208,19,17,26,NA,5,0,0,7.6,8.5,1,NA,NA
208,2009-06-24,208,18,19,34,2,NA,NA,NA,NA,NA,1,NA,NA
209,2008-11-16,209,30,47,47,NA,14,2,2,24.4,22.4,1,NA,NA
209,2009-06-24,209,34,45,54,8,NA,NA,NA,NA,NA,1,NA,NA
210,2008-11-16,210,34,49,38,NA,21,2,0,10.5,11.4,1,NA,NA
210,2009-06-24,210,40,54,46,7,NA,NA,NA,NA,NA,1,NA,NA
211,2008-11-16,211,108,95,110,NA,107,1,0,51.5,63.1,1,NA,NA
211,2009-06-24,211,80,96,110,33,NA,NA,NA,NA,NA,1,NA,NA
212,2008-11-16,212,21,17,27,NA,1,0,0,9.5,7.6,1,NA,NA
212,2009-06-24,212,20,24,33,2,NA,NA,NA,NA,NA,1,NA,NA
213,2008-11-16,213,17,16,31,NA,0,1,0,33.2,31.7,1,NA,NA
213,2009-06-24,213,20,24,31,3,NA,NA,NA,NA,NA,1,NA,NA
214,2008-11-16,214,30,36,33,NA,15,2,0,13.3,13.6,1,NA,NA
214,2009-06-24,214,34,40,40,8,NA,NA,NA,NA,NA,1,NA,NA
215,2008-11-16,215,39,101,53,NA,51,1,0,50.1,51.5,1,NA,NA
215,2009-06-24,215,53,105,57,28,NA,NA,NA,NA,NA,1,NA,NA
216,2008-11-16,216,21,33,27,NA,5,2,3,16.7,17.8,1,NA,NA
216,2009-06-24,216,26,29,31,5,NA,NA,NA,NA,NA,1,"old senescent",NA
217,2008-11-16,217,33,54,32,NA,1,2,0,27.9,29.2,1,NA,NA
217,2009-06-24,217,42,44,45,10,NA,NA,NA,NA,NA,1,NA,NA
218,2008-11-16,218,60,98,34,NA,9,6,1,24.3,17,1,"lots of underground stems",NA
218,2009-06-24,218,63,87,38,28,NA,NA,NA,NA,NA,1,"big old broken plant ",NA
219,2008-11-16,219,75,92,69,NA,129,1,0,59,61.4,1,NA,NA
219,2009-06-24,219,68,84,73,34,NA,NA,NA,NA,NA,1,NA,NA
220,2008-11-16,220,23,23,22,NA,0,0,0,7.1,5.5,1,NA,NA
220,2009-06-24,220,21,28,27,4,NA,NA,NA,NA,NA,1,NA,NA
221,2008-11-16,221,11,22,19,NA,4,1,0,11.4,14.2,1,NA,NA
221,2009-06-24,221,12,17,35,1,NA,NA,NA,NA,NA,1,NA,NA
222,2008-11-16,222,54,67,48,NA,5,3,0,23.6,26.7,1,NA,NA
222,2009-06-24,222,56,75,49,13,NA,NA,NA,NA,NA,1,NA,NA
223,2008-11-16,223,68,74,52,NA,48,1,0,33.8,39.2,1,NA,NA
223,2009-06-24,223,64,70,62,17,NA,NA,NA,NA,NA,1,NA,NA
224,2008-11-16,224,9,19,27,NA,0,0,0,9.4,9.6,1,NA,NA
224,2009-06-24,224,11,28,25,2,NA,NA,NA,NA,NA,1,NA,NA
225,2008-11-16,225,12,20,22,NA,1,1,1,21.5,14.9,1,NA,NA
225,2009-06-24,225,10,20,34,2,NA,NA,NA,NA,NA,1,"accidentally sprayed branch when treating 224",NA
226,2008-11-16,226,54,74,42,NA,3,3,1,29.4,32.6,1,NA,NA
226,2009-06-24,226,50,83,41,21,NA,NA,NA,NA,NA,1,NA,NA
227,2008-11-16,227,48,57,50,NA,7,1,0,39.3,37.9,1,NA,NA
227,2009-06-24,227,46,70,50,15,NA,NA,NA,NA,NA,1,NA,NA
228,2008-11-17,228,2.8,4.4,9.1,NA,0,0,0,2.7,NA,1,NA,NA
228,2009-06-23,228,8,6,13,1,NA,NA,NA,3,NA,1,NA,NA
229,2008-11-17,229,0.5,1.5,3.5,NA,0,0,0,1.3,NA,1,NA,NA
229,2009-06-23,229,2,3,5,NA,NA,NA,NA,1.4,NA,1,NA,NA
230,2008-11-17,230,1.6,1.9,5.8,NA,0,0,0,1.4,NA,1,NA,NA
230,2009-06-23,230,4,2,6.5,NA,NA,NA,NA,1.7,NA,1,NA,NA
231,2008-11-17,231,2.6,4.3,8,NA,0,0,0,1.6,NA,1,NA,NA
231,2009-06-23,231,4,5.5,9,NA,NA,NA,NA,1.8,NA,1,NA,NA
232,2009-06-23,232,NA,NA,NA,NA,NA,NA,NA,NA,NA,0,NA,NA
232,2008-11-17,232,0.6,1.1,2.8,NA,0,0,0,1.3,NA,1,NA,NA
233,2008-11-17,233,1.8,2.3,5.6,NA,0,0,0,1.8,NA,1,NA,NA
233,2009-06-23,233,2,4,7,NA,NA,NA,NA,1.7,NA,1,NA,NA
234,2008-11-17,234,1,2.2,2.5,NA,0,0,0,0.4,NA,1,NA,NA
234,2009-06-23,234,2,2.5,6,NA,NA,NA,NA,1.1,NA,1,NA,NA
235,2009-06-23,235,NA,NA,NA,NA,NA,NA,NA,NA,NA,0,NA,NA
235,2008-11-17,235,1.6,2.3,5.5,NA,0,0,0,2.6,NA,1,NA,NA
236,2008-11-17,236,1.6,1.8,4.8,NA,0,0,0,1.3,NA,1,NA,NA
236,2009-06-23,236,2,3,6,NA,NA,NA,NA,1.8,NA,1,NA,NA
237,2009-06-23,237,NA,NA,NA,NA,NA,NA,NA,NA,NA,0,NA,NA
237,2008-11-17,237,1.4,1.8,5.5,NA,0,0,0,1.9,NA,1,NA,NA
238,2008-11-17,238,1.9,3,8.5,NA,0,0,0,2.4,NA,1,NA,NA
238,2009-06-23,238,2,3,7.5,NA,NA,NA,NA,2.4,NA,1,NA,NA
239,2008-11-17,239,1.3,2.6,4.3,NA,0,0,0,1.6,NA,1,NA,NA
239,2009-06-23,239,2,2.5,4,NA,NA,NA,NA,1.8,NA,1,NA,NA
240,2008-11-17,240,1.1,2.5,3.5,NA,0,0,0,1.4,NA,1,NA,NA
240,2009-06-23,240,2.5,3,5,NA,NA,NA,NA,1.7,NA,1,NA,NA
241,2008-11-17,241,0.8,1.2,2.1,NA,0,0,0,1.2,NA,1,NA,NA
241,2009-06-23,241,1.5,2,3.5,NA,NA,NA,NA,1.1,NA,1,NA,NA
242,2009-06-23,242,NA,NA,NA,NA,NA,NA,NA,NA,NA,0,NA,NA
242,2008-11-17,242,1.6,2,4.5,NA,0,0,0,1.5,NA,1,NA,NA
243,2008-11-17,243,1.2,1.2,4,NA,0,0,0,1.3,NA,1,NA,NA
243,2009-06-23,243,2,2,5,NA,NA,NA,NA,1.4,NA,1,NA,NA
244,2008-11-17,244,0.6,1,1.8,NA,0,0,0,0.9,NA,1,NA,NA
244,2009-06-23,244,1.5,1.5,3,NA,NA,NA,NA,0.9,NA,1,NA,NA
245,2008-11-17,245,0.3,0.6,0.8,NA,0,0,0,0.3,NA,1,"very small one to the west of the selected one",NA
245,2009-06-23,245,0.5,1,1,NA,NA,NA,NA,1,NA,1,NA,NA
246,2008-11-17,246,2.6,3.3,6.8,NA,0,0,0,2.7,NA,1,NA,NA
246,2009-06-23,246,4,4,8.5,NA,NA,NA,NA,3,NA,1,NA,NA
247,2008-11-17,247,1.2,1.3,3.8,NA,0,0,0,0.7,NA,1,NA,NA
247,2009-06-23,247,2,2.5,4.5,NA,NA,NA,NA,1.1,NA,1,NA,NA
248,2008-11-17,248,0.9,1.5,2.9,NA,0,0,0,0.7,NA,1,NA,NA
248,2009-06-23,248,1,1,3.5,NA,NA,NA,NA,0.9,NA,1,NA,NA
249,2008-11-17,249,1.3,1.7,5.2,NA,0,0,0,1.2,NA,1,NA,NA
249,2009-06-24,249,2.5,1,5.5,NA,NA,NA,NA,1,NA,1,NA,NA
250,2008-11-17,250,2.3,3,6.8,NA,0,0,0,1.7,NA,1,NA,NA
250,2009-06-24,250,3,4,9.5,NA,NA,NA,NA,2.4,NA,1,NA,NA
251,2008-11-17,251,1.1,1.4,1.7,NA,0,0,0,1,NA,1,NA,NA
251,2009-06-24,251,1,2,2,NA,NA,NA,NA,0.5,NA,1,NA,NA
252,2008-11-17,252,1.2,1.6,7.2,NA,0,0,0,1.4,NA,1,NA,NA
252,2009-06-24,252,2,2,7.5,NA,NA,NA,NA,1.4,NA,1,NA,NA
253,2008-11-17,253,1.8,2.3,5,NA,0,0,0,1.9,NA,1,NA,NA
253,2009-06-24,253,2,2.5,6,NA,NA,NA,NA,1.7,NA,1,NA,NA
254,2008-11-17,254,1.6,2.2,5,NA,0,0,0,1.4,NA,1,NA,NA
254,2009-06-24,254,2.5,2.5,5.5,NA,NA,NA,NA,1.4,NA,1,NA,NA
255,2008-11-17,255,2.1,2.4,5.5,NA,0,0,0,2.1,NA,1,"off H1 ",NA
255,2009-06-24,255,2,3.5,7,NA,NA,NA,NA,1.8,NA,1,"on other transect",NA
256,2008-11-17,256,2.6,4.3,3.9,NA,0,0,0,1.8,NA,1,NA,NA
256,2009-06-24,256,2.5,4,6,NA,NA,NA,NA,1.8,NA,1,NA,NA
257,2009-06-24,257,NA,NA,NA,NA,NA,NA,NA,NA,NA,0,NA,NA
257,2008-11-17,257,0.9,1.1,2.4,NA,0,0,0,0.3,NA,1,"looks bad ",NA
258,2008-11-17,258,2.3,3.5,5.7,NA,0,0,0,2,NA,1,NA,NA
258,2009-06-24,258,3.5,4,8.5,NA,NA,NA,NA,1.9,NA,1,NA,NA
259,2008-11-17,259,1.3,2.5,3.7,NA,0,0,0,1.3,NA,1,NA,NA
259,2009-06-24,259,3,1.5,4.5,NA,NA,NA,NA,1.3,NA,1,NA,NA
260,2009-05-05,260,1.4,1.8,5,NA,NA,NA,NA,1.1,NA,1,NA,NA
260,2009-06-27,260,2,2.5,4.5,NA,NA,NA,NA,NA,NA,1,NA,NA
261,2009-05-05,261,1.8,2.5,5,NA,NA,NA,NA,1.4,NA,1,NA,NA
261,2009-06-27,261,2.5,2.5,4,NA,NA,NA,NA,NA,NA,1,NA,NA
262,2009-05-05,262,2,2,6,NA,NA,NA,NA,1.7,NA,1,NA,NA
262,2009-06-27,262,4,3.5,6.5,NA,NA,NA,NA,NA,NA,1,NA,NA
263,2009-05-05,263,1.5,2,5,NA,NA,NA,NA,2,NA,1,NA,NA
263,2009-06-27,263,2,3,5.5,NA,NA,NA,NA,NA,NA,1,NA,NA
264,2009-05-05,264,0.5,0.7,3,NA,NA,NA,NA,0.9,NA,1,NA,NA
264,2009-06-27,264,0.5,1,2,NA,NA,NA,NA,NA,NA,1,NA,NA
265,2009-05-05,265,1,2.5,5,NA,NA,NA,NA,2,NA,1,NA,NA
265,2009-06-27,265,2.5,1.5,5,NA,NA,NA,NA,NA,NA,1,NA,NA
266,2009-05-05,266,2,2,4,NA,NA,NA,NA,1.9,NA,1,NA,NA
266,2009-06-27,266,2.5,3,4.5,NA,NA,NA,NA,NA,NA,1,NA,NA
267,2009-05-05,267,1.5,2.5,5.5,NA,NA,NA,NA,2,NA,1,NA,NA
267,2009-06-27,267,3,3,6.5,NA,NA,NA,NA,NA,NA,1,NA,NA
268,2009-05-05,268,0.5,1,2.5,NA,NA,NA,NA,0.3,NA,1,NA,NA
268,2009-06-27,268,0.5,0.5,2.5,NA,NA,NA,NA,NA,NA,1,NA,NA
269,2009-05-05,269,1.5,3,5,NA,NA,NA,NA,1.3,NA,1,NA,NA
269,2009-06-27,269,2,3,5,NA,NA,NA,NA,NA,NA,1,NA,NA
270,2009-05-05,270,0.5,0.5,2,NA,NA,NA,NA,0.4,NA,1,NA,NA
270,2009-06-27,270,0.5,0.5,2.5,NA,NA,NA,NA,NA,NA,1,NA,NA
271,2009-05-05,271,0.5,1.5,2.5,NA,NA,NA,NA,0.9,NA,1,NA,NA
271,2009-06-27,271,0.5,1,3,NA,NA,NA,NA,NA,NA,1,NA,NA
272,2009-05-05,272,0.5,0.5,3,NA,NA,NA,NA,1,NA,1,NA,NA
272,2009-06-27,272,0.5,0.5,3,NA,NA,NA,NA,NA,NA,1,NA,NA
273,2009-05-05,273,0.5,0.5,3,NA,NA,NA,NA,0.4,NA,1,NA,NA
273,2009-06-27,273,1,1.5,3,NA,NA,NA,NA,NA,NA,1,NA,NA
274,2009-05-05,274,0.5,0.5,3,NA,NA,NA,NA,0.7,NA,1,NA,NA
274,2009-06-27,274,1,0.5,3,NA,NA,NA,NA,NA,NA,1,NA,NA
275,2009-05-05,275,0.5,0.5,3,NA,NA,NA,NA,0.5,NA,1,NA,NA
275,2009-06-27,275,1,1,3,NA,NA,NA,NA,NA,NA,1,NA,NA
276,2009-05-05,276,0.5,0.5,2,NA,NA,NA,NA,0.4,NA,1,NA,NA
276,2009-06-27,276,0.5,1,2,NA,NA,NA,NA,NA,NA,1,NA,NA
277,2009-05-05,277,1,1,3.5,NA,NA,NA,NA,0.5,NA,1,NA,NA
277,2009-06-27,277,1,1,2.5,NA,NA,NA,NA,NA,NA,1,NA,NA
278,2009-05-05,278,2,2,7,NA,NA,NA,NA,1.5,NA,1,NA,NA
278,2009-06-27,278,2,2.5,6.5,NA,NA,NA,NA,NA,NA,1,NA,NA
279,2009-05-05,279,1.5,2,6.5,NA,NA,NA,NA,1.2,NA,1,NA,NA
279,2009-06-27,279,2,3,6.5,NA,NA,NA,NA,NA,NA,1,NA,NA
280,2009-05-05,280,1,1,2,NA,NA,NA,NA,0.7,NA,1,NA,NA
280,2009-06-27,280,1.5,1,3,NA,NA,NA,NA,NA,NA,1,NA,NA
281,2009-05-05,281,1.5,2,8,NA,NA,NA,NA,0.9,NA,1,NA,NA
281,2009-06-27,281,1.5,3,7.5,NA,NA,NA,NA,NA,NA,1,NA,NA
282,2009-05-06,282,2,2.5,5,NA,NA,NA,NA,1,NA,1,NA,NA
282,2009-06-15,282,1.5,3,3.5,NA,NA,NA,NA,NA,NA,1,NA,NA
283,2009-05-06,283,1.5,2.5,2.5,NA,NA,NA,NA,1,NA,1,NA,NA
283,2009-06-15,283,2,2.5,2.5,NA,NA,NA,NA,NA,NA,1,NA,NA
284,2009-05-06,284,1,1.5,2,NA,NA,NA,NA,0.8,NA,1,NA,NA
284,2009-06-15,284,1,1,2.5,NA,NA,NA,NA,NA,NA,1,NA,NA
285,2009-05-06,285,2,2,4,NA,NA,NA,NA,1.3,NA,1,NA,NA
285,2009-06-15,285,3,2.5,5,NA,NA,NA,NA,NA,NA,1,NA,NA
286,2009-05-06,286,2,4,4,NA,NA,NA,NA,1.4,NA,1,NA,NA
286,2009-06-15,286,2.5,3.5,6,NA,NA,NA,NA,NA,NA,1,NA,NA
287,2009-05-06,287,2.5,3.5,4,NA,NA,NA,NA,1.3,NA,1,NA,NA
287,2009-06-15,287,2.5,3,4,NA,NA,NA,NA,NA,NA,1,NA,NA
288,2009-05-06,288,1.5,2,6,NA,NA,NA,NA,1.2,NA,1,NA,NA
288,2009-06-15,288,1.5,2.5,6.5,NA,NA,NA,NA,NA,NA,1,NA,NA
289,2009-05-06,289,1,2,3.5,NA,NA,NA,NA,1.3,NA,1,NA,NA
289,2009-06-15,289,1.5,2.5,4,NA,NA,NA,NA,NA,NA,1,NA,NA
290,2009-05-06,290,2,2.5,5,NA,NA,NA,NA,1.1,NA,1,NA,NA
290,2009-06-15,290,NA,NA,NA,NA,NA,NA,NA,NA,NA,0,NA,NA
291,2009-05-06,291,2,3,3,NA,NA,NA,NA,1.3,NA,1,NA,NA
291,2009-06-15,291,3,3,4,NA,NA,NA,NA,NA,NA,1,NA,NA
292,2009-05-06,292,1,1,3,NA,NA,NA,NA,0.2,NA,1,NA,NA
292,2009-06-15,292,1,1.5,4,NA,NA,NA,NA,NA,NA,1,NA,NA
293,2009-05-06,293,4.5,5.5,6,NA,NA,NA,NA,2.9,NA,1,NA,NA
293,2009-06-15,293,5,6.5,6,NA,NA,NA,NA,NA,NA,1,NA,NA
294,2009-05-06,294,2.5,2.5,2,NA,NA,NA,NA,0.7,NA,1,NA,NA
294,2009-06-15,294,2.5,2.5,2,NA,NA,NA,NA,NA,NA,1,NA,NA
295,2009-05-06,295,3.5,3.5,6.5,NA,NA,NA,NA,2.9,NA,1,NA,NA
295,2009-06-15,295,4,5,8,NA,NA,NA,NA,NA,NA,1,NA,NA
296,2009-05-06,296,1,1,4,NA,NA,NA,NA,1,NA,1,NA,NA
296,2009-06-15,296,1,1,4,NA,NA,NA,NA,NA,NA,1,NA,NA
297,2009-05-06,297,2.5,3,7,NA,NA,NA,NA,1.5,NA,1,NA,NA
297,2009-06-15,297,3,3,7.5,NA,NA,NA,NA,NA,NA,1,NA,NA
298,2009-05-06,298,1.5,2,4.5,NA,NA,NA,NA,0.7,NA,1,NA,NA
298,2009-06-15,298,2,2.5,5,NA,NA,NA,NA,NA,NA,1,NA,NA
299,2009-05-06,299,1.5,2,4,NA,NA,NA,NA,1.1,NA,1,NA,NA
299,2009-06-15,299,2,2,4.5,NA,NA,NA,NA,NA,NA,1,NA,NA
300,2009-05-06,300,1.5,1.5,7,NA,NA,NA,NA,1.4,NA,1,NA,NA
300,2009-06-15,300,1.5,3,6.5,NA,NA,NA,NA,NA,NA,1,NA,NA
301,2009-05-06,301,2.5,3,5,NA,NA,NA,NA,1.8,NA,1,NA,NA
301,2009-06-15,301,2.5,3.5,5.5,NA,NA,NA,NA,NA,NA,1,NA,NA
302,2009-05-06,302,2,2,5.5,NA,NA,NA,NA,1.5,NA,1,NA,NA
302,2009-06-15,302,2,2.5,6,NA,NA,NA,NA,NA,NA,1,NA,NA
303,2009-05-06,303,3,3.5,5,NA,NA,NA,NA,1.7,NA,1,NA,NA
303,2009-06-15,303,3.5,3.5,7.5,NA,NA,NA,NA,NA,NA,1,NA,NA
304,2009-05-06,304,28,35,23,NA,NA,0,0,5.5,5.5,1,NA,NA
304,2009-06-15,304,27,12,26,2,NA,NA,NA,NA,NA,1,NA,NA
305,2009-05-06,305,98,105,56,NA,NA,9,0,21.6,25.9,1,NA,NA
305,2009-06-15,305,95,105,56,47,NA,NA,NA,NA,NA,1,NA,NA
306,2009-05-06,306,15,16,21,NA,NA,0,0,5.8,5.2,1,NA,NA
306,2009-06-15,306,16,16,22,1,NA,NA,NA,NA,NA,1,NA,NA
307,2009-05-06,307,33,45,27,NA,NA,1,0,16.8,13,1,NA,NA
307,2009-06-15,307,37,45,31,9,NA,NA,NA,NA,NA,1,NA,NA
308,2009-05-06,308,6,6.5,12,NA,NA,0,0,2.4,2.6,1,NA,NA
308,2009-06-15,308,7,9,14,1,NA,NA,NA,NA,NA,1,NA,NA
309,2009-05-06,309,57,67,35,NA,NA,3,0,10.1,8.2,1,NA,NA
309,2009-06-15,309,53,60,34,15,NA,NA,NA,NA,NA,1,NA,NA
310,2009-05-06,310,23,33,25,NA,NA,1,2,18.1,16.9,1,NA,NA
310,2009-06-15,310,33,22,27,4,NA,NA,NA,NA,NA,1,NA,NA
311,2009-05-06,311,33,53,42,NA,NA,2,4,20,19.8,1,NA,NA
311,2009-06-15,311,21,58,45,6,NA,NA,NA,NA,NA,1,NA,NA
312,2009-05-06,312,23,26,27,NA,NA,0,0,7.3,7.5,1,NA,NA
312,2009-06-15,312,19,25,30,3,NA,NA,NA,NA,NA,1,NA,NA
313,2009-05-06,313,55,63,48,NA,NA,5,3,19.5,19.2,1,NA,NA
313,2009-06-15,313,50,60,51,9,NA,NA,NA,NA,NA,1,NA,NA
314,2009-05-06,314,14,30,35,NA,NA,1,0,15.1,24.6,1,NA,NA
314,2009-06-15,314,30,16,36,2,NA,NA,NA,NA,NA,1,NA,NA
315,2009-05-06,315,48,48,24,NA,NA,0,0,7.5,7,1,NA,NA
315,2009-06-15,315,43,53,30,12,NA,NA,NA,NA,NA,1,NA,NA
316,2009-05-06,316,17,20,20,NA,NA,1,1,16.4,22.6,1,NA,NA
316,2009-06-15,316,28,18,20,2,NA,NA,NA,NA,NA,1,NA,NA
317,2009-05-06,317,55,95,43,NA,NA,5,1,57.6,42,1,NA,NA
317,2009-06-15,317,65,104,53,25,NA,NA,NA,NA,NA,1,NA,NA
318,2009-05-06,318,21,27,23,NA,NA,0,0,6,6,1,NA,NA
318,2009-06-15,318,20,34,29,3,NA,NA,NA,NA,NA,1,NA,NA
319,2009-05-06,319,79,105,48,NA,NA,7,0,29.2,26.2,1,NA,NA
319,2009-06-15,319,85,103,53,42,NA,NA,NA,NA,NA,1,NA,NA
320,2009-05-07,320,32,32,72,NA,NA,1,0,26.7,25.2,1,NA,NA
320,2009-07-05,320,31,35,85,7,NA,NA,NA,NA,NA,1,NA,NA
321,2009-05-07,321,80,100,79,NA,NA,1,0,44.6,65.7,1,NA,NA
321,2009-07-05,321,82,92,89,35,NA,NA,NA,NA,NA,1,NA,NA
322,2009-05-07,322,20,55,63,NA,NA,1,0,31.4,46.6,1,NA,NA
322,2009-07-05,322,19,52,70,6,NA,NA,NA,NA,NA,1,NA,NA
323,2009-05-07,323,60,67,71,NA,NA,1,1,37.9,48.8,1,NA,NA
323,2009-07-05,323,55,67,83,22,NA,NA,NA,NA,NA,1,NA,NA
324,2009-05-07,324,10,31,34,NA,NA,1,1,28.1,19.2,1,"Half-dead",NA
324,2009-07-05,324,10,19,35,1,NA,NA,NA,NA,NA,1,NA,NA
325,2009-05-07,325,63,89,46,NA,NA,3,0,30.5,21.4,1,NA,NA
325,2009-07-05,325,58,87,53,19,NA,NA,NA,NA,NA,1,NA,NA
326,2009-05-07,326,13,17,40,NA,NA,1,0,19,19.2,1,NA,NA
326,2009-07-05,326,16,17,41,2,NA,NA,NA,NA,NA,1,NA,NA
327,2009-05-07,327,87,89,69,NA,NA,4,0,34.3,42.5,1,NA,NA
327,2009-07-05,327,65,90,81,20,NA,NA,NA,NA,NA,1,NA,NA
328,2009-05-07,328,15,37,32,NA,NA,2,0,10.9,11.4,1,NA,NA
328,2009-07-05,328,17,36,33,3,NA,NA,NA,NA,NA,1,NA,NA
329,2009-05-07,329,51,55,60,NA,NA,1,2,38.1,42.5,1,NA,NA
329,2009-07-05,329,50,53,65,13,NA,NA,NA,NA,NA,1,NA,NA
330,2009-05-07,330,11,11,24,NA,NA,0,0,6.6,8,1,NA,NA
330,2009-07-05,330,11,13,23,1,NA,NA,NA,NA,NA,1,NA,NA
331,2009-05-07,331,55,82,31,NA,NA,2,1,34.7,34.7,1,NA,NA
331,2009-07-05,331,61,84,58,23,NA,NA,NA,NA,NA,1,NA,NA
332,2009-05-07,332,5,6,12.5,NA,NA,0,0,3.5,3.3,1,NA,NA
332,2009-07-05,332,6,9,15,1,NA,NA,NA,NA,NA,1,NA,NA
333,2009-05-07,333,87,57,85,NA,NA,1,2,45.1,55.5,1,NA,NA
333,2009-07-05,333,58,95,93,27,NA,NA,NA,NA,NA,1,NA,NA
334,2009-05-07,334,17,23,27,NA,NA,1,0,30.7,16.1,1,NA,NA
334,2009-07-05,334,22,23,27,3,NA,NA,NA,NA,NA,1,NA,NA
335,2009-05-07,335,42,69,32,NA,NA,1,0,31.5,45.5,1,"old and short",NA
335,2009-07-05,335,50,70,45,11,NA,NA,NA,NA,NA,1,NA,NA
336,2009-05-07,336,1,1,3,NA,NA,NA,NA,1.2,NA,1,NA,NA
336,2009-06-20,336,1,1.5,4.5,NA,NA,NA,NA,1.1,NA,1,NA,NA
337,2009-05-07,337,2,2.5,4,NA,NA,NA,NA,1.4,NA,1,"ATP seedling right next to it ",NA
337,2009-06-20,337,3.5,2.5,5,NA,NA,NA,NA,1.4,NA,1,NA,NA
338,2009-05-07,338,4,4.5,5,NA,NA,NA,NA,2,NA,1,"a few short branches",NA
338,2009-06-20,338,5,5.5,6.5,NA,NA,NA,NA,2.3,NA,1,NA,NA
339,2009-05-07,339,1,1,8.5,NA,NA,NA,NA,3,NA,1,NA,NA
339,2009-06-20,339,1.5,1.5,9,NA,NA,NA,NA,1.7,NA,1,NA,NA
340,2009-05-07,340,2.5,2.5,2,NA,NA,NA,NA,2.1,NA,1,NA,NA
340,2009-06-20,340,3,3,3,NA,NA,NA,NA,1.9,NA,1,NA,NA
341,2009-05-07,341,3,4,9,NA,NA,NA,NA,3.6,NA,1,NA,NA
341,2009-06-20,341,4,4.5,9,NA,NA,NA,NA,4,NA,1,NA,NA
342,2009-05-07,342,2.5,3,6,NA,NA,NA,NA,2.6,NA,1,NA,NA
342,2009-06-20,342,3,4.5,8,NA,NA,NA,NA,1.6,NA,1,NA,NA
343,2009-05-07,343,3,3.5,8,NA,NA,NA,NA,2.9,NA,1,NA,NA
343,2009-06-20,343,3.5,4,10,NA,NA,NA,NA,2.8,NA,1,NA,NA
344,2009-05-07,344,3,5,10,NA,NA,NA,NA,3.1,NA,1,NA,NA
344,2009-06-20,344,3,5,11,NA,NA,NA,NA,2.7,NA,1,NA,NA
345,2009-05-07,345,1.5,2,4,NA,NA,NA,NA,1.3,NA,1,NA,NA
345,2009-06-20,345,2,2.5,4,NA,NA,NA,NA,1.7,NA,1,NA,NA
346,2009-05-07,346,3,3.5,6.5,NA,NA,NA,NA,2.3,NA,1,NA,NA
346,2009-06-20,346,4.5,5,9,NA,NA,NA,NA,2.8,NA,1,NA,NA
347,2009-05-07,347,3.5,4,9.5,NA,NA,NA,NA,2.6,NA,1,NA,NA
347,2009-06-20,347,5,5.5,12,NA,NA,NA,NA,3.3,NA,1,NA,NA
348,2009-05-07,348,2,2,3.5,NA,NA,NA,NA,1.2,NA,1,NA,NA
348,2009-06-20,348,2,2,4,NA,NA,NA,NA,1.1,NA,1,NA,NA
349,2009-05-07,349,2.5,3.5,5,NA,NA,NA,NA,1.4,NA,1,NA,NA
349,2009-06-20,349,2.5,3.5,6,NA,NA,NA,NA,1.4,NA,1,NA,NA
350,2009-05-07,350,1.5,2,3.5,NA,NA,NA,NA,0.9,NA,1,NA,NA
350,2009-06-20,350,1,1.5,3.5,NA,NA,NA,NA,1.7,NA,1,NA,NA
351,2009-05-07,351,1,1.5,7.5,NA,NA,NA,NA,1.2,NA,1,NA,NA
351,2009-06-20,351,2,1,7.5,NA,NA,NA,NA,1.1,NA,1,NA,NA
352,2009-05-07,352,1.5,1.5,5.5,NA,NA,NA,NA,2.1,NA,1,NA,NA
352,2009-06-20,352,2,2,6,NA,NA,NA,NA,2.1,NA,1,NA,NA
353,2009-05-07,353,0.5,0.5,2,NA,NA,NA,NA,0.9,NA,1,NA,NA
353,2009-06-20,353,0.5,0.5,2,NA,NA,NA,NA,1.1,NA,1,NA,NA
354,2009-05-07,354,4,4.5,8,NA,NA,NA,NA,2.3,NA,1,NA,NA
354,2009-06-20,354,3,5,8.5,NA,NA,NA,NA,2.5,NA,1,NA,NA
355,2009-05-07,355,2,2,5,NA,NA,NA,NA,1.5,NA,1,NA,NA
355,2009-06-20,355,3,3.5,6,NA,NA,NA,NA,1.5,NA,1,NA,NA
356,2009-05-07,356,1.5,2.5,5,NA,NA,NA,NA,1.6,NA,1,NA,NA
356,2009-06-20,356,2,3,5,NA,NA,NA,NA,1.3,NA,1,NA,NA
357,2009-05-07,357,1.5,2,2.5,NA,NA,NA,NA,1.2,NA,1,"next to cactus",NA
357,2009-06-20,357,1,2,3,NA,NA,NA,NA,1.3,NA,1,NA,NA
358,2009-05-07,358,2,4,5,NA,NA,NA,NA,1.8,NA,1,NA,NA
358,2009-06-20,358,2,4.5,7.5,NA,NA,NA,NA,1.6,NA,1,NA,NA
359,2009-05-07,359,1.5,2,4,NA,NA,NA,NA,1.1,NA,1,NA,NA
359,2009-06-20,359,3,2.5,4.5,NA,NA,NA,NA,1.5,NA,1,NA,NA
360,2009-05-07,360,2,3.5,4,NA,NA,NA,NA,1.6,NA,1,NA,NA
360,2009-06-20,360,3,4.5,6,NA,NA,NA,NA,1.6,NA,1,NA,NA
361,2009-05-07,361,1,1,4,NA,NA,NA,NA,0.9,NA,1,NA,NA
361,2009-06-20,361,1.5,2.5,5,NA,NA,NA,NA,1.1,NA,1,NA,NA
362,2009-05-07,362,1.5,1.5,3.5,NA,NA,NA,NA,1.3,NA,1,NA,NA
362,2009-06-20,362,1.5,1.5,3.5,NA,NA,NA,NA,1,NA,1,NA,NA
363,2009-05-07,363,1.5,2,5.5,NA,NA,NA,NA,1.4,NA,1,NA,NA
363,2009-06-20,363,2,2,6.5,NA,NA,NA,NA,1.3,NA,1,NA,NA
364,2009-05-07,364,1,1.5,3,NA,NA,NA,NA,0.6,NA,1,NA,NA
364,2009-06-20,364,1,2,3,NA,NA,NA,NA,0.6,NA,1,NA,NA
365,2009-05-07,365,1.5,2,2.5,NA,NA,NA,NA,1.7,NA,1,"many small ones within 1 m ",NA
365,2009-06-20,365,2,1.5,2.5,NA,NA,NA,NA,1.7,NA,1,NA,NA
366,2009-05-07,366,2,2.5,6,NA,NA,NA,NA,1.8,NA,1,NA,NA
366,2009-06-20,366,2.5,3,7,NA,NA,NA,NA,1.4,NA,1,NA,NA
367,2009-05-07,367,1.5,1.5,2,NA,NA,NA,NA,0.8,NA,1,NA,NA
367,2009-06-21,367,1,2,2,NA,NA,NA,NA,0.5,NA,1,NA,NA
368,2009-05-08,368,40,55,53,NA,NA,1,1,31.8,33.4,1,NA,NA
368,2009-06-21,368,50,55,62,13,NA,NA,NA,NA,NA,1,NA,NA
369,2009-05-08,369,53,69,56,NA,NA,1,0,38.8,33.5,1,NA,NA
369,2009-06-21,369,58,59,66,21,NA,NA,NA,NA,NA,1,NA,NA
370,2009-05-08,370,22,33,29,NA,NA,1,0,14.3,15.2,1,NA,NA
370,2009-06-21,370,28,32,35,5,NA,NA,NA,NA,NA,1,NA,NA
371,2009-05-08,371,82,100,55,NA,NA,11,2,22.2,23.2,1,"big one ",NA
371,2009-06-21,371,91,104,55,43,NA,NA,NA,NA,NA,1,NA,NA
372,2009-05-08,372,17,31,24,NA,NA,1,0,10,9.8,1,NA,NA
372,2009-06-21,372,16,36,28,4,NA,NA,NA,NA,NA,1,NA,NA
373,2009-05-08,373,95,110,62,NA,NA,4,0,39.2,37.4,1,NA,NA
373,2009-06-21,373,92,100,63,38,NA,NA,NA,NA,NA,1,NA,NA
374,2009-05-08,374,5,7,13,NA,NA,0,0,2.7,2.7,1,NA,NA
374,2009-06-21,374,6,7,14,1,NA,NA,NA,NA,NA,1,NA,NA
375,2009-05-08,375,75,105,50,NA,NA,4,0,34.6,53,1,NA,NA
375,2009-06-21,375,82,104,49,49,NA,NA,NA,NA,NA,1,NA,NA
376,2009-05-08,376,30,38,40,NA,NA,1,0,22.1,19.5,1,NA,NA
376,2009-06-21,376,33,40,45,9,NA,NA,NA,NA,NA,1,NA,NA
377,2009-05-08,377,117,150,71,NA,NA,8,0,38.1,36.4,1,NA,NA
377,2009-06-21,377,115,150,76,101,NA,NA,NA,NA,NA,1,NA,NA
378,2009-05-08,378,10,14,15,NA,NA,0,0,17,17.2,1,NA,NA
378,2009-06-21,378,13,18,16,1,NA,NA,NA,NA,NA,1,NA,NA
379,2009-05-08,379,30,34,35,NA,NA,1,0,11.4,12.3,1,NA,NA
379,2009-06-21,379,31,38,35,7,NA,NA,NA,NA,NA,1,NA,NA
380,2009-05-08,380,22,30,28,NA,NA,1,1,20.1,20.4,1,NA,NA
380,2009-06-21,380,27,29,33,3,NA,NA,NA,NA,NA,1,NA,NA
381,2009-05-08,381,50,57,48,NA,NA,2,0,34.1,27.1,1,"looks bad",NA
381,2009-06-21,381,53,54,50,13,NA,NA,NA,NA,NA,1,NA,NA
382,2009-05-08,382,16,27,27,NA,NA,1,0,10.6,10.4,1,NA,NA
382,2009-06-21,382,14,31,34,3,NA,NA,NA,NA,NA,1,NA,NA
383,2009-05-08,383,31,48,26,NA,NA,3,0,22.5,17.2,1,NA,NA
383,2009-06-21,383,37,50,28,7,NA,NA,NA,NA,NA,1,NA,NA
384,2009-05-08,384,27,45,34,NA,NA,2,0,14.8,14,1,NA,NA
384,2009-06-22,384,28,46,43,7,NA,NA,NA,NA,NA,1,NA,NA
385,2009-05-08,385,48,58,51,NA,NA,1,0,30.2,31.4,1,NA,NA
385,2009-06-22,385,55,58,54,22,NA,NA,NA,NA,NA,1,NA,NA
386,2009-05-08,386,9,12,15,NA,NA,1,0,14.6,15.5,1,NA,NA
386,2009-06-22,386,9,9,20,1,NA,NA,NA,NA,NA,1,NA,NA
387,2009-05-08,387,95,115,64,NA,NA,10,1,38.6,26.2,1,"big one ",NA
387,2009-06-22,387,101,120,66,70,NA,NA,NA,NA,NA,1,NA,NA
388,2009-05-08,388,13,17,28,NA,NA,2,0,12.7,13,1,NA,NA
388,2009-06-22,388,22,26,45,4,NA,NA,NA,NA,NA,1,NA,NA
389,2009-05-08,389,68,82,67,NA,NA,1,1,44.1,52.3,1,"crushed a bit",NA
389,2009-06-22,389,71,62,73,27,NA,NA,NA,NA,NA,1,"Broken branch ",NA
390,2009-05-08,390,10,14,26,NA,NA,0,0,6.8,6.3,1,"hidden under ATV",NA
390,2009-06-22,390,5,5,34,1,NA,NA,NA,NA,NA,1,NA,NA
391,2009-05-08,391,57,64,56,NA,NA,1,1,33,32,1,NA,NA
391,2009-06-22,391,63,66,60,17,NA,NA,NA,NA,NA,1,NA,NA
392,2009-05-08,392,19,19,30,NA,NA,1,0,12.9,13,1,NA,NA
392,2009-06-22,392,23,25,32,4,NA,NA,NA,NA,NA,1,NA,NA
393,2009-05-08,393,59,82,53,NA,NA,5,0,56.5,39.4,1,NA,NA
393,2009-06-22,393,67,81,66,30,NA,NA,NA,NA,NA,1,NA,NA
394,2009-05-08,394,11,29,32,NA,NA,1,0,21.6,21.9,1,NA,NA
394,2009-06-22,394,29,10,33,3,NA,NA,NA,NA,NA,1,NA,NA
395,2009-05-08,395,24,63,35,NA,NA,0,0,9.4,8.9,1,NA,NA
395,2009-06-22,395,26,68,39,8,NA,NA,NA,NA,NA,1,NA,NA
396,2009-05-08,396,20,29,31,NA,NA,1,0,11.6,11.2,1,"next to another small one",NA
396,2009-06-22,396,27,44,40,6,NA,NA,NA,NA,NA,1,NA,NA
397,2009-05-08,397,53,70,45,NA,NA,1,0,30.6,29.4,1,NA,NA
397,2009-06-22,397,55,72,53,18,NA,NA,NA,NA,NA,1,NA,NA
398,2009-05-08,398,5,14,23,NA,NA,0,0,3.5,3.7,1,NA,NA
398,2009-06-22,398,5,17,22,1,NA,NA,NA,NA,NA,1,NA,NA
399,2009-05-08,399,41,74,40,NA,NA,3,3,14.4,15,1,"crushed a bit",NA
399,2009-06-22,399,54,80,46,20,NA,NA,NA,NA,NA,1,NA,NA
400,2009-05-09,400,1.5,2,3,NA,NA,NA,NA,1,NA,1,NA,NA
400,2009-06-28,400,2,1.5,3.5,NA,NA,NA,NA,1.8,NA,1,NA,NA
401,2009-05-09,401,2.5,3,6,NA,NA,NA,NA,1.9,NA,1,NA,NA
401,2009-06-28,401,2.5,3,6.5,NA,NA,NA,NA,2,NA,1,NA,NA
402,2009-05-09,402,1,2,6,NA,NA,NA,NA,1.7,NA,1,NA,NA
402,2009-06-28,402,1,1,6,NA,NA,NA,NA,2,NA,1,NA,NA
403,2009-05-09,403,2.5,3.5,7,NA,NA,NA,NA,1.8,NA,1,NA,NA
403,2009-06-28,403,3,3.5,7.5,NA,NA,NA,NA,2,NA,1,NA,NA
404,2009-05-09,404,2,3,6.5,NA,NA,NA,NA,1.7,NA,1,NA,NA
404,2009-06-28,404,2.5,3,7.5,NA,NA,NA,NA,1.8,NA,1,NA,NA
405,2009-05-09,405,2.5,3,8,NA,NA,NA,NA,1.8,NA,1,NA,NA
405,2009-06-28,405,2.5,3,8.5,NA,NA,NA,NA,1.8,NA,1,NA,NA
406,2009-05-09,406,1.5,1.5,4.5,NA,NA,NA,NA,1.4,NA,1,NA,NA
406,2009-06-28,406,1,1,4.5,NA,NA,NA,NA,1.5,NA,1,NA,NA
407,2009-05-09,407,3,4,5.5,NA,NA,NA,NA,1.9,NA,1,NA,NA
407,2009-06-28,407,3.5,4.5,6,NA,NA,NA,NA,2.4,NA,1,NA,NA
408,2009-05-09,408,1.5,2.5,4.5,NA,NA,NA,NA,1.2,NA,1,NA,NA
408,2009-06-28,408,1,1,4,NA,NA,NA,NA,1.1,NA,1,"looks dry",NA
409,2009-05-09,409,2,2,5,NA,NA,NA,NA,1.1,NA,1,NA,NA
409,2009-06-28,409,1.5,2,5,NA,NA,NA,NA,1.1,NA,1,NA,NA
410,2009-05-09,410,2,3,5.5,NA,NA,NA,NA,1.5,NA,1,NA,NA
410,2009-06-28,410,3.5,3.5,7,NA,NA,NA,NA,1.9,NA,1,NA,NA
411,2009-05-09,411,2.5,3,7,NA,NA,NA,NA,1.6,NA,1,NA,NA
411,2009-06-28,411,3,3.5,9,NA,NA,NA,NA,1.6,NA,1,NA,NA
412,2009-05-09,412,2,2,4.5,NA,NA,NA,NA,1.7,NA,1,NA,NA
412,2009-06-28,412,2.5,2.5,6,NA,NA,NA,NA,1.6,NA,1,NA,NA
413,2009-05-09,413,1.5,2.5,4.5,NA,NA,NA,NA,1.3,NA,1,NA,NA
413,2009-06-28,413,2.5,3.5,6,NA,NA,NA,NA,1.4,NA,1,NA,NA
414,2009-05-09,414,2,3.5,8,NA,NA,NA,NA,2.1,NA,1,NA,NA
414,2009-06-28,414,2.5,3.5,8.5,NA,NA,NA,NA,2.1,NA,1,NA,NA
415,2009-05-09,415,2.5,4.5,8,NA,NA,NA,NA,2.1,NA,1,NA,NA
415,2009-06-28,415,4,5.5,9,NA,NA,NA,NA,2.4,NA,1,NA,NA
416,2009-05-09,416,12,27,33,NA,NA,1,0,13.6,17.8,1,NA,NA
416,2009-07-06,416,12,13,46,1,NA,NA,NA,NA,NA,1,NA,NA
417,2009-05-09,417,55,87,52,NA,NA,1,0,30.3,30.6,1,NA,NA
417,2009-07-06,417,71,92,65,25,NA,NA,NA,NA,NA,1,NA,NA
418,2009-05-09,418,34,37,53,NA,NA,1,1,33.5,25.4,1,NA,NA
418,2009-07-06,418,30,33,61,6,NA,NA,NA,NA,NA,1,NA,NA
419,2009-05-09,419,105,130,69,NA,NA,4,2,46.4,32.2,1,"big one ",NA
419,2009-07-06,419,121,143,80,59,NA,NA,NA,NA,NA,1,NA,NA
420,2009-05-09,420,27,36,53,NA,NA,1,0,27,27.9,1,"near big ants nest",NA
420,2009-07-06,420,31,31,64,5,NA,NA,NA,NA,NA,1,NA,NA
421,2009-05-09,421,150,90,58,NA,NA,7,4,34,42.5,1,NA,NA
421,2009-07-06,421,77,148,60,44,NA,NA,NA,NA,NA,1,NA,NA
422,2009-05-09,422,3.5,3.5,16,NA,NA,0,0,8.6,6.4,1,"contorted little one",NA
422,2009-07-06,422,2,5,14,1,NA,NA,NA,NA,NA,1,"broken branch",NA
423,2009-05-09,423,57,60,68,NA,NA,1,2,45.9,52.8,1,NA,NA
423,2009-07-06,423,60,65,66,15,NA,NA,NA,NA,NA,1,NA,NA
424,2009-05-09,424,3,5,14,NA,NA,0,0,2.6,2.9,1,NA,NA
424,2009-07-06,424,4,8,14,1,NA,NA,NA,NA,NA,1,NA,NA
425,2009-05-09,425,55,81,72,NA,NA,3,1,32.3,30.5,1,NA,NA
425,2009-07-06,425,59,84,81,24,NA,NA,NA,NA,NA,1,NA,NA
426,2009-05-09,426,12,16,26,NA,NA,1,0,14,12.6,1,NA,NA
426,2009-07-06,426,14,17,45,1,NA,NA,NA,NA,NA,1,NA,NA
427,2009-05-09,427,50,80,72,NA,NA,1,0,47.4,52.9,1,NA,NA
427,2009-07-06,427,54,79,58,24,NA,NA,NA,NA,NA,1,NA,NA
428,2009-05-09,428,22,41,45,NA,NA,1,0,20.3,25.7,1,NA,NA
428,2009-07-06,428,21,40,54,2,NA,NA,NA,NA,NA,1,NA,NA
429,2009-05-09,429,66,83,72,NA,NA,1,2,43.8,52.4,1,NA,NA
429,2009-07-06,429,71,79,86,23,NA,NA,NA,NA,NA,1,NA,NA
430,2009-05-09,430,3,3,32,NA,NA,1,0,10.9,22,1,"only a few live leaves",NA
430,2009-07-06,430,NA,NA,NA,NA,NA,NA,NA,NA,NA,0,NA,NA
431,2009-05-09,431,55,65,70,NA,NA,1,0,31.8,38,1,NA,NA
431,2009-07-06,431,58,60,74,14,NA,NA,NA,NA,NA,1,NA,NA
432,2009-06-27,432,4.5,4,8.5,NA,NA,NA,NA,2.4,NA,1,NA,NA
433,2009-06-27,433,2.5,2,4.5,NA,NA,NA,NA,0.9,NA,1,NA,NA
434,2009-06-27,434,NA,NA,NA,NA,NA,NA,NA,NA,NA,0,NA,NA
435,2009-06-27,435,2,3,6,NA,NA,NA,NA,2.2,NA,1,NA,NA
436,2009-06-27,436,3.5,4,5.5,NA,NA,NA,NA,2.1,NA,1,NA,NA
437,2009-06-27,437,2.5,2.5,3,NA,NA,NA,NA,0.9,NA,1,NA,NA
438,2009-06-27,438,1.5,2,3.5,NA,NA,NA,NA,1.1,NA,1,NA,NA
439,2009-06-27,439,4,5,7.5,NA,NA,NA,NA,1.6,NA,1,NA,NA
440,2009-06-27,440,4,4,5.5,NA,NA,NA,NA,1.4,NA,1,NA,NA
441,2009-06-27,441,2.5,3,5.5,NA,NA,NA,NA,1.3,NA,1,NA,NA
442,2009-06-27,442,2,1.5,6.5,NA,NA,NA,NA,1.8,NA,1,NA,NA
443,2009-06-27,443,3,4,5.5,NA,NA,NA,NA,1.4,NA,1,NA,NA
444,2009-06-27,444,2,2.5,4,NA,NA,NA,NA,1.1,NA,1,NA,NA
445,2009-06-27,445,2,3,4.5,NA,NA,NA,NA,1.4,NA,1,NA,NA
446,2009-06-27,446,3,3,5.5,NA,NA,NA,NA,1.9,NA,1,NA,NA
447,2009-06-27,447,4,4.5,9,NA,NA,NA,NA,2.8,NA,1,NA,NA
448,2009-06-27,448,2,3,6.5,NA,NA,NA,NA,1.4,NA,1,NA,NA
449,2009-06-27,449,2,2.5,3,NA,NA,NA,NA,0.8,NA,1,NA,NA
450,2009-06-27,450,2,2.5,4.5,NA,NA,NA,NA,1.2,NA,1,NA,NA
451,2009-06-27,451,1.5,2,3,NA,NA,NA,NA,0.8,NA,1,NA,NA
452,2009-05-23,452,NA,NA,NA,NA,NA,NA,NA,NA,NA,1,NA,NA
452,2009-06-11,452,1,2,5,NA,NA,NA,NA,1.2,NA,1,NA,NA
453,2009-05-23,453,NA,NA,NA,NA,NA,NA,NA,NA,NA,1,NA,NA
453,2009-06-11,453,2,2,5.5,NA,NA,NA,NA,1.4,NA,1,"dry",NA
454,2009-05-23,454,NA,NA,NA,NA,NA,NA,NA,NA,NA,1,NA,NA
454,2009-06-11,454,1,1,2,NA,NA,NA,NA,1,NA,1,NA,NA
455,2009-05-23,455,NA,NA,NA,NA,NA,NA,NA,NA,NA,1,NA,NA
455,2009-06-11,455,2,3,7,NA,NA,NA,NA,1.2,NA,1,NA,NA
456,2009-05-23,456,NA,NA,NA,NA,NA,NA,NA,NA,NA,1,NA,NA
456,2009-06-11,456,3,4.5,5.5,NA,NA,NA,NA,1.5,NA,1,"dry",NA
457,2009-05-23,457,NA,NA,NA,NA,NA,NA,NA,NA,NA,1,NA,NA
457,2009-06-11,457,2,3.5,6,NA,NA,NA,NA,1.6,NA,1,"dry",NA
458,2009-05-23,458,NA,NA,NA,NA,NA,NA,NA,NA,NA,1,NA,NA
458,2009-06-11,458,1,1,6,NA,NA,NA,NA,1.4,NA,1,"dry",NA
459,2009-05-23,459,NA,NA,NA,NA,NA,NA,NA,NA,NA,1,NA,NA
459,2009-06-11,459,2.5,2.5,7,NA,NA,NA,NA,1.4,NA,1,NA,NA
460,2009-05-23,460,NA,NA,NA,NA,NA,NA,NA,NA,NA,1,NA,NA
460,2009-06-11,460,1.5,2.5,3,NA,NA,NA,NA,1.6,NA,1,NA,NA
461,2009-05-23,461,NA,NA,NA,NA,NA,NA,NA,NA,NA,1,NA,NA
461,2009-06-11,461,2,3,5,NA,NA,NA,NA,1.4,NA,1,NA,NA
462,2009-05-23,462,NA,NA,NA,NA,NA,NA,NA,NA,NA,1,NA,NA
462,2009-06-11,462,1.5,2.5,2.5,NA,NA,NA,NA,0.5,NA,1,"very dry",NA
463,2009-05-23,463,NA,NA,NA,NA,NA,NA,NA,NA,NA,1,NA,NA
463,2009-06-11,463,2.5,3,6,NA,NA,NA,NA,2,NA,1,NA,NA
464,2009-05-23,464,NA,NA,NA,NA,NA,NA,NA,NA,NA,1,NA,NA
464,2009-06-11,464,NA,NA,NA,NA,NA,NA,NA,NA,NA,0,NA,NA
465,2009-05-23,465,NA,NA,NA,NA,NA,NA,NA,NA,NA,1,NA,NA
465,2009-06-11,465,2,3,5,NA,NA,NA,NA,2,NA,1,"dry",NA
466,2009-05-23,466,NA,NA,NA,NA,NA,NA,NA,NA,NA,1,NA,NA
466,2009-06-11,466,1.5,2,5,NA,NA,NA,NA,1,NA,1,NA,NA
467,2009-05-23,467,NA,NA,NA,NA,NA,NA,NA,NA,NA,1,NA,NA
467,2009-06-11,467,NA,NA,NA,NA,NA,NA,NA,NA,NA,0,NA,NA
468,2009-05-23,468,NA,NA,NA,NA,NA,NA,NA,NA,NA,1,NA,NA
468,2009-06-11,468,3.5,3,4.5,NA,NA,NA,NA,1.5,NA,1,NA,NA
469,2009-05-23,469,NA,NA,NA,NA,NA,NA,NA,NA,NA,1,NA,NA
469,2009-06-11,469,3.5,4.5,7,NA,NA,NA,NA,2.9,NA,1,NA,NA
470,2009-05-23,470,NA,NA,NA,NA,NA,NA,NA,NA,NA,1,NA,NA
470,2009-06-11,470,2,2.5,7,NA,NA,NA,NA,1,NA,1,NA,NA
471,2009-05-23,471,NA,NA,NA,NA,NA,NA,NA,NA,NA,1,NA,NA
471,2009-06-11,471,0.5,1.5,2,NA,NA,NA,NA,1,NA,1,NA,NA
472,2009-06-17,472,NA,NA,NA,NA,NA,NA,NA,NA,NA,0,NA,NA
473,2009-06-17,473,3,4,6,NA,NA,NA,NA,1.4,NA,1,NA,NA
474,2009-06-17,474,4,4,6.5,NA,NA,NA,NA,2,NA,1,NA,NA
475,2009-06-17,475,0.5,0.5,1,NA,NA,NA,NA,1.5,NA,1,NA,NA
476,2009-06-17,476,1,1,3.5,NA,NA,NA,NA,1.7,NA,1,NA,NA
477,2009-06-17,477,NA,NA,NA,NA,NA,NA,NA,NA,NA,0,NA,NA
478,2009-06-17,478,2.5,2,4.5,NA,NA,NA,NA,1,NA,1,NA,NA
479,2009-06-17,479,3.5,3.5,7.5,NA,NA,NA,NA,1.7,NA,1,NA,NA
480,2009-06-17,480,NA,NA,NA,NA,NA,NA,NA,NA,NA,0,NA,NA
481,2009-06-17,481,NA,NA,NA,NA,NA,NA,NA,NA,NA,0,NA,NA
482,2009-06-17,482,2.5,3,6,NA,NA,NA,NA,1.4,NA,1,NA,NA
483,2009-06-17,483,NA,NA,NA,NA,NA,NA,NA,NA,NA,0,NA,NA
484,2009-06-17,484,1.5,2,5.5,NA,NA,NA,NA,1.2,NA,1,NA,NA
485,2009-06-17,485,NA,NA,NA,NA,NA,NA,NA,NA,NA,0,NA,NA
486,2009-06-17,486,NA,NA,NA,NA,NA,NA,NA,NA,NA,0,NA,NA
487,2009-06-17,487,3,2,6.5,NA,NA,NA,NA,1.4,NA,1,NA,NA
488,2009-06-17,488,3,4.5,5,NA,NA,NA,NA,2,NA,1,NA,NA
489,2009-06-17,489,NA,NA,NA,NA,NA,NA,NA,NA,NA,0,NA,NA
490,2009-06-17,490,1,2,5,NA,NA,NA,NA,0.9,NA,1,NA,NA
491,2009-06-17,491,1,1,5,NA,NA,NA,NA,0.9,NA,1,NA,NA
492,2009-06-06,492,2.5,2.5,4.5,NA,NA,NA,NA,2.5,NA,1,NA,NA
493,2009-06-06,493,3,2.5,5,NA,NA,NA,NA,1.6,NA,1,NA,NA
494,2009-06-06,494,3,4.5,7,NA,NA,NA,NA,2.8,NA,1,NA,NA
495,2009-06-06,495,4.5,2.5,5.5,NA,NA,NA,NA,1.4,NA,1,NA,NA
496,2009-06-06,496,1.5,3,4,NA,NA,NA,NA,1.4,NA,1,NA,NA
497,2009-06-06,497,3,6,7,NA,NA,NA,NA,2,NA,1,"dry",NA
498,2009-06-06,498,2,3,3.5,NA,NA,NA,NA,1.6,NA,1,NA,NA
499,2009-06-06,499,3.5,4,5,NA,NA,NA,NA,1.6,NA,1,NA,NA
500,2009-06-06,500,2,3,5,NA,NA,NA,NA,1.4,NA,1,NA,NA
501,2009-06-06,501,2,2.5,4.5,NA,NA,NA,NA,1.5,NA,1,NA,NA
502,2009-06-06,502,3,3.5,5,NA,NA,NA,NA,1.5,NA,1,NA,NA
503,2009-06-06,503,3,5,6.5,NA,NA,NA,NA,1.7,NA,1,NA,NA
504,2009-06-06,504,1,2,4,NA,NA,NA,NA,1.1,NA,1,"dry",NA
505,2009-06-06,505,2.5,3,5,NA,NA,NA,NA,1.9,NA,1,NA,NA
506,2009-06-06,506,2.5,3,4,NA,NA,NA,NA,1.2,NA,1,"dry",NA
507,2009-06-06,507,2.5,3.5,6,NA,NA,NA,NA,1.3,NA,1,NA,NA
508,2009-06-06,508,3,3,4,NA,NA,NA,NA,0.8,NA,1,NA,NA
509,2009-06-06,509,2.5,2.5,4.5,NA,NA,NA,NA,1,NA,1,NA,NA
510,2009-06-06,510,1.5,2,3,NA,NA,NA,NA,0.5,NA,1,NA,NA
511,2009-06-06,511,3.5,4,6,NA,NA,NA,NA,2.4,NA,1,NA,NA
512,2009-06-27,512,2.5,3,7.5,NA,NA,NA,NA,2,NA,1,NA,NA
513,2009-06-27,513,2,3,4.5,NA,NA,NA,NA,1.6,NA,1,NA,NA
514,2009-06-27,514,4.5,2.5,6,NA,NA,NA,NA,1.7,NA,1,NA,NA
515,2009-06-27,515,2,2,5.5,NA,NA,NA,NA,1,NA,1,NA,NA
516,2009-06-27,516,2.5,3,4.5,NA,NA,NA,NA,1.4,NA,1,NA,NA
517,2009-06-27,517,1.5,1.5,3.5,NA,NA,NA,NA,0.6,NA,1,NA,NA
518,2009-06-27,518,2,2,4.5,NA,NA,NA,NA,1.2,NA,1,NA,NA
519,2009-06-27,519,2.5,1.5,4,NA,NA,NA,NA,1.2,NA,1,NA,NA
520,2009-06-27,520,2,3,4,NA,NA,NA,NA,1.6,NA,1,NA,NA
521,2009-06-27,521,2.5,3,6,NA,NA,NA,NA,1.9,NA,1,NA,NA
522,2009-06-27,522,2.5,3,5.5,NA,NA,NA,NA,2.2,NA,1,"dry",NA
523,2009-06-27,523,2,2,5.5,NA,NA,NA,NA,1.4,NA,1,"dry",NA
524,2009-06-27,524,3.5,4,6,NA,NA,NA,NA,2,NA,1,NA,NA
525,2009-06-27,525,3,3.5,5,NA,NA,NA,NA,1,NA,1,NA,NA
526,2009-06-27,526,2,3,4,NA,NA,NA,NA,1.1,NA,1,NA,NA
527,2009-06-27,527,3.5,3.5,8,NA,NA,NA,NA,2.5,NA,1,NA,NA
528,2009-06-27,528,2,2,5,NA,NA,NA,NA,1,NA,1,NA,NA
529,2009-06-27,529,5.5,4,7,NA,NA,NA,NA,2.5,NA,1,NA,NA
530,2009-06-27,530,4.5,3,7,NA,NA,NA,NA,2,NA,1,NA,NA
531,2009-06-27,531,1.5,3.5,6.5,NA,NA,NA,NA,1.7,NA,1,NA,NA
532,2009-06-25,532,1.5,1.5,3.5,NA,NA,NA,NA,0.8,NA,1,NA,NA
533,2009-06-25,533,2.5,2,4.5,NA,NA,NA,NA,1.3,NA,1,NA,NA
534,2009-06-25,534,2,2,4,NA,NA,NA,NA,1.2,NA,1,NA,NA
535,2009-06-25,535,NA,NA,NA,NA,NA,NA,NA,NA,NA,0,NA,NA
536,2009-06-25,536,1,2.5,5,NA,NA,NA,NA,1.1,NA,1,NA,NA
537,2009-06-25,537,1,1,5,NA,NA,NA,NA,1,NA,1,NA,NA
538,2009-06-25,538,3,4,9,NA,NA,NA,NA,1.8,NA,1,NA,NA
539,2009-06-25,539,2,3,5,NA,NA,NA,NA,1.1,NA,1,NA,NA
540,2009-06-25,540,4,4,6.5,NA,NA,NA,NA,2.5,NA,1,NA,NA
541,2009-06-25,541,2.5,3,4.5,NA,NA,NA,NA,1.5,NA,1,NA,NA
542,2009-06-25,542,3,4,6,NA,NA,NA,NA,1.6,NA,1,NA,NA
543,2009-06-25,543,2,3,4.5,NA,NA,NA,NA,1.5,NA,1,NA,NA
544,2009-06-25,544,NA,NA,NA,NA,NA,NA,NA,NA,NA,0,NA,NA
545,2009-06-25,545,2,3.5,3.5,NA,NA,NA,NA,2.1,NA,1,NA,NA
546,2009-06-25,546,4,4,6,NA,NA,NA,NA,2.2,NA,1,NA,NA
547,2009-06-25,547,1,2.5,2.5,NA,NA,NA,NA,0.9,NA,1,NA,NA
548,2009-06-25,548,2,2.5,4.5,NA,NA,NA,NA,1.5,NA,1,NA,NA
549,2009-06-25,549,2.5,2.5,5,NA,NA,NA,NA,0.9,NA,1,NA,NA
550,2009-06-25,550,2,2,4.5,NA,NA,NA,NA,1,NA,1,NA,NA
551,2009-06-25,551,2,2.5,4.5,NA,NA,NA,NA,1.3,NA,1,NA,NA
552,2009-06-23,552,2,2.5,5,NA,NA,NA,NA,2.5,NA,1,NA,NA
553,2009-06-23,553,2,2,2.5,NA,NA,NA,NA,0.7,NA,1,NA,NA
554,2009-06-23,554,4,4,6,NA,NA,NA,NA,2.4,NA,1,NA,NA
555,2009-06-23,555,2,2.5,3.5,NA,NA,NA,NA,1,NA,1,NA,NA
556,2009-06-23,556,2,3.5,6.5,NA,NA,NA,NA,1,NA,1,NA,NA
557,2009-06-23,557,3,2,4.5,NA,NA,NA,NA,1.4,NA,1,NA,NA
558,2009-06-23,558,3.5,2.5,5,NA,NA,NA,NA,1.5,NA,1,NA,NA
559,2009-06-23,559,1.5,1,4,NA,NA,NA,NA,0.7,NA,1,NA,NA
560,2009-06-23,560,2,2.5,5.5,NA,NA,NA,NA,1.2,NA,1,NA,NA
561,2009-06-23,561,3,5,5.5,NA,NA,NA,NA,1.5,NA,1,NA,NA
562,2009-06-23,562,3,4,5.5,NA,NA,NA,NA,1.9,NA,1,NA,NA
563,2009-06-23,563,1,2,4,NA,NA,NA,NA,1.2,NA,1,NA,NA
564,2009-06-23,564,4,4,9,NA,NA,NA,NA,1.9,NA,1,NA,NA
565,2009-06-23,565,1.5,2.5,2.5,NA,NA,NA,NA,0.8,NA,1,NA,NA
566,2009-06-23,566,2,2.5,3,NA,NA,NA,NA,1.4,NA,1,NA,NA
567,2009-06-23,567,4,4,6.5,NA,NA,NA,NA,2.1,NA,1,NA,NA
568,2009-06-23,568,4,5,5,NA,NA,NA,NA,2.4,NA,1,NA,NA
569,2009-06-23,569,1.5,1.5,4,NA,NA,NA,NA,0.8,NA,1,NA,NA
570,2009-06-23,570,3,5,9,NA,NA,NA,NA,2.1,NA,1,NA,NA
571,2009-06-23,571,2,1,4.5,NA,NA,NA,NA,1.4,NA,1,NA,NA
572,2009-06-20,572,2,2.5,6,NA,NA,NA,NA,1.5,NA,1,NA,NA
573,2009-06-20,573,2.5,3.5,5.5,NA,NA,NA,NA,1.3,NA,1,NA,NA
574,2009-06-20,574,2.5,3.5,6,NA,NA,NA,NA,2,NA,1,NA,NA
575,2009-06-20,575,1.5,3.5,5.5,NA,NA,NA,NA,2,NA,1,NA,NA
576,2009-06-20,576,NA,NA,NA,NA,NA,NA,NA,NA,NA,0,NA,NA
577,2009-06-20,577,3,3.5,7.5,NA,NA,NA,NA,2.6,NA,1,NA,NA
578,2009-06-20,578,4,3,6.5,NA,NA,NA,NA,2.2,NA,1,NA,NA
579,2009-06-20,579,2.5,5,5,NA,NA,NA,NA,1.8,NA,1,NA,NA
580,2009-06-20,580,3,3.5,4,NA,NA,NA,NA,1.8,NA,1,NA,NA
581,2009-06-20,581,3,3.5,4,NA,NA,NA,NA,1.5,NA,1,NA,NA
582,2009-06-20,582,2,2,4.5,NA,NA,NA,NA,1.5,NA,1,NA,NA
583,2009-06-20,583,3,3,5.5,NA,NA,NA,NA,2.1,NA,1,NA,NA
584,2009-06-20,584,4,2.5,8.5,NA,NA,NA,NA,2.6,NA,1,NA,NA
585,2009-06-20,585,2,4.5,8,NA,NA,NA,NA,2.5,NA,1,NA,NA
586,2009-06-20,586,3,3.5,6,NA,NA,NA,NA,1.9,NA,1,NA,NA
587,2009-06-20,587,4,4.5,8.5,NA,NA,NA,NA,2.8,NA,1,NA,NA
588,2009-06-20,588,2,2.5,6,NA,NA,NA,NA,1.6,NA,1,NA,NA
589,2009-06-20,589,3,4,7,NA,NA,NA,NA,2,NA,1,NA,NA
590,2009-06-20,590,2.5,2.5,5,NA,NA,NA,NA,1.2,NA,1,NA,NA
591,2009-06-20,591,2,2.5,4,NA,NA,NA,NA,1,NA,1,NA,NA
592,2009-06-17,592,2.5,2.5,4,NA,NA,NA,NA,1.2,NA,1,NA,NA
593,2009-06-17,593,2,4,6,NA,NA,NA,NA,1.6,NA,1,NA,NA
594,2009-06-17,594,2,5,5,NA,NA,NA,NA,1.2,NA,1,NA,NA
595,2009-06-17,595,NA,NA,NA,NA,NA,NA,NA,NA,NA,0,NA,NA
596,2009-06-17,596,2,3,4.5,NA,NA,NA,NA,1.2,NA,1,NA,NA
597,2009-06-17,597,2,3.5,5.5,NA,NA,NA,NA,1.2,NA,1,NA,NA
598,2009-06-17,598,3,3.5,5,NA,NA,NA,NA,1.1,NA,1,NA,NA
599,2009-06-17,599,2.5,2,6.5,NA,NA,NA,NA,1.4,NA,1,NA,NA
600,2009-06-17,600,4,4.5,6,NA,NA,NA,NA,1.8,NA,1,NA,NA
601,2009-06-17,601,4.5,4.5,4,NA,NA,NA,NA,2.7,NA,1,NA,NA
602,2009-06-17,602,2,2,4.5,NA,NA,NA,NA,1,NA,1,NA,NA
603,2009-06-17,603,3,3.5,6,NA,NA,NA,NA,2,NA,1,NA,NA
604,2009-06-17,604,2.5,3.5,6,NA,NA,NA,NA,2,NA,1,NA,NA
605,2009-06-17,605,2,3,4,NA,NA,NA,NA,1.3,NA,1,NA,NA
606,2009-06-17,606,3.5,3.5,5,NA,NA,NA,NA,2.3,NA,1,NA,NA
607,2009-06-17,607,NA,NA,NA,NA,NA,NA,NA,NA,NA,0,NA,NA
608,2009-06-17,608,1.5,3.5,4,NA,NA,NA,NA,1.4,NA,1,NA,NA
609,2009-06-17,609,2,1.5,4.5,NA,NA,NA,NA,0.9,NA,1,NA,NA
610,2009-06-17,610,2.5,3,5,NA,NA,NA,NA,1.3,NA,1,NA,NA
611,2009-06-17,611,3,4,6.5,NA,NA,NA,NA,1.1,NA,1,NA,NA
612,2009-06-16,612,NA,NA,NA,NA,NA,NA,NA,NA,NA,0,NA,NA
613,2009-06-16,613,NA,NA,NA,NA,NA,NA,NA,NA,NA,0,NA,NA
614,2009-06-16,614,1.5,2.5,6,NA,NA,NA,NA,2.3,NA,1,NA,NA
615,2009-06-16,615,NA,NA,NA,NA,NA,NA,NA,NA,NA,0,NA,NA
616,2009-06-16,616,1,2,6.5,NA,NA,NA,NA,2.7,NA,1,NA,NA
617,2009-06-16,617,NA,NA,NA,NA,NA,NA,NA,NA,NA,0,NA,NA
618,2009-06-16,618,1,3,4,NA,NA,NA,NA,3,NA,1,NA,NA
619,2009-06-16,619,2,3,6,NA,NA,NA,NA,2.5,NA,1,NA,NA
620,2009-06-16,620,2,3.5,6,NA,NA,NA,NA,2.5,NA,1,NA,NA
621,2009-06-16,621,NA,NA,NA,NA,NA,NA,NA,NA,NA,0,NA,NA
622,2009-06-16,622,1,3,4.5,NA,NA,NA,NA,1.5,NA,1,NA,NA
623,2009-06-16,623,1,2,4.5,NA,NA,NA,NA,1.3,NA,1,NA,NA
624,2009-06-16,624,2.5,3.5,10,NA,NA,NA,NA,2.5,NA,1,NA,NA
625,2009-06-16,625,1.5,3,4.5,NA,NA,NA,NA,2,NA,1,NA,NA
626,2009-06-16,626,1,3,4,NA,NA,NA,NA,1.5,NA,1,NA,NA
627,2009-06-16,627,1,2,5,NA,NA,NA,NA,1.5,NA,1,NA,NA
628,2009-06-16,628,1,2,4.5,NA,NA,NA,NA,2,NA,1,NA,NA
629,2009-06-16,629,1,1,4,NA,NA,NA,NA,1.5,NA,1,NA,NA
630,2009-06-16,630,2,4,5.5,NA,NA,NA,NA,2,NA,1,NA,NA
631,2009-06-16,631,NA,NA,NA,NA,NA,NA,NA,NA,NA,0,NA,NA
632,2009-06-27,632,NA,NA,NA,NA,NA,NA,NA,NA,NA,2,"dug up ",NA
633,2009-06-27,633,1.5,2.5,3,NA,NA,NA,NA,0.8,NA,1,NA,NA
634,2009-06-27,634,1.5,3,3.5,NA,NA,NA,NA,1.2,NA,1,NA,NA
635,2009-06-27,635,2,4,6,NA,NA,NA,NA,2,NA,1,NA,NA
636,2009-06-27,636,2,3.5,6.5,NA,NA,NA,NA,1.2,NA,1,NA,NA
637,2009-06-27,637,2.5,3,5,NA,NA,NA,NA,1.3,NA,1,NA,NA
638,2009-06-27,638,2,2,4,NA,NA,NA,NA,1.4,NA,1,NA,NA
639,2009-06-27,639,1.5,2.5,4.5,NA,NA,NA,NA,1.4,NA,1,NA,NA
640,2009-06-27,640,1.5,2,6,NA,NA,NA,NA,1.4,NA,1,NA,NA
641,2009-06-27,641,NA,NA,NA,NA,NA,NA,NA,NA,NA,0,NA,NA
642,2009-06-27,642,1.5,2.5,4,NA,NA,NA,NA,1.5,NA,1,NA,NA
643,2009-06-27,643,3,3,6,NA,NA,NA,NA,1.6,NA,1,NA,NA
644,2009-06-27,644,1,1.5,3,NA,NA,NA,NA,1.1,NA,1,NA,NA
645,2009-06-27,645,1,2,4.5,NA,NA,NA,NA,1.8,NA,1,NA,NA
646,2009-06-27,646,1,2.5,5,NA,NA,NA,NA,1.3,NA,1,NA,NA
647,2009-06-27,647,1,2.5,4,NA,NA,NA,NA,1.3,NA,1,NA,NA
648,2009-06-27,648,2,3,3,NA,NA,NA,NA,1.3,NA,1,NA,NA
649,2009-06-27,649,2,3.5,4.5,NA,NA,NA,NA,1.9,NA,1,NA,NA
650,2009-06-27,650,NA,NA,NA,NA,NA,NA,NA,NA,NA,0,NA,NA
651,2009-06-27,651,1.5,1.5,3,NA,NA,NA,NA,1.4,NA,1,NA,NA
652,2009-05-16,652,2,2,3,NA,NA,NA,NA,1.1,NA,1,NA,NA
652,2009-06-10,652,2,2,3.5,NA,NA,NA,NA,1.5,NA,1,NA,NA
653,2009-05-16,653,1,1,4.5,NA,NA,NA,NA,1.3,NA,1,NA,NA
653,2009-06-10,653,1,1,5,NA,NA,NA,NA,0.7,NA,1,NA,NA
654,2009-05-16,654,1.5,3,4,NA,NA,NA,NA,1.6,NA,1,NA,NA
654,2009-06-06,654,1.5,3,5,NA,NA,NA,NA,0.9,NA,1,NA,NA
655,2009-05-16,655,1,1,5,NA,NA,NA,NA,1.4,NA,1,NA,NA
655,2009-06-06,655,1.5,1.5,3,NA,NA,NA,NA,0.6,NA,1,NA,NA
656,2009-05-16,656,2.5,2.5,5,NA,NA,NA,NA,1.7,NA,1,NA,NA
656,2009-06-06,656,3.5,3,6.5,NA,NA,NA,NA,0.8,NA,1,NA,NA
657,2009-05-16,657,2,2,5,NA,NA,NA,NA,1.3,NA,1,NA,NA
657,2009-06-06,657,2.5,2,5.5,NA,NA,NA,NA,1.1,NA,1,NA,NA
658,2009-05-16,658,1.5,2,3,NA,NA,NA,NA,1.8,NA,1,NA,NA
658,2009-06-06,658,NA,NA,NA,NA,NA,NA,NA,NA,NA,0,NA,NA
659,2009-05-16,659,2.5,3.5,5,NA,NA,NA,NA,1.5,NA,1,NA,NA
659,2009-06-06,659,1.5,3,5,NA,NA,NA,NA,1.7,NA,1,NA,NA
660,2009-05-16,660,2.5,4,7,NA,NA,NA,NA,2.1,NA,1,NA,NA
660,2009-06-06,660,2,3.5,8,NA,NA,NA,NA,1.6,NA,1,NA,NA
661,2009-05-16,661,3,3,4.5,NA,NA,NA,NA,1.8,NA,1,NA,NA
661,2009-06-06,661,2.5,2.5,5,NA,NA,NA,NA,3,NA,1,NA,NA
662,2009-05-16,662,1,1,4,NA,NA,NA,NA,1.1,NA,1,NA,NA
662,2009-06-06,662,1,1,4,NA,NA,NA,NA,1,NA,1,NA,NA
663,2009-05-16,663,1.5,2.5,6.5,NA,NA,NA,NA,1.7,NA,1,NA,NA
663,2009-06-06,663,1.5,3,6,NA,NA,NA,NA,1.5,NA,1,NA,NA
664,2009-05-16,664,2.5,3,3,NA,NA,NA,NA,2.3,NA,1,NA,NA
664,2009-06-06,664,2.5,4,3,NA,NA,NA,NA,2.2,NA,1,NA,NA
665,2009-05-16,665,3.5,4,4,NA,NA,NA,NA,2,NA,1,NA,NA
665,2009-06-06,665,3.5,4,5,NA,NA,NA,NA,1.4,NA,1,"dry",NA
666,2009-05-16,666,2.5,3,4,NA,NA,NA,NA,1.4,NA,1,NA,NA
666,2009-06-06,666,2.5,2.5,4,NA,NA,NA,NA,1.8,NA,1,NA,NA
667,2009-05-16,667,2.5,2.5,4,NA,NA,NA,NA,1.4,NA,1,NA,NA
667,2009-06-06,667,2.5,2.5,5,NA,NA,NA,NA,1.4,NA,1,NA,NA
668,2009-05-16,668,2,3,5,NA,NA,NA,NA,1.9,NA,1,NA,NA
668,2009-06-06,668,1.5,3,4,NA,NA,NA,NA,1.8,NA,1,NA,NA
669,2009-05-16,669,1.5,1.5,4,NA,NA,NA,NA,0.8,NA,1,NA,NA
669,2009-06-06,669,1,1.5,3.5,NA,NA,NA,NA,1,NA,1,NA,NA
670,2009-05-16,670,1.5,1.5,4.5,NA,NA,NA,NA,1.8,NA,1,NA,NA
670,2009-06-06,670,2,2,4,NA,NA,NA,NA,1.6,NA,1,NA,NA
671,2009-05-16,671,2,2,4,NA,NA,NA,NA,1,NA,1,NA,NA
671,2009-06-06,671,1.5,1.5,3.5,NA,NA,NA,NA,1.6,NA,1,NA,NA
672,2009-06-17,672,1.5,2,3.5,NA,NA,NA,NA,1.4,NA,1,NA,NA
673,2009-06-17,673,2,2.5,6,NA,NA,NA,NA,1.6,NA,1,NA,NA
674,2009-06-17,674,1.5,2,5.5,NA,NA,NA,NA,1.4,NA,1,NA,NA
675,2009-06-17,675,1.5,1.5,4.5,NA,NA,NA,NA,1,NA,1,NA,NA
676,2009-06-17,676,1.5,1.5,5,NA,NA,NA,NA,1.4,NA,1,NA,NA
677,2009-06-17,677,1.5,2,5,NA,NA,NA,NA,1.7,NA,1,NA,NA
678,2009-06-17,678,2,1.5,5.5,NA,NA,NA,NA,1.9,NA,1,NA,NA
679,2009-06-17,679,1.5,2,2.5,NA,NA,NA,NA,1.3,NA,1,NA,NA
680,2009-06-17,680,1.5,3,5,NA,NA,NA,NA,NA,NA,0,NA,NA
681,2009-06-17,681,1.5,2,4,NA,NA,NA,NA,NA,NA,0,NA,NA
682,2009-06-17,682,2.5,1.5,4.5,NA,NA,NA,NA,1.1,NA,1,NA,NA
683,2009-06-17,683,2.5,2.5,7,NA,NA,NA,NA,1.5,NA,1,NA,NA
684,2009-06-17,684,2,2,7.5,NA,NA,NA,NA,2,NA,1,NA,NA
685,2009-06-17,685,NA,NA,NA,NA,NA,NA,NA,NA,NA,0,NA,NA
686,2009-06-17,686,1,1,5,NA,NA,NA,NA,1.6,NA,1,NA,NA
687,2009-06-17,685,1.5,2,5,NA,NA,NA,NA,1.5,NA,1,"tag lost remarked as 685",NA
688,2009-06-17,688,2.5,3,5.5,NA,NA,NA,NA,2.2,NA,1,NA,NA
689,2009-06-17,689,1.5,2,4.5,NA,NA,NA,NA,1.7,NA,1,NA,NA
690,2009-06-17,690,1.5,3,6,NA,NA,NA,NA,1.2,NA,1,NA,NA
691,2009-06-17,691,2.5,2.5,5,NA,NA,NA,NA,0.9,NA,1,NA,NA
692,2009-05-16,692,2.5,4,4,NA,NA,NA,NA,1.9,NA,1,NA,NA
692,2009-06-11,692,2.5,4,4,NA,NA,NA,NA,1.9,NA,1,NA,NA
693,2009-05-16,693,5,5.5,4,NA,NA,NA,NA,NA,NA,1,NA,NA
693,2009-06-11,693,5,5.5,4,NA,NA,NA,NA,1.5,NA,1,"dry",NA
694,2009-05-16,694,3.5,1.5,4.5,NA,NA,NA,NA,NA,NA,1,NA,NA
694,2009-06-11,694,3.5,1.5,4.5,NA,NA,NA,NA,1.1,NA,1,NA,NA
695,2009-05-16,695,2.5,2.5,4.5,NA,NA,NA,NA,NA,NA,1,NA,NA
695,2009-06-11,695,2.5,2.5,4.5,NA,NA,NA,NA,1.3,NA,1,NA,NA
696,2009-05-16,696,2,2.5,6.5,NA,NA,NA,NA,NA,NA,1,NA,NA
696,2009-06-11,696,2,2.5,6.5,NA,NA,NA,NA,2.4,NA,1,NA,NA
697,2009-05-16,697,2.5,3,6.5,NA,NA,NA,NA,NA,NA,1,NA,NA
697,2009-06-11,697,2.5,3,6.5,NA,NA,NA,NA,1.7,NA,1,NA,NA
698,2009-05-16,698,1,1.5,4.5,NA,NA,NA,NA,NA,NA,1,NA,NA
698,2009-06-11,698,1,1.5,4.5,NA,NA,NA,NA,1.5,NA,1,NA,NA
699,2009-05-16,699,2,3,5.5,NA,NA,NA,NA,NA,NA,1,NA,NA
699,2009-06-11,699,2,3,5.5,NA,NA,NA,NA,2,NA,1,NA,NA
700,2009-05-16,700,4,2,8,NA,NA,NA,NA,NA,NA,1,NA,NA
700,2009-06-11,700,4,2,8,NA,NA,NA,NA,2.1,NA,1,NA,NA
701,2009-05-16,701,2,2.5,5.5,NA,NA,NA,NA,NA,NA,1,NA,NA
701,2009-06-11,701,2,2.5,5.5,NA,NA,NA,NA,1.7,NA,1,NA,NA
702,2009-05-16,702,2,2,4,NA,NA,NA,NA,NA,NA,1,NA,NA
702,2009-06-11,702,2,2,4,NA,NA,NA,NA,1.2,NA,1,NA,NA
703,2009-05-16,703,2.5,3.5,7,NA,NA,NA,NA,NA,NA,1,NA,NA
703,2009-06-11,703,2.5,3.5,7,NA,NA,NA,NA,1.9,NA,1,NA,NA
704,2009-05-16,704,3,4,6,NA,NA,NA,NA,NA,NA,1,NA,NA
704,2009-06-11,704,3,4,6,NA,NA,NA,NA,2.1,NA,1,NA,NA
705,2009-05-16,705,1,2,3,NA,NA,NA,NA,NA,NA,1,NA,NA
705,2009-06-11,705,1,2,3,NA,NA,NA,NA,1.3,NA,1,NA,NA
706,2009-05-16,706,1,2,5.5,NA,NA,NA,NA,NA,NA,1,NA,NA
706,2009-06-11,706,1,2,5.5,NA,NA,NA,NA,1.4,NA,1,NA,NA
707,2009-05-16,707,1,2,3,NA,NA,NA,NA,NA,NA,1,NA,NA
707,2009-06-11,707,1,2,3,NA,NA,NA,NA,0.8,NA,1,NA,NA
708,2009-05-16,708,3,2.5,5.5,NA,NA,NA,NA,NA,NA,1,NA,NA
708,2009-06-11,708,3,2.5,5.5,NA,NA,NA,NA,1.9,NA,1,NA,NA
709,2009-05-16,709,3,4,5,NA,NA,NA,NA,NA,NA,1,NA,NA
709,2009-06-11,709,3,4,5,NA,NA,NA,NA,2,NA,1,NA,NA
710,2009-05-16,710,2.5,2.5,3.5,NA,NA,NA,NA,NA,NA,1,NA,NA
710,2009-06-11,710,2.5,2.5,3.5,NA,NA,NA,NA,1.5,NA,1,NA,NA
711,2009-05-16,711,2.5,2,3,NA,NA,NA,NA,NA,NA,1,NA,NA
711,2009-06-11,711,2.5,2,3,NA,NA,NA,NA,1.3,NA,1,NA,NA
712,2009-06-27,712,2.5,3.5,5.5,NA,NA,NA,NA,1.2,NA,1,NA,NA
713,2009-06-27,713,NA,NA,NA,NA,NA,NA,NA,NA,NA,0,NA,NA
714,2009-06-27,714,3,4,6,NA,NA,NA,NA,2.6,NA,1,NA,NA
715,2009-06-27,715,3.5,2,4,NA,NA,NA,NA,1.4,NA,1,NA,NA
716,2009-06-27,716,1.5,2.5,5.5,NA,NA,NA,NA,1.5,NA,1,NA,NA
717,2009-06-27,717,2,2,5,NA,NA,NA,NA,2.9,NA,1,NA,NA
718,2009-06-27,718,1,2,5,NA,NA,NA,NA,1.1,NA,1,NA,NA
719,2009-06-27,719,2.5,3,5,NA,NA,NA,NA,1.2,NA,1,NA,NA
720,2009-06-27,720,3.5,4,6.5,NA,NA,NA,NA,1.3,NA,1,NA,NA
721,2009-06-27,721,1.5,1.5,4,NA,NA,NA,NA,1.1,NA,1,NA,NA
722,2009-06-27,722,2.5,3,3,NA,NA,NA,NA,2.6,NA,1,NA,NA
723,2009-06-27,723,NA,NA,NA,NA,NA,NA,NA,NA,NA,0,NA,NA
724,2009-06-27,724,3.5,4,4.5,NA,NA,NA,NA,1.8,NA,1,NA,NA
725,2009-06-27,725,3.5,3.5,5.5,NA,NA,NA,NA,1.6,NA,1,NA,NA
726,2009-06-27,726,1,2,5,NA,NA,NA,NA,1,NA,1,NA,NA
727,2009-06-27,727,1.5,2.5,4,NA,NA,NA,NA,1.5,NA,1,NA,NA
728,2009-06-27,728,1.5,1.5,4,NA,NA,NA,NA,1,NA,1,NA,NA
729,2009-06-27,729,NA,NA,NA,NA,NA,NA,NA,NA,NA,0,NA,NA
730,2009-06-27,730,3,2,6,NA,NA,NA,NA,1.2,NA,1,"dry",NA
731,2009-06-27,731,1.5,2.5,5,NA,NA,NA,NA,1.8,NA,1,NA,NA
732,2009-06-25,732,1.5,3,4.5,NA,NA,NA,NA,1.2,NA,1,NA,NA
733,2009-06-25,733,NA,NA,NA,NA,NA,NA,NA,NA,NA,2,"dug up ",NA
734,2009-06-25,734,1.5,1.5,3.5,NA,NA,NA,NA,1.1,NA,1,NA,NA
735,2009-06-25,735,3,3,5,NA,NA,NA,NA,1.4,NA,1,NA,NA
736,2009-06-25,736,2,1.5,4,NA,NA,NA,NA,1.1,NA,1,NA,NA
737,2009-06-25,737,1.5,1.5,3,NA,NA,NA,NA,0.8,NA,1,NA,NA
738,2009-06-25,738,3,2,4,NA,NA,NA,NA,1.6,NA,1,NA,NA
739,2009-06-25,739,2,3,5,NA,NA,NA,NA,1.7,NA,1,NA,NA
740,2009-06-25,740,2,2,4.5,NA,NA,NA,NA,1.8,NA,1,NA,NA
741,2009-06-25,741,2,1.5,5,NA,NA,NA,NA,1.1,NA,1,NA,NA
742,2009-06-25,742,3,2,5.5,NA,NA,NA,NA,2.2,NA,1,NA,NA
743,2009-06-25,743,2,3.5,6,NA,NA,NA,NA,1.4,NA,1,NA,NA
744,2009-06-25,744,1,2,4,NA,NA,NA,NA,1.5,NA,1,NA,NA
745,2009-06-25,745,2.5,4,7,NA,NA,NA,NA,1.6,NA,1,NA,NA
746,2009-06-25,746,1,1.5,4,NA,NA,NA,NA,1,NA,1,NA,NA
747,2009-06-25,747,2.5,1.5,5.5,NA,NA,NA,NA,1.3,NA,1,NA,NA
748,2009-06-25,748,2.5,4,5,NA,NA,NA,NA,1.5,NA,1,NA,NA
749,2009-06-25,749,1.5,1.5,3.5,NA,NA,NA,NA,1.3,NA,1,NA,NA
750,2009-06-25,750,2,2.5,5.5,NA,NA,NA,NA,0.9,NA,1,NA,NA
751,2009-06-25,751,2.5,3.5,5.5,NA,NA,NA,NA,2.1,NA,1,NA,NA
752,2009-06-23,752,3.5,4.5,4.5,NA,NA,NA,NA,1.2,NA,1,NA,NA
753,2009-06-23,753,3,3,4,NA,NA,NA,NA,1.2,NA,1,NA,NA
754,2009-06-23,754,1,1.5,5,NA,NA,NA,NA,1.1,NA,1,NA,NA
755,2009-06-23,755,1.5,3,3.5,NA,NA,NA,NA,1.5,NA,1,NA,NA
756,2009-06-23,756,1.5,2,4.5,NA,NA,NA,NA,1,NA,1,NA,NA
757,2009-06-23,757,2,2.5,6,NA,NA,NA,NA,1.4,NA,1,NA,NA
758,2009-06-23,758,2,2.5,4.5,NA,NA,NA,NA,1.2,NA,1,NA,NA
759,2009-06-23,759,2,3,5,NA,NA,NA,NA,1.7,NA,1,NA,NA
760,2009-06-23,760,2,2.5,4.5,NA,NA,NA,NA,1.4,NA,1,NA,NA
761,2009-06-23,761,2.5,3,6,NA,NA,NA,NA,1.8,NA,1,NA,NA
762,2009-06-23,762,1.5,2,4.5,NA,NA,NA,NA,1.1,NA,1,NA,NA
763,2009-06-23,763,1.5,1.5,4,NA,NA,NA,NA,0.8,NA,1,NA,NA
764,2009-06-23,764,2,3,4,NA,NA,NA,NA,1.5,NA,1,NA,NA
765,2009-06-23,765,2.5,3,5,NA,NA,NA,NA,1.4,NA,1,NA,NA
766,2009-06-23,766,3,3,5,NA,NA,NA,NA,1.5,NA,1,NA,NA
767,2009-06-23,767,1.5,2.5,3.5,NA,NA,NA,NA,1.7,NA,1,NA,NA
768,2009-06-23,768,2.5,3,6,NA,NA,NA,NA,1.2,NA,1,NA,NA
769,2009-06-23,769,1.5,3,7,NA,NA,NA,NA,1.7,NA,1,NA,NA
770,2009-06-23,770,2.5,3,4.5,NA,NA,NA,NA,1.3,NA,1,NA,NA
771,2009-06-23,771,2,3.5,4,NA,NA,NA,NA,1.3,NA,1,NA,NA
772,2009-06-20,772,1.5,2.5,4.5,NA,NA,NA,NA,0.6,NA,1,NA,NA
773,2009-06-20,773,1.5,1.5,5.5,NA,NA,NA,NA,1.4,NA,1,NA,NA
774,2009-06-20,774,0.5,2,5,NA,NA,NA,NA,1.3,NA,1,NA,NA
775,2009-06-20,775,2,2,6,NA,NA,NA,NA,1.6,NA,1,NA,NA
776,2009-06-20,776,2,3,5.5,NA,NA,NA,NA,1.4,NA,1,NA,NA
777,2009-06-20,777,2,3,5.5,NA,NA,NA,NA,1.3,NA,1,NA,NA
778,2009-06-20,778,1,1,3,NA,NA,NA,NA,1.2,NA,1,NA,NA
779,2009-06-20,779,2.5,3,5,NA,NA,NA,NA,2.5,NA,1,NA,NA
780,2009-06-20,780,1.5,2,4,NA,NA,NA,NA,0.8,NA,1,NA,NA
781,2009-06-20,781,2.5,2.5,5,NA,NA,NA,NA,1.2,NA,1,NA,NA
782,2009-06-20,782,3,4,7,NA,NA,NA,NA,1.4,NA,1,NA,NA
783,2009-06-20,783,3.5,3.5,6,NA,NA,NA,NA,1.5,NA,1,NA,NA
784,2009-06-20,784,2,2.5,5,NA,NA,NA,NA,1.2,NA,1,NA,NA
785,2009-06-20,785,2,3.5,5,NA,NA,NA,NA,1.9,NA,1,NA,NA
786,2009-06-20,786,2,2.5,7.5,NA,NA,NA,NA,1.5,NA,1,NA,NA
787,2009-06-20,787,2,3.5,6,NA,NA,NA,NA,2.8,NA,1,NA,NA
788,2009-06-20,788,1.5,2.5,3.5,NA,NA,NA,NA,1,NA,1,NA,NA
789,2009-06-20,789,4.5,2.5,5,NA,NA,NA,NA,1.3,NA,1,NA,NA
790,2009-06-20,790,1,1,3,NA,NA,NA,NA,1,NA,1,NA,NA
791,2009-06-20,791,2.5,3,4.5,NA,NA,NA,NA,1.4,NA,1,NA,NA
792,2009-06-17,792,2,2,5.5,NA,NA,NA,NA,1.6,NA,1,NA,NA
793,2009-06-17,793,1.5,1,3.5,NA,NA,NA,NA,1,NA,1,NA,NA
794,2009-06-17,794,NA,NA,NA,NA,NA,NA,NA,NA,NA,0,NA,NA
795,2009-06-17,795,NA,NA,NA,NA,NA,NA,NA,NA,NA,0,NA,NA
796,2009-06-17,796,2,1,3,NA,NA,NA,NA,1,NA,1,NA,NA
797,2009-06-17,797,1.5,1,4,NA,NA,NA,NA,1.4,NA,1,NA,NA
798,2009-06-17,798,2,2,4,NA,NA,NA,NA,1.2,NA,1,NA,NA
799,2009-06-17,799,2,4,5.5,NA,NA,NA,NA,1.6,NA,1,NA,NA
800,2009-06-17,800,NA,NA,NA,NA,NA,NA,NA,NA,NA,2,NA,NA
801,2009-06-17,801,1.5,1.5,4.5,NA,NA,NA,NA,1.1,NA,1,NA,NA
802,2009-06-17,802,2.5,3,4.5,NA,NA,NA,NA,1,NA,1,NA,NA
803,2009-06-17,803,1.5,1.5,3.5,NA,NA,NA,NA,1,NA,1,NA,NA
804,2009-06-17,804,2,3,3,NA,NA,NA,NA,1,NA,1,NA,NA
805,2009-06-17,805,3.5,3.5,5,NA,NA,NA,NA,2.5,NA,1,NA,NA
806,2009-06-17,806,3,2,4,NA,NA,NA,NA,1.3,NA,1,NA,NA
807,2009-06-17,807,2,2,6.5,NA,NA,NA,NA,1.5,NA,1,NA,NA
808,2009-06-17,808,2.5,1,5.5,NA,NA,NA,NA,1.4,NA,1,NA,NA
809,2009-06-17,809,2,1.5,3,NA,NA,NA,NA,1.2,NA,1,NA,NA
810,2009-06-17,810,2.5,3,7,NA,NA,NA,NA,1.8,NA,1,NA,NA
811,2009-06-17,811,2.8,3.5,7,NA,NA,NA,NA,1.9,NA,1,NA,NA
812,2009-06-16,812,1,2,5,NA,NA,NA,NA,1,NA,1,NA,NA
813,2009-06-16,813,3.5,3.5,5.5,NA,NA,NA,NA,1.5,NA,1,NA,NA
814,2009-06-16,814,1.5,2,5.5,NA,NA,NA,NA,1.1,NA,1,NA,NA
815,2009-06-16,815,1.5,3,6.5,NA,NA,NA,NA,2.5,NA,1,NA,NA
816,2009-06-16,816,1,2.5,5,NA,NA,NA,NA,1.5,NA,1,NA,NA
817,2009-06-16,817,1.5,3.5,4,NA,NA,NA,NA,2.5,NA,1,NA,NA
818,2009-06-16,818,1,2,3.5,NA,NA,NA,NA,2,NA,1,NA,NA
819,2009-06-16,819,NA,NA,NA,NA,NA,NA,NA,NA,NA,0,NA,NA
820,2009-06-16,820,1.5,2.5,6,NA,NA,NA,NA,2.5,NA,1,NA,NA
821,2009-06-16,821,1,2,5.5,NA,NA,NA,NA,1.5,NA,1,NA,NA
822,2009-06-16,822,1.5,2,6.5,NA,NA,NA,NA,2,NA,1,NA,NA
823,2009-06-16,823,1,2,4.5,NA,NA,NA,NA,1.5,NA,1,NA,NA
824,2009-06-16,824,0.5,1.5,3,NA,NA,NA,NA,1.5,NA,1,NA,NA
825,2009-06-16,825,0.5,0.5,2.5,NA,NA,NA,NA,1,NA,1,NA,NA
826,2009-06-16,826,1,1.5,4,NA,NA,NA,NA,1.5,NA,1,NA,NA
827,2009-06-16,827,1,2,5,NA,NA,NA,NA,2,NA,1,NA,NA
828,2009-06-16,828,1,1,6,NA,NA,NA,NA,1,NA,1,NA,NA
829,2009-06-16,829,1,1.5,4.5,NA,NA,NA,NA,2,NA,1,NA,NA
830,2009-06-16,830,1,1.5,4,NA,NA,NA,NA,1.5,NA,1,NA,NA
831,2009-06-16,831,1,2,4,NA,NA,NA,NA,1.5,NA,1,NA,NA
832,2009-06-10,107,2.5,3,4,NA,NA,NA,NA,1.1,NA,1,"New",NA
833,2009-06-10,109,1.5,4,4,NA,NA,NA,NA,2.2,NA,1,"New",NA
834,2009-06-10,114,1,1,2.5,NA,NA,NA,NA,1.8,NA,1,"New",NA
835,2009-06-14,127,3.5,2,4.5,NA,NA,NA,NA,2,NA,1,"New",NA
836,2009-06-16,190,3.5,5,6,NA,NA,NA,NA,2.4,NA,1,"New",NA
837,2009-06-16,195,4,5,9.5,NA,NA,NA,NA,2.4,NA,1,"New",NA
838,2009-06-17,1,1,1,2,NA,NA,NA,NA,0.6,NA,1,"New",NA
839,2009-06-17,2,3,3.5,6,NA,NA,NA,NA,1.3,NA,1,"New",NA
840,2009-06-17,9,3,3,4.5,NA,NA,NA,NA,1.7,NA,1,"New",NA
841,2009-06-17,18,2.5,2.5,3,NA,NA,NA,NA,1.3,NA,1,"New",NA
842,2009-06-17,24,3,4,6,NA,NA,NA,NA,2.2,NA,1,"New",NA
843,2009-06-17,28,2,2.5,3,NA,NA,NA,NA,1.2,NA,1,"New",NA
844,2009-06-24,257,1.5,2.5,6.5,NA,NA,NA,NA,1.4,NA,1,"New",NA
845,2009-06-24,232,4.5,3,4.5,NA,NA,NA,NA,2.1,NA,1,"New",NA
846,2009-06-24,235,1,1.5,5,NA,NA,NA,NA,1.1,NA,1,"New",NA
847,2009-06-24,237,4,5,9,NA,NA,NA,NA,2.6,NA,1,"New",NA
848,2009-06-24,242,4,5,8,NA,NA,NA,NA,2.6,NA,1,"New",NA
849,2009-06-26,69,3.5,4,6,NA,NA,NA,NA,2.3,NA,1,"New",NA
850,2009-06-26,71,4.5,6,8.5,NA,NA,NA,NA,2.4,NA,1,"New",NA
851,2009-06-26,72,1.5,2,6,NA,NA,NA,NA,1.5,NA,1,"New",NA
852,2009-06-26,73,3.5,5,7,NA,NA,NA,NA,2.1,NA,1,"New",NA
853,2009-06-26,74,3.5,5,5.5,NA,NA,NA,NA,2.6,NA,1,"New",NA
854,2009-06-26,77,4,5,8,NA,NA,NA,NA,2.2,NA,1,"New",NA
