"tag1","tag2","site","T","Y","X","spec","class","treat","date","status","c1","c2","ch","stemd1","canopy","infls","i1","i2","i3","i4","i5","i6","i7","i8","i9","i10","herbivory","notes","Stat1","Stat2","SpringNotes1","SpringNotes2","ID"
132,NA,"A",1,6.2,-0.2,"ATP",2,"remove",2014-10-20,"1",33,21,23,NA,4,6,3,2,3,3,3,4,NA,NA,NA,NA,NA,NA,1,1,"","",132
133," ","A",1,12.4,-0.1,"ATP",3,"remove",2014-10-20,"1",66,27,39,NA,8,101,9,9,7,9,8,6,7,6,10,9,NA,NA,1,1,"","",133
134," ","A",1,18.2,-0.1,"ATP",2,"control",2014-10-20,"1",23,15,21,NA,2,3,1,1,1,NA,NA,NA,NA,NA,NA,NA,NA,"separate plant to the north",1,1,"","",134
135," ","A",1,23.7,-0.2,"ATP",3,"remove",2014-10-20,"1",64,55,37,NA,23,135,5,5,1,4,4,4,5,6,4,2,NA,NA,1,1,"","",135
136," ","A",1,30.2,0.4,"ATP",2,"remove",2014-10-20,"1",43,23,13,NA,4,21,7,5,6,1,5,3,1,4,2,2,NA,NA,1,1,"","",136
137," ","A",1,35.9,0,"ATP",3,"control",2014-10-20,"1",51,33,39,NA,5,33,3,3,1,1,4,1,1,1,2,3,NA,NA,1,1,"","",137
138," ","A",1,42.1,-0.2,"ATP",2,"control",2014-10-20,"1",32,11,27,NA,2,9,2,1,3,1,1,2,1,3,2,NA,NA,NA,1,1,"","",138
139," ","A",1,48.1,-0.3,"ATP",3,"control",2014-10-20,"1",56,36,34,NA,10,132,1,1,1,1,1,1,1,1,1,1,NA,"some black cankers",1,1,"","",139
140," ","A",1,52.9,0.6,"ATP",2,"control",2014-10-20,"1",20,15,17,NA,1,0,NA,NA,NA,NA,NA,NA,NA,NA,NA,NA,NA,NA,1,1,"","",140
141," ","A",1,60.4,-0.1,"ATP",3,"control",2014-10-20,"1",54,29,21,NA,5,15,1,1,1,1,1,1,1,1,1,1,NA,"has wire but no tag! ",1,1,"","",141
142," ","A",1,66.1,0.1,"ATP",2,"remove",2014-10-20,"1",42,39,25,NA,8,40,2,1,3,3,1,2,2,3,1,5,NA,NA,1,1,"","",142
143," ","A",1,72.1,-0.3,"ATP",3,"control",2014-10-20,"1",71,76,33,NA,33,389,1,1,1,1,1,1,1,1,1,1,NA,NA,1,1,"","",143
144,NA,"A",1,78,0.3,"ATP",2,"control",2014-10-20,"1",25,21,32,NA,3,1,1,NA,NA,NA,NA,NA,NA,NA,NA,NA,NA,"separate plant to the north",1,1,"","",144
145,NA,"A",1,83.9,0.2,"ATP",3,"remove",2014-10-20,"1",67,55,40,NA,25,127,4,5,2,5,3,4,5,4,5,4,NA,NA,1,1,"","",145
146,NA,"A",1,90.3,0.7,"ATP",2,"remove",2014-10-20,"1",42,36,27,NA,9,7,2,3,1,2,4,3,6,NA,NA,NA,NA,NA,1,1,"","",146
147,NA,"A",1,96.4,0.7,"ATP",3,"remove",2014-10-20,"1",91,65,33,NA,36,527,6,6,6,2,4,3,4,4,4,4,NA,NA,1,1,"","",147
116,NA,"A",2,5,-0.2,"ATP",1,"remove",2014-10-20,"1",5,4,3,3.4,NA,NA,NA,NA,NA,NA,NA,NA,NA,NA,NA,NA,NA,NA,1,1,"","",116
118,NA,"A",2,24.4,-1.1,"ATP",1,"control",2014-10-20,"1",4,2,3,1.5,NA,NA,NA,NA,NA,NA,NA,NA,NA,NA,NA,NA,NA,NA,1,1,"","",118
119,NA,"A",2,35.2,1.8,"ATP",1,"control",2014-10-20,"2",NA,NA,NA,NA,NA,NA,NA,NA,NA,NA,NA,NA,NA,NA,NA,NA,NA,"found loose tag but could not find plant",1,1,"","",119
120,NA,"A",2,49.5,-1.7,"ATP",1,"remove",2014-10-20,"1",9,7,8,3.6,NA,NA,NA,NA,NA,NA,NA,NA,NA,NA,NA,NA,NA,NA,1,1,"","",120
122,NA,"A",2,51.9,0.6,"ATP",1,"remove",2014-10-20,"1",6,5,7,2.9,NA,NA,NA,NA,NA,NA,NA,NA,NA,NA,NA,NA,NA,NA,1,1,"","",122
121,NA,"A",2,53,0.4,"ATP",1,"control",2014-10-20,"1",2,1,4,1.4,NA,NA,NA,NA,NA,NA,NA,NA,NA,NA,NA,NA,NA,NA,1,1,"","",121
106,NA,"A",2,55.1,3,"ATP",1,"control",2014-10-20,"0",NA,NA,NA,NA,NA,NA,NA,NA,NA,NA,NA,NA,NA,NA,NA,NA,NA,"no lvs",1,NA,"resprouting",NA,1056
123,NA,"A",2,56.4,2.5,"ATP",1,"control",2014-10-20,"1",3,2,5,1.5,NA,NA,NA,NA,NA,NA,NA,NA,NA,NA,NA,NA,NA,NA,1,1,"","",123
124,NA,"A",2,60.8,-2,"ATP",1,"remove",2014-10-20,"1",6,6,8,2.5,NA,NA,NA,NA,NA,NA,NA,NA,NA,NA,NA,NA,NA,NA,1,1,"","",124
125,NA,"A",2,61.6,-0.8,"ATP",1,"control",2014-10-20,"1",2,2,3,2.2,NA,NA,NA,NA,NA,NA,NA,NA,NA,NA,NA,NA,NA,NA,1,1,"","",125
126,NA,"A",2,64.1,-0.6,"ATP",1,"control",2014-10-20,"1",6,5,6,3.2,NA,NA,NA,NA,NA,NA,NA,NA,NA,NA,NA,NA,NA,NA,1,1,"","",126
98,NA,"A",2,64.3,-1.2,"ATP",1,"remove",2014-10-20,"3",NA,NA,NA,NA,NA,NA,NA,NA,NA,NA,NA,NA,NA,NA,NA,NA,NA,"no lvs",1,NA,"2 neighbors nearby w/in 10 cm",NA,1055
128,NA,"A",2,83.2,-1.5,"ATP",1,"remove",2014-10-20,"1",11,9,9,4.3,NA,NA,NA,NA,NA,NA,NA,NA,NA,NA,NA,NA,NA,NA,1,1,"","",128
129,NA,"A",2,86.9,-1.2,"ATP",1,"remove",2014-10-20,"1",6,4,9,2.9,NA,NA,NA,NA,NA,NA,NA,NA,NA,NA,NA,NA,NA,NA,1,1,"","",129
130,NA,"A",2,88.4,0.1,"ATP",1,"remove",2014-10-20,"1",3,4,7,2.9,NA,NA,NA,NA,NA,NA,NA,NA,NA,NA,NA,NA,NA,NA,1,1,"dying on one side","wilting on the top but resprouting from base",130
131,NA,"A",2,98.4,-1.5,"ATP",1,"control",2014-10-20,"3",NA,NA,NA,NA,NA,NA,NA,NA,NA,NA,NA,NA,NA,NA,NA,NA,NA,"dried up crispy",1,1,"","",131
483,NA,"A",3,1,0,"ATP",5,"control",2014-10-20,"1",4,2,6,2.4,NA,NA,NA,NA,NA,NA,NA,NA,NA,NA,NA,NA,NA,NA,1,1,"","",995
506,NA,"A",3,3,0,"ATV",5,"control",2014-10-20,"1",4,3,4,2.7,NA,NA,NA,NA,NA,NA,NA,NA,NA,NA,NA,NA,NA,NA,1,1,"","",996
692,NA,"A",3,5,-0.5,"ATP",4,"control",2014-10-20,"1",4,2,5,2.5,NA,NA,NA,NA,NA,NA,NA,NA,NA,NA,NA,NA,NA,NA,1,1,"","",692
660,NA,"A",3,11,0,"ATP",5,"control",2014-10-20,"1",4,3,3,1.9,NA,NA,NA,NA,NA,NA,NA,NA,NA,NA,NA,NA,NA,"stem buried ",1,1,"","",997
625,NA,"A",3,13,0,"ATV",5,"remove",2014-10-20,"1",4,3,5,3.1,NA,NA,NA,NA,NA,NA,NA,NA,NA,NA,NA,NA,NA,NA,1,1,"","",998
837,NA,"A",3,21,0,"ATP",5,"control",2014-10-20,"1",3,4,5,2.4,NA,NA,NA,NA,NA,NA,NA,NA,NA,NA,NA,NA,NA,NA,1,1,"","",999
480,NA,"A",3,23,0,"ATV",5,"remove",2014-10-20,"1",3,2,5,2,NA,NA,NA,NA,NA,NA,NA,NA,NA,NA,NA,NA,NA,NA,1,1,"","",1000
696,NA,"A",3,25,-0.5,"ATP",4,"control",2014-10-20,"1",3,3,7,2.2,NA,NA,NA,NA,NA,NA,NA,NA,NA,NA,NA,NA,NA,NA,1,1,"","",696
697,NA,"A",3,25,0.5,"ATP",4,"remove",2014-10-20,"1",3,2,7,2.3,NA,NA,NA,NA,NA,NA,NA,NA,NA,NA,NA,NA,NA,NA,1,1,"","",697
456,NA,"A",3,27,-0.5,"ATV",4,"control",2014-10-20,"0",NA,NA,NA,NA,NA,NA,NA,NA,NA,NA,NA,NA,NA,NA,NA,NA,NA,"no leaves",1,1,"Y Change, yellowish","yellowish",456
826,NA,"A",3,31,0,"ATP",5,"remove",2014-10-20,"0",NA,NA,NA,NA,NA,NA,NA,NA,NA,NA,NA,NA,NA,NA,NA,NA,NA,NA,1,1,"","",1001
565,NA,"A",3,33,0,"ATV",5,"control",2014-10-20,"0",NA,NA,NA,NA,NA,NA,NA,NA,NA,NA,NA,NA,NA,NA,NA,NA,NA,NA,3,0,"","dry",1002
699,NA,"A",3,35,0.5,"ATP",4,"remove",2014-10-20,"1",6,5,7,3,NA,NA,NA,NA,NA,NA,NA,NA,NA,NA,NA,NA,NA,NA,1,1,"","",699
617,NA,"A",3,41,0,"ATP",5,"control",2014-10-20,"1",3,3,3,2.2,NA,NA,NA,NA,NA,NA,NA,NA,NA,NA,NA,NA,NA,NA,1,1,"","",1003
501,NA,"A",3,43,0,"ATV",5,"control",2014-10-20,"1",3,2,5,2.7,NA,NA,NA,NA,NA,NA,NA,NA,NA,NA,NA,NA,NA,NA,1,1,"","",1004
701,NA,"A",3,45,0.5,"ATP",4,"control",2014-10-20,"1",4,3,5,3,NA,NA,NA,NA,NA,NA,NA,NA,NA,NA,NA,NA,NA,NA,1,1,"","",701
595,NA,"A",3,51,0,"ATP",5,"remove",2014-10-20,"3",NA,NA,NA,NA,NA,NA,NA,NA,NA,NA,NA,NA,NA,NA,NA,NA,NA,"dry gray",1,1,"","",1005
711,NA,"A",3,53,0,"ATV",5,"control",2014-10-20,"0",NA,NA,NA,NA,NA,NA,NA,NA,NA,NA,NA,NA,NA,NA,NA,NA,NA,NA,3,0,"","dry",1006
702,NA,"A",3,55,-0.5,"ATP",4,"remove",2014-10-20,"1",4,4,4,2.2,NA,NA,NA,NA,NA,NA,NA,NA,NA,NA,NA,NA,NA,NA,1,1,"","",702
468,NA,"A",3,61,0,"ATP",5,"remove",2014-10-20,"3",NA,NA,NA,NA,NA,NA,NA,NA,NA,NA,NA,NA,NA,NA,NA,NA,NA,"dry gray",1,1,"","",1007
621,NA,"A",3,63,0,"ATV",5,"remove",2014-10-20,"1",9,6,6,3.5,NA,NA,NA,NA,NA,NA,NA,NA,NA,NA,NA,NA,NA,NA,1,1,"","",1008
704,NA,"A",3,65,-0.5,"ATP",4,"remove",2014-10-20,"1",7,6,7,4.2,NA,NA,NA,NA,NA,NA,NA,NA,NA,NA,NA,NA,NA,NA,1,1,"","",704
705,NA,"A",3,65,0.5,"ATP",4,"control",2014-10-20,"1",2,1,5,1.6,NA,NA,NA,NA,NA,NA,NA,NA,NA,NA,NA,NA,NA,NA,1,1,"","",705
470,NA,"A",3,71,0,"ATP",5,"remove",2014-10-20,"1",5,2,8,2.9,NA,NA,NA,NA,NA,NA,NA,NA,NA,NA,NA,NA,NA,NA,1,1,"","",1009
526,NA,"A",3,73,0,"ATV",5,"remove",2014-10-20,"1",5,3,5,2.3,NA,NA,NA,NA,NA,NA,NA,NA,NA,NA,NA,NA,NA,NA,1,1,"","dry",1010
706,NA,"A",3,75,-0.5,"ATP",4,"remove",2014-10-20,"0",NA,NA,NA,NA,NA,NA,NA,NA,NA,NA,NA,NA,NA,NA,NA,NA,NA,"lost tag",1,1,"","herbivory, changed status from 0 to 1 because recorded alive on 5-20-14",706
834,NA,"A",3,81,0,"ATP",5,"control",2014-10-20,"3",NA,NA,NA,NA,NA,NA,NA,NA,NA,NA,NA,NA,NA,NA,NA,NA,NA,"dry gray",1,1,"","",1011
708,NA,"A",3,85,-0.5,"ATP",4,"remove",2014-10-20,"1",9,6,7,4.6,NA,NA,NA,NA,NA,NA,NA,NA,NA,NA,NA,NA,NA,NA,1,1,"","",708
839,NA,"A",3,93,0,"ATV",5,"control",2014-10-20,"3",NA,NA,NA,NA,NA,NA,NA,NA,NA,NA,NA,NA,NA,NA,NA,NA,NA,NA,1,1,"","dry",1014
710,NA,"A",3,95,-0.5,"ATP",4,"control",2014-10-20,"0",NA,NA,NA,NA,NA,NA,NA,NA,NA,NA,NA,NA,NA,NA,NA,NA,NA,NA,1,1,"","",710
842,NA,"B",1,1,0,"ATP",5,"control",2014-10-20,"3",NA,NA,NA,NA,NA,NA,NA,NA,NA,NA,NA,NA,NA,NA,NA,NA,NA,"dry gray",1,1,"","",1015
843,NA,"B",1,3,0,"ATV",5,"remove",2014-10-20,"1",6,6,5,4.1,NA,NA,NA,NA,NA,NA,NA,NA,NA,NA,NA,NA,NA,NA,1,1,"","",1016
844,NA,"B",1,11,0,"ATP",5,"remove",2014-10-20,"3",NA,NA,NA,NA,NA,NA,NA,NA,NA,NA,NA,NA,NA,NA,NA,NA,NA,"dry gray",1,1,"","",1017
845,NA,"B",1,13,0,"ATV",5,"remove",2014-10-20,"1",4,4,7,3.2,NA,NA,NA,NA,NA,NA,NA,NA,NA,NA,NA,NA,NA,NA,1,1,"","",1018
654,NA,"B",1,15,-0.5,"ATP",4,"remove",2014-10-20,"1",7,7,7,2.8,NA,NA,NA,NA,NA,NA,NA,NA,NA,NA,NA,NA,NA,NA,1,1,"","",654
846,NA,"B",1,21,0,"ATP",5,"control",2014-10-20,"1",5,6,5,2.3,NA,NA,NA,NA,NA,NA,NA,NA,NA,NA,NA,NA,NA,NA,1,1,"","",1019
847,NA,"B",1,23,0,"ATV",5,"control",2014-10-20,"0",NA,NA,NA,NA,NA,NA,NA,NA,NA,NA,NA,NA,NA,NA,NA,NA,NA,NA,3,1,"sheep ripped off tag and browsed leaves","",1020
848,NA,"B",1,31,0,"ATP",5,"remove",2014-10-20,"0",NA,NA,NA,NA,NA,NA,NA,NA,NA,NA,NA,NA,NA,NA,NA,NA,NA,NA,1,1,"","",1021
849,NA,"B",1,33,0,"ATV",5,"remove",2014-10-20,"1",4,3,6,2,NA,NA,NA,NA,NA,NA,NA,NA,NA,NA,NA,NA,NA,NA,1,1,"","",1022
850,NA,"B",1,41,0,"ATP",5,"control",2014-10-20,"0",NA,NA,NA,NA,NA,NA,NA,NA,NA,NA,NA,NA,NA,NA,NA,NA,NA,NA,3,3,"no lvs. ","",1023
851,NA,"B",1,43,0,"ATV",5,"control",2014-10-20,"1",4,3,5,2.5,NA,NA,NA,NA,NA,NA,NA,NA,NA,NA,NA,NA,NA,NA,1,1,"","",1024
852,NA,"B",1,53,0,"ATP",5,"control",2014-10-20,"1",6,4,5,2.2,NA,NA,NA,NA,NA,NA,NA,NA,NA,NA,NA,NA,NA,"no central stem",1,1,"multiple stems; y x change","",1025
853,NA,"B",1,54,0,"ATV",5,"control",2014-10-20,"0",NA,NA,NA,NA,NA,NA,NA,NA,NA,NA,NA,NA,NA,NA,NA,NA,NA,NA,3,3,"y, x change","dry gray",1026
854,NA,"B",1,61,0,"ATP",5,"control",2014-10-20,"3",NA,NA,NA,NA,NA,NA,NA,NA,NA,NA,NA,NA,NA,NA,NA,NA,NA,"dry",1,1,"","",1027
855,NA,"B",1,63,0,"ATV",5,"remove",2014-10-20,"1",7,3,9,2.5,NA,NA,NA,NA,NA,NA,NA,NA,NA,NA,NA,NA,NA,NA,1,1,"","",1028
664,NA,"B",1,65,-0.5,"ATP",4,"control",2014-10-20,"0",NA,NA,NA,NA,NA,NA,NA,NA,NA,NA,NA,NA,NA,NA,NA,NA,NA,NA,3,3,"no lvs. ","unsure of status",664
665,NA,"B",1,65,0.5,"ATP",4,"remove",2014-10-20,"1",7,6,5,3,NA,NA,NA,NA,NA,NA,NA,NA,NA,NA,NA,NA,NA,NA,1,1,"","",665
856,NA,"B",1,71,0,"ATP",5,"remove",2014-10-20,"1",3,4,6,2,NA,NA,NA,NA,NA,NA,NA,NA,NA,NA,NA,NA,NA,NA,1,1,"","",1029
857,NA,"B",1,73,0,"ATV",5,"control",2014-10-20,"3",NA,NA,NA,NA,NA,NA,NA,NA,NA,NA,NA,NA,NA,NA,NA,NA,NA,"dry no leaves",1,1,"","",1030
667,NA,"B",1,75,0.5,"ATP",4,"control",2014-10-20,"1",4,3,5,1.7,NA,NA,NA,NA,NA,NA,NA,NA,NA,NA,NA,NA,NA,NA,1,1,"","",667
859,NA,"B",1,83,0,"ATV",5,"remove",2014-10-20,"1",3,3,4,2,NA,NA,NA,NA,NA,NA,NA,NA,NA,NA,NA,NA,NA,NA,1,1,"","",1032
860,NA,"B",1,91,0,"ATP",5,"remove",2014-10-20,"1",4,4,5,3.2,NA,NA,NA,NA,NA,NA,NA,NA,NA,NA,NA,NA,NA,NA,1,1,"","",1033
861,NA,"B",1,93,0,"ATV",5,"control",2014-10-20,"1",3,3,4,2,NA,NA,NA,NA,NA,NA,NA,NA,NA,NA,NA,NA,NA,NA,1,1,"","",1034
670,NA,"B",1,95,-0.5,"ATP",4,"remove",2014-10-20,"1",4,4,5,3.1,NA,NA,NA,NA,NA,NA,NA,NA,NA,NA,NA,NA,NA,NA,1,1,"","removal effective",670
107,NA,"B",2,3.6,0.4,"ATP",1,"remove",2014-10-20,"1",5,4,7,3,NA,NA,NA,NA,NA,NA,NA,NA,NA,NA,NA,NA,NA,NA,1,1,"Transect correction, assuming same plant as fall 2013","",832
99,NA,"B",2,3.8,0.8,"ATP",1,"control",2014-10-20,"1",4,3,4,2.2,NA,NA,NA,NA,NA,NA,NA,NA,NA,NA,NA,NA,NA,NA,1,1,"","",99
663,NA,"B",2,7.9,0.5,"ATP",1,"remove",2014-10-20,"1",6,6,5,2.7,NA,NA,NA,NA,NA,NA,NA,NA,NA,NA,NA,NA,NA,NA,1,NA,"",NA,1059
101,NA,"B",2,8.7,-0.3,"ATP",1,"control",2014-10-20,"1",3,3,3,2.4,NA,NA,NA,NA,NA,NA,NA,NA,NA,NA,NA,NA,NA,NA,1,1,"","",101
109,NA,"B",2,11.2,-0.3,"ATP",1,"remove",2014-10-20,"1",4,3,4,1.9,NA,NA,NA,NA,NA,NA,NA,NA,NA,NA,NA,NA,NA,NA,1,1,"assuming the same plant as in fall 2013","yellow tipped lvs. ",833
102,NA,"B",2,12.2,0.3,"ATP",1,"control",2014-10-20,"1",4,3,5,2.7,NA,NA,NA,NA,NA,NA,NA,NA,NA,NA,NA,NA,NA,NA,1,1,"resprouting ","growing from base",102
103,NA,"B",2,13.4,-0.5,"ATP",1,"remove",2014-10-20,"1",7,4,9,2.9,NA,NA,NA,NA,NA,NA,NA,NA,NA,NA,NA,NA,NA,NA,1,1,"","",103
104,NA,"B",2,16.2,0.4,"ATP",1,"remove",2014-10-20,"1",6,5,7,2.5,NA,NA,NA,NA,NA,NA,NA,NA,NA,NA,NA,NA,NA,NA,1,1,"","",104
105,NA,"B",2,17.1,-1,"ATP",1,"control",2014-10-20,"1",4,4,9,2.4,NA,NA,NA,NA,NA,NA,NA,NA,NA,NA,NA,NA,NA,NA,1,1,"","",105
500,NA,"B",2,19.8,-0.1,"ATP",1,"control",2014-10-20,"1",2,2,3,1.6,NA,NA,NA,NA,NA,NA,NA,NA,NA,NA,NA,NA,NA,NA,1,NA,"",NA,1060
108,NA,"B",2,61.5,0.3,"ATP",1,"control",2014-10-20,"1",4,4,7,1.9,NA,NA,NA,NA,NA,NA,NA,NA,NA,NA,NA,NA,NA,NA,1,1,"","",108
114,NA,"B",2,63.6,0.2,"ATP",1,"control",2014-10-20,"1",2,2,2,1.9,NA,NA,NA,NA,NA,NA,NA,NA,NA,NA,NA,NA,NA,NA,1,1,"","",834
671,NA,"B",2,75.3,2,"ATP",1,"control",2014-10-20,"1",6,4,8,2.8,NA,NA,NA,NA,NA,NA,NA,NA,NA,NA,NA,NA,NA,NA,1,NA,"",NA,1061
110,NA,"B",2,83.6,0.4,"ATP",1,"control",2014-10-20,"1",8,6,7,3.5,NA,NA,NA,NA,NA,NA,NA,NA,NA,NA,NA,NA,NA,NA,1,1,"","",110
111,NA,"B",2,85,0.4,"ATP",1,"remove",2014-10-20,"1",7,6,10,4,NA,NA,NA,NA,NA,NA,NA,NA,NA,NA,NA,NA,NA,NA,1,1,"","big gall",111
112,NA,"B",2,86.3,0.1,"ATP",1,"remove",2014-10-20,"1",5,4,5,4.1,NA,NA,NA,NA,NA,NA,NA,NA,NA,NA,NA,NA,NA,NA,1,1,"","",112
113,NA,"B",2,91,0.5,"ATP",1,"control",2014-10-20,"1",5,5,6,3.3,NA,NA,NA,NA,NA,NA,NA,NA,NA,NA,NA,NA,NA,NA,1,1,"","",113
82,NA,"B",3,6,0.15,"ATP",2,"remove",2014-10-20,"1",17,18,16,NA,2,0,NA,NA,NA,NA,NA,NA,NA,NA,NA,NA,NA,NA,1,1,"","tips wilting",82
83,NA,"B",3,11.6,-2.4,"ATP",3,"control",2014-10-20,"1",39,35,34,NA,4,81,2.5,2,1,2,1,1,3.5,1,1,1,NA,NA,1,1,"","",83
84,NA,"B",3,17.9,-0.4,"ATP",2,"control",2014-10-20,"1",10,15,11,NA,1,0,NA,NA,NA,NA,NA,NA,NA,NA,NA,NA,NA,NA,1,1,"separate plant just to the N","",84
85,NA,"B",3,23,0,"ATP",3,"control",2014-10-20,"1",120,123,58,NA,61,286,3,7,3,4,2,1,3,1,1,2,NA,NA,1,1,"","23 m x 0 m ",85
86,NA,"B",3,29.5,0.1,"ATP",2,"control",2014-10-20,"1",11,7,12,NA,1,0,NA,NA,NA,NA,NA,NA,NA,NA,NA,NA,NA,NA,1,1,"","",86
87,NA,"B",3,35.8,-0.3,"ATP",3,"control",2014-10-20,"1",80,94,38,NA,42,108,1,1,1,1,1,1,1,1,1,1,NA,NA,1,1,"","",87
88,NA,"B",3,41.2,0.9,"ATP",2,"control",2014-10-20,"1",22,23,24,NA,2,0,NA,NA,NA,NA,NA,NA,NA,NA,NA,NA,NA,NA,1,1,"","",88
89,NA,"B",3,48.3,-0.3,"ATP",3,"control",2014-10-20,"1",33,24,37,NA,6,27,2,1,1,1,1,1,1,1,1,1,NA,NA,1,1,"","branch dying back ",89
90,NA,"B",3,53.1,0.7,"ATP",2,"remove",2014-10-20,"1",31,23,27,NA,4,2,2,1,NA,NA,NA,NA,NA,NA,NA,NA,NA,NA,1,1,"","",90
91,NA,"B",3,59.6,-0.4,"ATP",3,"remove",2014-10-20,"1",124,90,44,NA,5,454,6,7,4,9,8,3,7,6,3,4,NA,NA,1,1,"some dead branches","some dead branches",91
92,NA,"B",3,66.4,0.3,"ATP",2,"remove",2014-10-20,"1",23,19,36,NA,3,12,1,2,1,5,3,4,2,3,3,3,NA,NA,1,1,"","",92
93,NA,"B",3,70.9,0,"ATP",3,"remove",2014-10-20,"1",74,69,47,NA,21,122,4,7,3,6,5,4,4,4,5,3,NA,"black aphids",1,1,"","",93
94,NA,"B",3,78.4,-0.1,"ATP",2,"remove",2014-10-20,"1",32,21,26,NA,4,5,1,1,1,2,4,NA,NA,NA,NA,NA,NA,NA,1,1,"","",94
95,NA,"B",3,84.6,0.9,"ATP",3,"remove",2014-10-20,"1",112,89,51,NA,44,251,6,6,3,9,9,5,3,6,6,11,NA,NA,1,1,"","",95
96,NA,"B",3,90,-0.1,"ATP",2,"control",2014-10-20,"1",31,22,39,NA,4,67,4,1,2,4,1,1,2,2,2,1,NA,NA,1,1,"","",96
97,NA,"B",3,96.5,0.3,"ATP",3,"remove",2014-10-20,"1",64,39,38,NA,12,55,4,6,4,6,6,8,9,5,4,8,NA,NA,1,1,"","",97
2,NA,"C",1,6.2,-2,"ATV",1,"remove",2014-10-21,"1",7,7,8,4.9,NA,NA,NA,NA,NA,NA,NA,NA,NA,NA,NA,NA,NA,NA,1,NA,"",NA,839
9,NA,"C",1,9.8,-1,"ATV",1,"control",2014-10-21,"1",4,3,4,2.2,NA,NA,NA,NA,NA,NA,NA,NA,NA,NA,NA,NA,NA,NA,1,NA,"",NA,840
3,NA,"C",1,10,1.8,"ATV",1,"control",2014-10-21,"1",2,2,5,2.4,NA,NA,NA,NA,NA,NA,NA,NA,NA,NA,NA,NA,NA,NA,1,NA,"",NA,3
4,NA,"C",1,11.1,1.4,"ATV",1,"remove",2014-10-21,"1",6,5,8,3.5,NA,NA,NA,NA,NA,NA,NA,NA,NA,NA,NA,NA,NA,NA,1,NA,"",NA,4
5,NA,"C",1,24,-2.1,"ATP",1,"remove",2014-10-21,"1",4,2,5,2.8,NA,NA,NA,NA,NA,NA,NA,NA,NA,NA,NA,NA,NA,NA,1,NA,"resprouting",NA,5
650,NA,"C",1,33.1,-5,"ATV",1,"remove",2014-10-21,"1",5,3,5,3.4,NA,NA,NA,NA,NA,NA,NA,NA,NA,NA,NA,NA,NA,NA,1,NA,"",NA,1066
7,NA,"C",1,34,-0.7,"ATV",1,"remove",2014-10-21,"1",6,3,7,3.1,NA,NA,NA,NA,NA,NA,NA,NA,NA,NA,NA,NA,NA,NA,1,NA,"",NA,7
8,NA,"C",1,42.3,-2.4,"ATV",1,"remove",2014-10-21,"1",7,7,12,4.2,NA,NA,NA,NA,NA,NA,NA,NA,NA,NA,NA,NA,NA,NA,1,NA,"",NA,8
496,NA,"C",1,45.5,-0.6,"ATV",1,"control",2014-10-21,"1",3,2,8,2.7,NA,NA,NA,NA,NA,NA,NA,NA,NA,NA,NA,NA,NA,"change x",1,NA,"",NA,1062
11,NA,"C",1,52.2,-0.6,"ATP",1,"remove",2014-10-21,"1",8,5,11,3.8,NA,NA,NA,NA,NA,NA,NA,NA,NA,NA,NA,NA,NA,NA,1,NA,"",NA,11
12,NA,"C",1,52.4,-0.55,"ATV",1,"control",2014-10-21,"1",2,2,7,2.1,NA,NA,NA,NA,NA,NA,NA,NA,NA,NA,NA,NA,NA,NA,1,NA,"",NA,12
33,NA,"C",1,52.5,-2.3,"ATV",1,"control",2014-10-21,"1",5,3,5,3.4,NA,NA,NA,NA,NA,NA,NA,NA,NA,NA,NA,NA,NA,"gray gall small neighbor to the west",1,NA,"",NA,33
13,NA,"C",1,53.7,-1.4,"ATP",1,"control",2014-10-21,"1",4,2,6,3.5,NA,NA,NA,NA,NA,NA,NA,NA,NA,NA,NA,NA,NA,NA,1,NA,"",NA,13
15,NA,"C",1,55.1,-0.6,"ATP",1,"remove",2014-10-21,"1",6,6,12,3.4,NA,NA,NA,NA,NA,NA,NA,NA,NA,NA,NA,NA,NA,NA,1,NA,"",NA,15
16,NA,"C",1,55.2,0.6,"ATP",1,"control",2014-10-21,"1",2,2,3,1.4,NA,NA,NA,NA,NA,NA,NA,NA,NA,NA,NA,NA,NA,NA,1,NA,"",NA,16
18,NA,"C",1,57.6,2.5,"ATV",1,"remove",2014-10-21,"1",4,4,5,2.7,NA,NA,NA,NA,NA,NA,NA,NA,NA,NA,NA,NA,NA,NA,1,NA,"",NA,841
829,NA,"C",1,58.2,1,"ATV",1,"control",2014-10-21,"1",4,3,8,1.7,NA,NA,NA,NA,NA,NA,NA,NA,NA,NA,NA,NA,NA,NA,1,NA,"",NA,1063
659,NA,"C",1,60.6,1,"ATV",1,"remove",2014-10-21,"1",4,6,7,2.6,NA,NA,NA,NA,NA,NA,NA,NA,NA,NA,NA,NA,NA,NA,1,NA,"has a gall",NA,1064
827,NA,"C",1,61.9,1.2,"ATV",1,"control",2014-10-21,"1",7,4,8,3.4,NA,NA,NA,NA,NA,NA,NA,NA,NA,NA,NA,NA,NA,NA,1,NA,"",NA,1065
21,NA,"C",1,63.9,0.3,"ATV",1,"control",2014-10-21,"1",6,4,6,3.6,NA,NA,NA,NA,NA,NA,NA,NA,NA,NA,NA,NA,NA,NA,1,NA,"",NA,21
22,NA,"C",1,64.8,-0.3,"ATP",1,"control",2014-10-21,"1",4,3,6,2.1,NA,NA,NA,NA,NA,NA,NA,NA,NA,NA,NA,NA,NA,NA,1,NA,"",NA,22
25,NA,"C",1,67.9,-1.6,"ATP",1,"control",2014-10-21,"1",4,4,7,2.4,NA,NA,NA,NA,NA,NA,NA,NA,NA,NA,NA,NA,NA,NA,1,NA,"",NA,25
26,NA,"C",1,69.5,0.3,"ATP",1,"control",2014-10-21,"1",2,2,4,2,NA,NA,NA,NA,NA,NA,NA,NA,NA,NA,NA,NA,NA,NA,1,NA,"resprouting",NA,26
29,NA,"C",1,75,0.2,"ATP",1,"remove",2014-10-21,"1",15,17,12,6.8,NA,NA,NA,NA,NA,NA,NA,NA,NA,NA,NA,NA,NA,NA,1,NA,"",NA,29
24,NA,"C",1,75.8,2,"ATP",1,"control",2014-10-21,"1",6,5,8,3.6,NA,NA,NA,NA,NA,NA,NA,NA,NA,NA,NA,NA,NA,NA,1,NA,"",NA,842
30,NA,"C",1,77.5,1.4,"ATP",1,"remove",2014-10-21,"1",7,7,8,3.7,NA,NA,NA,NA,NA,NA,NA,NA,NA,NA,NA,NA,NA,NA,1,NA,"",NA,30
838,NA,"C",1,78.4,-1,"ATP",1,"control",2014-10-21,"1",7,4,6,3.4,NA,NA,NA,NA,NA,NA,NA,NA,NA,NA,NA,NA,NA,NA,1,NA,"",NA,1067
31,NA,"C",1,83.5,0.3,"ATP",1,"control",2014-10-21,"1",5,5,5,2.3,NA,NA,NA,NA,NA,NA,NA,NA,NA,NA,NA,NA,NA,NA,1,NA,"",NA,31
28,NA,"C",1,84,1.5,"ATP",1,"control",2014-10-21,"1",8,7,5,3.1,NA,NA,NA,NA,NA,NA,NA,NA,NA,NA,NA,NA,NA,NA,1,NA,"assuming the same plant as in fall 2013",NA,843
629,NA,"C",1,87.5,2,"ATP",1,"remove",2014-10-21,"1",7,5,7,3.2,NA,NA,NA,NA,NA,NA,NA,NA,NA,NA,NA,NA,NA,NA,1,NA,"",NA,1068
35,NA,"C",2,6,2.4,"ATP",3,"control",2014-10-22,"1",58,39,27,NA,10,37,3,1,1,1,2,2,1,3,1,1,NA,NA,1,NA,"",NA,35
34,NA,"C",2,7.9,-1.6,"ATV",3,"control",2014-10-22,"1",73,44,44,NA,12,75,4,4,4,4,4,3,3,3,1,3,NA,NA,1,NA,"",NA,34
36,NA,"C",2,11.5,0.4,"ATV",2,"control",2014-10-22,"0",NA,NA,NA,NA,NA,NA,NA,NA,NA,NA,NA,NA,NA,NA,NA,NA,NA,"left tag",0,NA,"left tag",NA,36
37,NA,"C",2,13.1,-0.1,"ATP",2,"control",2014-10-22,"1",17,8,24,NA,1,0,NA,NA,NA,NA,NA,NA,NA,NA,NA,NA,NA,NA,1,NA,"",NA,37
38,NA,"C",2,17,-2.4,"ATV",3,"control",2014-10-22,"1",101,74,63,NA,40,92,5,6,3,4,4,6,7,5,2,6,NA,NA,1,NA,"",NA,38
39,NA,"C",2,18.5,0.1,"ATP",3,"control",2014-10-22,"1",37,25,31,NA,5,11,3,5,1,2,2,1,3,3,1,2,NA,NA,1,NA,"",NA,39
40,NA,"C",2,23.2,-0.3,"ATP",2,"control",2014-10-22,"0",NA,NA,NA,NA,NA,NA,NA,NA,NA,NA,NA,NA,NA,NA,NA,NA,NA,"no leaves, left tag",1,NA,"almost dead",NA,40
41,NA,"C",2,25.1,-2.1,"ATV",2,"remove",2014-10-22,"0",NA,NA,NA,NA,NA,NA,NA,NA,NA,NA,NA,NA,NA,NA,NA,NA,NA,NA,0,NA,"left tag",NA,41
42,NA,"C",2,28.4,0.4,"ATP",3,"control",2014-10-22,"1",56,50,47,NA,16,140,4,6,4,5,7,12,5,2,6,5,NA,NA,1,NA,"",NA,42
43,NA,"C",2,32.6,1.1,"ATV",3,"remove",2014-10-22,"1",140,97,83,NA,59,105,11,8,7,10,8,8,7,8,7,13,NA,NA,1,NA,"two dead caterpillars on plant",NA,43
44,NA,"C",2,36.6,0.05,"ATP",2,"remove",2014-10-22,"1",19,15,18,NA,2,0,NA,NA,NA,NA,NA,NA,NA,NA,NA,NA,NA,"black stem cankers",1,NA,"resprouting ",NA,44
45,NA,"C",2,37.8,-1.8,"ATV",2,"control",2014-10-22,"0",NA,NA,NA,NA,NA,NA,NA,NA,NA,NA,NA,NA,NA,NA,NA,NA,NA,"no leaves, left tag",0,NA,"dry, left tag",NA,45
46,NA,"C",2,38.8,0.7,"ATV",3,"control",2014-10-22,"1",102,79,62,NA,34,228,6,4,3,4,1,1,2,3,3,3,NA,NA,1,NA,"",NA,46
47,NA,"C",2,42.8,0.6,"ATP",3,"remove",2014-10-22,"1",66,57,43,NA,22,128,9,8,5,7,10,5,7,6,6,7,NA,"7 infls. Cut off on ground",1,NA,"",NA,47
48,NA,"C",2,47.2,0.25,"ATP",2,"control",2014-10-22,"1",11,8,12,NA,1,0,NA,NA,NA,NA,NA,NA,NA,NA,NA,NA,NA,"gray gall ",1,NA,"",NA,48
49,NA,"C",2,48.2,-1.7,"ATV",2,"remove",2014-10-22,"1",36,28,42,NA,6,9,7,11,8,11,13,13,3,9,11,NA,NA,"stem base far from canopy",1,NA,"",NA,49
50,NA,"C",2,51.1,-0.9,"ATV",3,"remove",2014-10-22,"1",97,87,82,NA,37,147,8,10,9,9,6,8,8,8,8,12,NA,NA,1,NA,"",NA,50
51,NA,"C",2,54.5,1.9,"ATP",3,"remove",2014-10-22,"1",61,38,46,NA,13,17,5,3,4,4,3,6,5,6,5,1,NA,"2 infls. Cut off on ground, some infls shorter because of browsing",1,NA,"",NA,51
52,NA,"C",2,59.9,0.25,"ATP",2,"remove",2014-10-22,"1",12,15,12,NA,1,0,NA,NA,NA,NA,NA,NA,NA,NA,NA,NA,NA,"brown fuzzy galls",1,NA,"",NA,52
53,NA,"C",2,62.5,-1,"ATV",2,"remove",2014-10-22,"1",25,21,37,NA,3,7,4,9,11,7,9,8,12,NA,NA,NA,NA,NA,1,NA,"",NA,53
54,NA,"C",2,65.8,-0.6,"ATP",3,"remove",2014-10-22,"1",79,49,48,NA,12,147,2,3,3,3,4,6,5,5,3,4,NA,"branches dieing  ",1,NA,"",NA,54
55,NA,"C",2,68,2.3,"ATV",3,"remove",2014-10-22,"1",154,112,51,NA,64,135,12,11,5,7,11,8,6,12,5,8,NA,"some rust infls. ",1,NA,"",NA,55
56,NA,"C",2,71.6,0.5,"ATP",2,"remove",2014-10-22,"1",54,32,36,NA,13,45,8,6,8,7,7,4,7,3,1,3,NA,NA,1,NA,"",NA,56
57,NA,"C",2,73.7,-1.4,"ATV",2,"control",2014-10-22,"1",17,17,30,NA,2,1,1,NA,NA,NA,NA,NA,NA,NA,NA,NA,NA,NA,1,NA,"",NA,57
58,NA,"C",2,78.2,2.45,"ATV",3,"remove",2014-10-22,"1",81,46,51,NA,24,47,12,9,10,12,6,11,14,14,12,8,NA,"black aphids",1,NA,"",NA,58
59,NA,"C",2,78.2,-1.1,"ATP",3,"control",2014-10-22,"1",60,56,48,NA,15,118,3,3,4,4,4,4,1,1,2,5,NA,"dying branches ",1,NA,"",NA,59
60,NA,"C",2,81.9,1.1,"ATV",2,"remove",2014-10-22,"0",NA,NA,NA,NA,NA,NA,NA,NA,NA,NA,NA,NA,NA,NA,NA,NA,NA,"left tag",0,NA,"left tag",NA,60
61,NA,"C",2,84.2,-1.6,"ATP",2,"remove",2014-10-22,"1",32,16,42,NA,5,9,5,10,10,4,7,6,8,9,2,NA,NA,NA,1,NA,"",NA,61
62,NA,"C",2,88.6,4.2,"ATV",3,"control",2014-10-22,"1",43,24,56,NA,3,11,4,1,2,3,1,3,2,1,1,1,NA,"black stem cankers",1,NA,"half dead",NA,62
63,NA,"C",2,90.4,0.4,"ATP",3,"remove",2014-10-22,"1",78,32,24,NA,12,144,9,6,5,5,8,8,3,9,7,8,NA,NA,1,NA,"",NA,63
64,NA,"C",2,94.8,0.25,"ATP",2,"control",2014-10-22,"1",6,6,9,NA,1,0,NA,NA,NA,NA,NA,NA,NA,NA,NA,NA,NA,NA,1,NA,"",NA,64
65,NA,"C",2,97.3,-0.3,"ATV",2,"control",2014-10-22,"1",42,36,42,NA,10,0,NA,NA,NA,NA,NA,NA,NA,NA,NA,NA,NA,"some aborted infls",1,NA,"",NA,65
531,NA,"C",3,1,0,"ATP",5,"remove",2014-10-21,"1",5,4,8,2.5,NA,NA,NA,NA,NA,NA,NA,NA,NA,NA,NA,NA,NA,NA,1,NA,"",NA,955
292,NA,"C",3,3,0,"ATV",5,"remove",2014-10-21,"1",4,3,6,3.2,NA,NA,NA,NA,NA,NA,NA,NA,NA,NA,NA,NA,NA,NA,1,NA,"",NA,956
592,NA,"C",3,7,0.5,"ATV",4,"remove",2014-10-21,"1",6,5,6,3.7,NA,NA,NA,NA,NA,NA,NA,NA,NA,NA,NA,NA,NA,NA,1,NA,"note change in x coordinate",NA,592
430,NA,"C",3,11,0,"ATP",5,"control",2014-10-21,"1",5,5,7,3.3,NA,NA,NA,NA,NA,NA,NA,NA,NA,NA,NA,NA,NA,NA,1,NA,"",NA,957
766,NA,"C",3,13,0,"ATV",5,"remove",2014-10-21,"1",10,6,9,4.4,NA,NA,NA,NA,NA,NA,NA,NA,NA,NA,NA,NA,NA,NA,1,NA,"",NA,958
812,NA,"C",3,21,0,"ATP",5,"control",2014-10-21,"1",3,2,5,2.4,NA,NA,NA,NA,NA,NA,NA,NA,NA,NA,NA,NA,NA,NA,1,NA,"",NA,959
596,NA,"C",3,27,-0.5,"ATV",4,"remove",2014-10-21,"1",5,6,7,3.6,NA,NA,NA,NA,NA,NA,NA,NA,NA,NA,NA,NA,NA,NA,1,NA,"",NA,596
619,NA,"C",3,31,0,"ATP",5,"control",2014-10-21,"1",6,3,6,3.9,NA,NA,NA,NA,NA,NA,NA,NA,NA,NA,NA,NA,NA,NA,1,NA,"",NA,961
666,NA,"C",3,33,0,"ATV",5,"control",2014-10-21,"1",3,3,4,2.3,NA,NA,NA,NA,NA,NA,NA,NA,NA,NA,NA,NA,NA,NA,1,NA,"",NA,962
598,NA,"C",3,37,-0.5,"ATV",4,"control",2014-10-21,"1",3,3,6,2.4,NA,NA,NA,NA,NA,NA,NA,NA,NA,NA,NA,NA,NA,NA,1,NA,"",NA,598
794,NA,"C",3,43,0,"ATV",5,"remove",2014-10-21,"1",5,4,5,4.3,NA,NA,NA,NA,NA,NA,NA,NA,NA,NA,NA,NA,NA,NA,1,NA,"",NA,964
801,NA,"C",3,45,0.5,"ATP",4,"control",2014-10-21,"1",4,3,6,2.2,NA,NA,NA,NA,NA,NA,NA,NA,NA,NA,NA,NA,NA,NA,1,NA,"",NA,801
600,NA,"C",3,49,-0.5,"ATV",4,"control",2014-10-21,"1",5,4,5,2.9,NA,NA,NA,NA,NA,NA,NA,NA,NA,NA,NA,NA,NA,NA,1,NA,"",NA,600
601,NA,"C",3,49,0.5,"ATV",4,"remove",2014-10-21,"1",5,5,7,4.8,NA,NA,NA,NA,NA,NA,NA,NA,NA,NA,NA,NA,NA,NA,1,NA,"",NA,601
462,NA,"C",3,53,0,"ATP",5,"control",2014-10-21,"1",7,4,8,2.2,NA,NA,NA,NA,NA,NA,NA,NA,NA,NA,NA,NA,NA,NA,1,NA,"",NA,965
518,NA,"C",3,54,0,"ATV",5,"control",2014-10-21,"1",5,4,8,3.7,NA,NA,NA,NA,NA,NA,NA,NA,NA,NA,NA,NA,NA,NA,1,NA,"",NA,966
803,NA,"C",3,55,0.5,"ATP",4,"remove",2014-10-21,"1",6,5,8,3.3,NA,NA,NA,NA,NA,NA,NA,NA,NA,NA,NA,NA,NA,NA,1,NA,"",NA,803
603,NA,"C",3,56,0.5,"ATV",4,"remove",2014-10-21,"1",7,6,12,5.3,NA,NA,NA,NA,NA,NA,NA,NA,NA,NA,NA,NA,NA,NA,1,NA,"",NA,603
828,NA,"C",3,61,0,"ATP",5,"remove",2014-10-21,"1",6,5,5,5.1,NA,NA,NA,NA,NA,NA,NA,NA,NA,NA,NA,NA,NA,"multistem",1,NA,"",NA,967
680,NA,"C",3,63,0,"ATV",5,"control",2014-10-21,"1",6,4,6,3.1,NA,NA,NA,NA,NA,NA,NA,NA,NA,NA,NA,NA,NA,NA,1,NA,"",NA,968
805,NA,"C",3,65,0.5,"ATP",4,"control",2014-10-21,"1",5,4,6,2.8,NA,NA,NA,NA,NA,NA,NA,NA,NA,NA,NA,NA,NA,NA,1,NA,"",NA,805
604,NA,"C",3,67,-0.5,"ATV",4,"remove",2014-10-21,"1",5,5,4,3.2,NA,NA,NA,NA,NA,NA,NA,NA,NA,NA,NA,NA,NA,NA,1,NA,"",NA,604
605,NA,"C",3,67,0.5,"ATV",4,"control",2014-10-21,"1",4,2,5,2.1,NA,NA,NA,NA,NA,NA,NA,NA,NA,NA,NA,NA,NA,NA,1,NA,"",NA,605
485,NA,"C",3,71,0,"ATP",5,"control",2014-10-21,"1",3,3,5,2.1,NA,NA,NA,NA,NA,NA,NA,NA,NA,NA,NA,NA,NA,NA,1,NA,"",NA,969
806,NA,"C",3,75,-0.5,"ATP",4,"control",2014-10-21,"1",5,5,4,1.8,NA,NA,NA,NA,NA,NA,NA,NA,NA,NA,NA,NA,NA,NA,1,NA,"",NA,806
807,NA,"C",3,75,0.5,"ATP",4,"remove",2014-10-21,"1",8,6,9,3.8,NA,NA,NA,NA,NA,NA,NA,NA,NA,NA,NA,NA,NA,NA,1,NA,"",NA,807
507,NA,"C",3,81,0,"ATP",5,"remove",2014-10-21,"1",4,3,4,3,NA,NA,NA,NA,NA,NA,NA,NA,NA,NA,NA,NA,NA,NA,1,NA,"",NA,971
733,NA,"C",3,83,0,"ATV",5,"control",2014-10-21,"1",6,3,10,2.7,NA,NA,NA,NA,NA,NA,NA,NA,NA,NA,NA,NA,NA,NA,1,NA,"",NA,972
457,NA,"C",3,91,0,"ATP",5,"remove",2014-10-21,"1",6,5,5,2.6,NA,NA,NA,NA,NA,NA,NA,NA,NA,NA,NA,NA,NA,"2 stems",1,NA,"",NA,973
455,NA,"C",3,93,0,"ATV",5,"remove",2014-10-21,"1",8,6,9,4.3,NA,NA,NA,NA,NA,NA,NA,NA,NA,NA,NA,NA,NA,NA,1,NA,"",NA,974
811,NA,"C",3,95,0.5,"ATP",4,"remove",2014-10-21,"1",6,7,10,3.9,NA,NA,NA,NA,NA,NA,NA,NA,NA,NA,NA,NA,NA,NA,1,NA,"",NA,811
610,NA,"C",3,97,-0.5,"ATV",4,"control",2014-10-21,"1",4,4,11,1.8,NA,NA,NA,NA,NA,NA,NA,NA,NA,NA,NA,NA,NA,NA,1,NA,"",NA,610
668,NA,"C",4,12,-0.2,"ATV",2,"control",2014-10-21,"1",65,28,42,NA,11,18,5,5,5,6,4,5,3,5,6,3,NA,NA,1,NA,"replaces dead class 2's on T2",NA,1072
510,NA,"C",4,27.2,-0.3,"ATV",2,"control",2014-10-21,"1",21,13,35,NA,1,0,NA,NA,NA,NA,NA,NA,NA,NA,NA,NA,NA,NA,1,NA,"replaces dead class 2's on T2",NA,1071
821,NA,"C",4,38.2,0.2,"ATV",2,"remove",2014-10-21,"1",55,43,41,NA,11,23,8,2,7,7,8,11,10,4,6,7,NA,NA,1,NA,"replaces dead class 2's on T2",NA,1070
511,NA,"C",4,82,1.5,"ATV",2,"remove",2014-10-21,"1",52,32,36,NA,12,5,6,8,7,5,4,NA,NA,NA,NA,NA,NA,NA,1,NA,"replaces dead class 2's on T2",NA,1069
148,NA,"G",1,6.1,-0.5,"ATV",2,"remove",2014-10-21,"1",66,34,46,NA,8,9,4,5,1,4,7,7,6,8,4,NA,NA,NA,1,1,"","",148
149,NA,"G",1,12.1,-0.3,"ATV",3,"control",2014-10-21,"1",40,31,51,NA,8,8,9,3,8,4,6,6,1,6,NA,NA,NA,NA,1,1,"","",149
150,NA,"G",1,18.3,0,"ATV",2,"control",2014-10-21,"1",33,44,43,NA,7,1,5,NA,NA,NA,NA,NA,NA,NA,NA,NA,NA,"black stem cankers",1,1,"","",150
151,NA,"G",1,23.6,1.3,"ATV",3,"control",2014-10-21,"1",48,75,73,NA,24,59,7,5,11,4,12,10,5,3,3,1,NA,NA,1,1,"","",151
152,NA,"G",1,29.3,0.4,"ATV",2,"remove",2014-10-21,"1",58,29,38,NA,5,0,NA,NA,NA,NA,NA,NA,NA,NA,NA,NA,NA,NA,1,1,"","barely alive",152
153,NA,"G",1,36.1,0.3,"ATV",3,"control",2014-10-21,"1",79,57,69,NA,14,29,6,6,10,7,7,8,6,7,9,4,NA,"lvs yellow branches thinning, black stem cankers",1,1,"","",153
154,NA,"G",1,42.2,0.6,"ATV",2,"control",2014-10-21,"1",30,19,27,NA,6,0,NA,NA,NA,NA,NA,NA,NA,NA,NA,NA,NA,NA,1,1,"","",154
155,NA,"G",1,47.4,-0.4,"ATV",3,"remove",2014-10-21,"1",66,32,55,NA,15,13,8,2,4,3,2,5,4,4,2,4,1,"many infls browsed",1,1,"","broken branch",155
156,NA,"G",1,54.4,0.5,"ATV",2,"control",2014-10-21,"1",27,22,40,NA,3,5,7,7,7,6,8,NA,NA,NA,NA,NA,NA,NA,1,1,"","",156
157,NA,"G",1,56.5,0.5,"ATV",3,"remove",2014-10-21,"1",126,65,47,NA,19,9,5,7,5,7,1,8,2,3,1,NA,1,"infls browsed ",1,1,"","",157
158,NA,"G",1,66.4,0.2,"ATV",2,"remove",2014-10-21,"1",49,39,41,NA,9,0,NA,NA,NA,NA,NA,NA,NA,NA,NA,NA,NA,"gray gall",1,1,"","",158
159,NA,"G",1,71.8,0,"ATV",3,"remove",2014-10-21,"1",114,88,68,NA,65,10,13,4,3,6,4,8,6,7,6,2,NA,"black stem cankers",1,1,"","",159
160,NA,"G",1,77.9,0.6,"ATV",2,"control",2014-10-21,"1",47,40,56,NA,11,12,7,1,3,1,5,4,2,7,6,8,NA,NA,1,1,"","",160
161,NA,"G",1,83.3,0.3,"ATV",3,"remove",2014-10-21,"1",84,65,66,NA,26,38,9,3,10,4,10,7,4,3,5,5,NA,"black rust",1,1,"few ants on plant ","switched trtment",161
162,NA,"G",1,90.2,0.6,"ATV",2,"remove",2014-10-21,"1",33,38,50,NA,8,3,14,7,7,NA,NA,NA,NA,NA,NA,NA,NA,"aphids and ants",1,1,"lots of ants","",162
163,NA,"G",1,95.4,0.1,"ATV",3,"remove",2014-10-21,"1",91,57,61,NA,23,26,11,11,7,7,13,7,8,9,10,12,NA,"aphids and ants",1,1,"","ants on plant",163
693,NA,"G",3,1,0,"ATP",5,"remove",2014-10-21,"1",3,2,2,NA,NA,NA,NA,NA,NA,NA,NA,NA,NA,NA,NA,NA,1,"browsed multistem",1,1,"","",875
632,NA,"G",3,3,0,"ATV",5,"control",2014-10-21,"1",3,2,4,1.8,NA,NA,NA,NA,NA,NA,NA,NA,NA,NA,NA,NA,NA,NA,1,1,"","",876
732,NA,"G",3,5,-0.5,"ATP",4,"control",2014-10-21,"1",4,3,5,2,NA,NA,NA,NA,NA,NA,NA,NA,NA,NA,NA,NA,NA,NA,1,1,"","",732
532,NA,"G",3,7,-0.5,"ATV",4,"control",2014-10-21,"1",1,1,3,1.4,NA,NA,NA,NA,NA,NA,NA,NA,NA,NA,NA,NA,NA,NA,1,1,"","",532
533,NA,"G",3,7,0.5,"ATV",4,"remove",2014-10-21,"3",NA,NA,NA,NA,NA,NA,NA,NA,NA,NA,NA,NA,NA,NA,NA,NA,1,"browsed",1,1,"","",533
236,NA,"G",3,11,0,"ATP",5,"remove",2014-10-21,"1",7,5,7,3.9,NA,NA,NA,NA,NA,NA,NA,NA,NA,NA,NA,NA,NA,NA,1,1,"","",877
552,NA,"G",3,13,0,"ATV",5,NA,2014-10-21,"0",NA,NA,NA,NA,NA,NA,NA,NA,NA,NA,NA,NA,NA,NA,NA,NA,NA,NA,3,0,"","",878
534,NA,"G",3,17,-0.5,"ATV",4,"remove",2014-10-21,"0",NA,NA,NA,NA,NA,NA,NA,NA,NA,NA,NA,NA,NA,NA,NA,NA,NA,NA,0,NA,"left tag",NA,534
677,NA,"G",3,21,0,"ATP",5,"remove",2014-10-21,"1",4,2,7,2.8,NA,NA,NA,NA,NA,NA,NA,NA,NA,NA,NA,NA,NA,NA,1,1,"","",879
623,NA,"G",3,23,0,"ATV",5,"control",2014-10-21,"1",4,4,5,2.8,NA,NA,NA,NA,NA,NA,NA,NA,NA,NA,NA,NA,NA,NA,1,1,"","",880
736,NA,"G",3,25,-0.5,"ATP",4,"remove",2014-10-21,"1",1,1,5,2.1,NA,NA,NA,NA,NA,NA,NA,NA,NA,NA,NA,NA,1,"heavily browsed",1,1,"","",736
536,NA,"G",3,27,-0.5,"ATV",4,"control",2014-10-21,"1",3,2,6,1.5,NA,NA,NA,NA,NA,NA,NA,NA,NA,NA,NA,NA,NA,NA,1,1,"","",536
599,NA,"G",3,31,0,"ATP",5,"control",2014-10-21,"1",5,2,10,2.4,NA,NA,NA,NA,NA,NA,NA,NA,NA,NA,NA,NA,NA,NA,1,1,"","",881
559,NA,"G",3,33,0,"ATV",5,"control",2014-10-21,"1",5,4,5,2.9,NA,NA,NA,NA,NA,NA,NA,NA,NA,NA,NA,NA,NA,NA,1,1,"","half dry",882
738,NA,"G",3,35,-0.5,"ATP",4,"control",2014-10-21,"1",4,2,4,2.3,NA,NA,NA,NA,NA,NA,NA,NA,NA,NA,NA,NA,NA,NA,1,1,"","",738
538,NA,"G",3,37,-0.5,"ATV",4,"remove",2014-10-21,"1",10,8,15,6,NA,NA,NA,NA,NA,NA,NA,NA,NA,NA,NA,NA,NA,NA,1,1,"","",538
539,NA,"G",3,37,0.5,"ATV",4,"control",2014-10-21,"1",4,3,5,1.8,NA,NA,NA,NA,NA,NA,NA,NA,NA,NA,NA,NA,NA,NA,1,1,"","",539
819,NA,"G",3,41,0,"ATP",5,NA,2014-10-21,"0",NA,NA,NA,NA,NA,NA,NA,NA,NA,NA,NA,NA,NA,NA,NA,NA,NA,NA,3,0,"","dry",883
535,NA,"G",3,43,0,"ATV",5,"remove",2014-10-21,"1",2,2,4,2.2,NA,NA,NA,NA,NA,NA,NA,NA,NA,NA,NA,NA,1,"browsed",1,1,"","",884
630,"748","G",3,51,0,"ATP",5,"control",2014-10-21,"1",1,1,7,2.7,NA,NA,NA,NA,NA,NA,NA,NA,NA,NA,NA,NA,1,"browsed/new tag",1,1,"","",885
657,NA,"G",3,53,0,"ATV",5,"remove",2014-10-21,"1",4,3,4,3.9,NA,NA,NA,NA,NA,NA,NA,NA,NA,NA,NA,NA,1,"browsed",1,1,"","",886
742,NA,"G",3,55,-0.5,"ATP",4,"control",2014-10-21,"1",1,1,5,1.7,NA,NA,NA,NA,NA,NA,NA,NA,NA,NA,NA,NA,1,"browsed",1,1,"resprouting, browsed","resprouting",742
743,NA,"G",3,55,0.5,"ATP",4,"remove",2014-10-21,"1",1,1,3,1.8,NA,NA,NA,NA,NA,NA,NA,NA,NA,NA,NA,NA,1,"browsed",1,1,"resprouting ","resprouting",743
542,NA,"G",3,57,-0.5,"ATV",4,"control",2014-10-21,"1",5,4,7,2.6,NA,NA,NA,NA,NA,NA,NA,NA,NA,NA,NA,NA,NA,NA,1,1,"","",542
543,NA,"G",3,57,0.5,"ATV",4,"remove",2014-10-21,"1",4,3,4,3,NA,NA,NA,NA,NA,NA,NA,NA,NA,NA,NA,NA,NA,NA,1,1,"","",543
486,NA,"G",3,61,0,"ATP",5,"control",2014-10-21,"1",6,5,6,2.8,NA,NA,NA,NA,NA,NA,NA,NA,NA,NA,NA,NA,NA,NA,1,1,"","",887
434,NA,"G",3,63,0,"ATV",5,"remove",2014-10-21,"1",2,2,5,2.9,NA,NA,NA,NA,NA,NA,NA,NA,NA,NA,NA,NA,1,"browsed",1,1,"","",888
745,NA,"G",3,65,0.5,"ATP",4,"control",2014-10-21,"1",5,3,7,2.2,NA,NA,NA,NA,NA,NA,NA,NA,NA,NA,NA,NA,NA,NA,1,1,"","",745
627,NA,"G",3,71,0,"ATP",5,"remove",2014-10-21,"1",6,3,7,2.8,NA,NA,NA,NA,NA,NA,NA,NA,NA,NA,NA,NA,NA,NA,1,1,"","",889
541,NA,"G",3,73,0,"ATV",5,"control",2014-10-21,"1",6,3,6,2.8,NA,NA,NA,NA,NA,NA,NA,NA,NA,NA,NA,NA,NA,NA,1,1,"","",890
746,NA,"G",3,75,-0.5,"ATP",4,"control",2014-10-21,"1",4,3,6,1.5,NA,NA,NA,NA,NA,NA,NA,NA,NA,NA,NA,NA,NA,NA,1,1,"","",746
747,NA,"G",3,75,0.5,"ATP",4,"remove",2014-10-21,"1",3,2,7,3.8,NA,NA,NA,NA,NA,NA,NA,NA,NA,NA,NA,NA,1,"browsed",1,1,"","",747
450,NA,"G",3,81,0,"ATP",5,"control",2014-10-21,"1",5,3,8,2.7,NA,NA,NA,NA,NA,NA,NA,NA,NA,NA,NA,NA,NA,NA,1,1,"","",891
798,NA,"G",3,83,0,"ATV",5,"control",2014-10-21,"1",2,1,3,1.7,NA,NA,NA,NA,NA,NA,NA,NA,NA,NA,NA,NA,1,"browsed",1,1,"","",892
749,NA,"G",3,85,0.5,"ATP",4,"control",2014-10-21,"1",1,1,4,1.7,NA,NA,NA,NA,NA,NA,NA,NA,NA,NA,NA,NA,NA,NA,1,1,"","",749
548,NA,"G",3,87,-0.5,"ATV",4,"control",2014-10-21,"1",2,2,4,1.8,NA,NA,NA,NA,NA,NA,NA,NA,NA,NA,NA,NA,NA,NA,1,1,"","",548
549,NA,"G",3,87,0.5,"ATV",4,"remove",2014-10-21,"1",2,2,2,2.8,NA,NA,NA,NA,NA,NA,NA,NA,NA,NA,NA,NA,1,"browsed",1,1,"","",549
454,NA,"G",3,91,0,"ATP",5,"control",2014-10-21,"1",4,3,5,2.7,NA,NA,NA,NA,NA,NA,NA,NA,NA,NA,NA,NA,NA,NA,1,1,"lots of galls","",893
568,NA,"G",3,93,0,"ATV",5,"remove",2014-10-21,"1",3,2,5,2.6,NA,NA,NA,NA,NA,NA,NA,NA,NA,NA,NA,NA,1,"browsed",1,1,"","",894
66,NA,"G",4,3.8,0.4,"ATV",1,"remove",2014-10-22,"0",NA,NA,NA,NA,NA,NA,NA,NA,NA,NA,NA,NA,NA,NA,NA,NA,NA,NA,0,NA,"left tag",NA,66
545,NA,"G",4,3.9,-1.5,"ATV",1,"control",2014-10-22,"2",NA,NA,NA,NA,NA,NA,NA,NA,NA,NA,NA,NA,NA,NA,NA,NA,NA,"plant lost",1,NA,"",NA,1093
67,NA,"G",4,4.9,0.8,"ATV",1,"control",2014-10-22,"1",3,2,8,1.8,NA,NA,NA,NA,NA,NA,NA,NA,NA,NA,NA,NA,NA,NA,1,1,"","",67
74,NA,"G",4,5.4,2.7,"ATV",1,"control",2014-10-22,"1",5,4,8,3.9,NA,NA,NA,NA,NA,NA,NA,NA,NA,NA,NA,NA,NA,NA,1,1,"","",853
68,NA,"G",4,5.7,0.1,"ATV",1,"remove",2014-10-22,"0",NA,NA,NA,NA,NA,NA,NA,NA,NA,NA,NA,NA,NA,NA,NA,NA,NA,NA,0,NA,"left tag",NA,68
77,NA,"G",4,15.4,-2.2,"ATV",1,"control",2014-10-22,"1",5,3,10,4.2,NA,NA,NA,NA,NA,NA,NA,NA,NA,NA,NA,NA,NA,NA,1,1,"","good",854
740,NA,"G",4,18.5,-0.5,"ATV",1,"control",2014-10-22,"1",2,2,6,2.8,NA,NA,NA,NA,NA,NA,NA,NA,NA,NA,NA,NA,1,"browsed",1,NA,"",NA,1092
750,NA,"G",4,18.8,-0.3,"ATV",1,"remove",2014-10-22,"1",1,1,4,2.5,NA,NA,NA,NA,NA,NA,NA,NA,NA,NA,NA,NA,1,"browsed",1,NA,"",NA,1091
70,NA,"G",4,45.6,-0.9,"ATV",1,"control",2014-10-22,"1",4,7,8,6.2,NA,NA,NA,NA,NA,NA,NA,NA,NA,NA,NA,NA,1,"browsed",1,1,"","",70
73,NA,"G",4,49.1,-0.2,"ATV",1,"remove",2014-10-22,"1",6,7,8,4.6,NA,NA,NA,NA,NA,NA,NA,NA,NA,NA,NA,NA,1,"browsed",1,1,"","",852
734,NA,"G",4,59.8,-0.2,"ATV",1,"remove",2014-10-22,"1",4,3,5,2.6,NA,NA,NA,NA,NA,NA,NA,NA,NA,NA,NA,NA,NA,NA,1,NA,"",NA,1090
75,NA,"G",4,63.3,-0.7,"ATV",1,"remove",2014-10-22,"0",NA,NA,NA,NA,NA,NA,NA,NA,NA,NA,NA,NA,NA,NA,NA,NA,NA,NA,1,1,"","",75
71,NA,"G",4,73,1.1,"ATV",1,"control",2014-10-22,"1",8,6,9,3.6,NA,NA,NA,NA,NA,NA,NA,NA,NA,NA,NA,NA,NA,NA,1,1,"","",850
78,NA,"G",4,76.7,0.1,"ATV",1,"control",2014-10-22,"1",6,4,7,3.3,NA,NA,NA,NA,NA,NA,NA,NA,NA,NA,NA,NA,NA,NA,1,1,"","",78
69,NA,"G",4,83,-3.3,"ATV",1,"control",2014-10-22,"1",1,1,4,3,NA,NA,NA,NA,NA,NA,NA,NA,NA,NA,NA,NA,1,"browsed",1,1,"","browsed one leaf left",849
79,NA,"G",4,84.3,-0.8,"ATV",1,"remove",2014-10-22,"1",4,4,7,4.8,NA,NA,NA,NA,NA,NA,NA,NA,NA,NA,NA,NA,1,"browsed",1,1,"","",79
81,NA,"G",4,99.4,1.2,"ATV",1,"remove",2014-10-22,"1",5,4,8,3.5,NA,NA,NA,NA,NA,NA,NA,NA,NA,NA,NA,NA,NA,NA,1,1,"missing height in spring 2014","",81
228,NA,"H",1,5.4,0.2,"ATV",1,"control",2014-10-22,"0",NA,NA,NA,NA,NA,NA,NA,NA,NA,NA,NA,NA,NA,NA,NA,NA,NA,NA,0,NA,"left tag",NA,228
655,NA,"H",1,7.1,-5,"ATV",1,"control",2014-10-22,"1",4,3,7,2.8,NA,NA,NA,NA,NA,NA,NA,NA,NA,NA,NA,NA,1,"browsed",1,NA,"",NA,1080
475,NA,"H",1,13.2,-3,"ATV",1,"remove",2014-10-22,"1",5,3,6,3,NA,NA,NA,NA,NA,NA,NA,NA,NA,NA,NA,NA,NA,NA,1,NA,"",NA,1081
230,NA,"H",1,14.1,0.7,"ATV",1,"control",2014-10-22,"1",2,3,8,2.3,NA,NA,NA,NA,NA,NA,NA,NA,NA,NA,NA,NA,NA,NA,1,1,"","",230
773,NA,"H",1,21.2,0.1,"ATV",1,"remove",2014-10-22,"1",4,3,6,2.6,NA,NA,NA,NA,NA,NA,NA,NA,NA,NA,NA,NA,NA,NA,1,NA,"",NA,1082
231,NA,"H",1,22.3,0,"ATP",1,"remove",2014-10-22,"0",NA,NA,NA,NA,NA,NA,NA,NA,NA,NA,NA,NA,NA,NA,NA,NA,NA,"no lvs",3,3,"left tag, changed from 1 to 3, because no leaves or measurement","no lvs, changed status from 0 to 3 because it was recorded 1 on 5-21-14, but that seems odd because no measurements were given",231
232,NA,"H",1,42,-2.7,"ATV",1,"remove",2014-10-22,"0",NA,NA,NA,NA,NA,NA,NA,NA,NA,NA,NA,NA,NA,NA,NA,NA,NA,NA,0,NA,"left tag",NA,845
235,NA,"H",1,47.1,-0.5,"ATV",1,"remove",2014-10-22,"0",NA,NA,NA,NA,NA,NA,NA,NA,NA,NA,NA,NA,NA,NA,NA,NA,NA,NA,0,NA,"left tag",NA,846
774,NA,"H",1,49.1,-4.6,"ATV",1,"control",2014-10-22,"1",4,3,5,2.2,NA,NA,NA,NA,NA,NA,NA,NA,NA,NA,NA,NA,NA,NA,1,NA,"",NA,1086
790,NA,"H",1,53.3,1.5,"ATV",1,"remove",2014-10-22,"1",3,2,7,2.9,NA,NA,NA,NA,NA,NA,NA,NA,NA,NA,NA,NA,NA,NA,1,NA,"",NA,1083
505,NA,"H",1,53.8,0.1,"ATV",1,"control",2014-10-22,"1",3,3,6,2.5,NA,NA,NA,NA,NA,NA,NA,NA,NA,NA,NA,NA,NA,NA,1,NA,"",NA,1084
233,NA,"H",1,55.7,0,"ATV",1,"control",2014-10-22,"0",NA,NA,NA,NA,NA,NA,NA,NA,NA,NA,NA,NA,NA,NA,NA,NA,NA,NA,0,NA,"left tag",NA,233
237,NA,"H",1,61.3,-1.5,"ATV",1,"remove",2014-10-22,"0",NA,NA,NA,NA,NA,NA,NA,NA,NA,NA,NA,NA,NA,NA,NA,NA,NA,NA,0,NA,"left tag",NA,847
720,NA,"H",1,61.9,2,"ATV",1,"control",2014-10-22,"1",4,2,9,3.4,NA,NA,NA,NA,NA,NA,NA,NA,NA,NA,NA,NA,1,"browsed",1,NA,"",NA,1085
238,NA,"H",1,65,1.1,"ATV",1,"control",2014-10-22,"1",6,3,9,3.3,NA,NA,NA,NA,NA,NA,NA,NA,NA,NA,NA,NA,1,"browsed",1,1,"","",238
242,NA,"H",1,65,-1,"ATV",1,"control",2014-10-22,"0",NA,NA,NA,NA,NA,NA,NA,NA,NA,NA,NA,NA,NA,NA,NA,NA,NA,NA,0,NA,"left tag",NA,848
240,NA,"H",1,66.2,-1.9,"ATP",1,"control",2014-10-22,"0",NA,NA,NA,NA,NA,NA,NA,NA,NA,NA,NA,NA,NA,NA,NA,NA,NA,NA,0,NA,"left tag",NA,240
241,NA,"H",1,77,0.4,"ATV",1,"remove",2014-10-22,"0",NA,NA,NA,NA,NA,NA,NA,NA,NA,NA,NA,NA,NA,NA,NA,NA,NA,NA,0,NA,"left tag",NA,241
244,NA,"H",1,82.3,-0.1,"ATV",1,"control",2014-10-22,"0",NA,NA,NA,NA,NA,NA,NA,NA,NA,NA,NA,NA,NA,NA,NA,NA,NA,NA,0,NA,"left tag",NA,244
247,NA,"H",1,85.4,1.2,"ATP",1,"control",2014-10-22,"0",NA,NA,NA,NA,NA,NA,NA,NA,NA,NA,NA,NA,NA,NA,NA,NA,NA,NA,0,NA,"left tag",NA,247
246,NA,"H",1,99.7,0.2,"ATV",1,"remove",2014-10-22,"0",NA,NA,NA,NA,NA,NA,NA,NA,NA,NA,NA,NA,NA,NA,NA,NA,NA,NA,0,NA,"left tag",NA,246
197,NA,"H",2,5.7,-1.1,"ATV",2,"remove",2014-10-23,"1",63,48,45,NA,21,66,7,8,6,8,2,8,6,8,8,10,1,"only measured intact infls. ",1,1,"","lots of grass",197
196,NA,"H",2,5.9,0.9,"ATP",2,"control",2014-10-23,"1",20,12,31,NA,1,3,2,5,9,NA,NA,NA,NA,NA,NA,NA,NA,NA,1,1,"","",196
199,NA,"H",2,11,-3.3,"ATV",3,"remove",2014-10-23,"1",65,40,44,NA,8,1,5,NA,NA,NA,NA,NA,NA,NA,NA,NA,NA,"canopy in 3 parts",1,1,"","main branch stomped on",199
198,NA,"H",2,12,0.4,"ATP",3,"remove",2014-10-23,"1",113,114,50,NA,53,126,10,6,12,5,4,4,8,6,6,13,NA,NA,1,1,"","",198
201,NA,"H",2,18.5,-2.1,"ATV",2,"remove",2014-10-23,"1",30,20,27,NA,3,4,8,7,3,4,NA,NA,NA,NA,NA,NA,NA,NA,1,1,"","",201
200,NA,"H",2,18.6,0.1,"ATP",2,"remove",2014-10-23,"1",36,37,30,NA,10,21,6,6,6,6,3,4,5,7,5,5,1,"only measured intact infls. ",1,1,"","",200
202,NA,"H",2,24.3,0.1,"ATP",3,"control",2014-10-23,"1",54,43,38,NA,7,27,4,6,1,4,5,6,6,1,3,1,NA,NA,1,1,"under pershia","",202
203,NA,"H",2,26.3,-1.8,"ATV",3,"control",2014-10-23,"1",59,42,63,NA,11,13,7,6,4,5,6,1,1,3,5,3,NA,"black stem cankers",1,1,"","",203
205,NA,"H",2,30.1,-1.1,"ATV",2,"remove",2014-10-23,"1",26,16,37,NA,2,0,NA,NA,NA,NA,NA,NA,NA,NA,NA,NA,NA,NA,1,1,"","",205
204,NA,"H",2,32.2,0.3,"ATP",2,"control",2014-10-23,"1",12,15,16,NA,1,0,NA,NA,NA,NA,NA,NA,NA,NA,NA,NA,NA,NA,1,1,"","",204
206,NA,"H",2,35.5,0.1,"ATP",3,"remove",2014-10-23,"1",49,47,46,NA,12,6,3,7,11,10,NA,NA,NA,NA,NA,NA,NA,"measured intact infls. ",1,1,"","",206
207,NA,"H",2,37.4,-0.4,"ATV",3,"remove",2014-10-23,"1",80,49,54,NA,17,18,12,15,5,3,9,5,6,7,4,4,NA,"measured intact infls., infls herbivory",1,1,"","",207
209,NA,"H",2,41.1,0.1,"ATV",2,"control",2014-10-23,"1",44,45,39,NA,4,0,NA,NA,NA,NA,NA,NA,NA,NA,NA,NA,NA,NA,1,1,"","dying branches",209
208,NA,"H",2,42.4,-0.3,"ATP",2,"control",2014-10-23,"1",22,14,23,NA,1,0,NA,NA,NA,NA,NA,NA,NA,NA,NA,NA,1,"heavily browsed",1,1,"","",208
210,NA,"H",2,47.8,0.2,"ATP",3,"control",2014-10-23,"1",41,46,38,NA,5,49,10,5,4,6,7,4,7,7,5,7,NA,NA,1,1,"","",210
211,NA,"H",2,48.9,-1.6,"ATV",3,"control",2014-10-23,"1",59,62,72,NA,20,13,6,4,4,5,5,4,8,4,5,5,NA,NA,1,1,"","big broken branch",211
212,NA,"H",2,53.1,0.6,"ATP",2,"remove",2014-10-23,"0",NA,NA,NA,NA,NA,NA,NA,NA,NA,NA,NA,NA,NA,NA,NA,NA,NA,NA,0,NA,"left tag",NA,212
213,NA,"H",2,54.2,-0.9,"ATV",2,"remove",2014-10-23,"0",NA,NA,NA,NA,NA,NA,NA,NA,NA,NA,NA,NA,NA,NA,NA,NA,NA,NA,0,NA,"left tag",NA,213
215,NA,"H",2,60.2,1.1,"ATV",3,"remove",2014-10-23,"1",103,60,50,NA,27,21,8,7,7,7,7,6,8,7,9,5,NA,NA,1,1,"","",215
214,NA,"H",2,60.8,-1.1,"ATP",3,"remove",2014-10-23,"1",58,40,41,NA,12,4,7,12,11,NA,NA,NA,NA,NA,NA,NA,1,"one browsed infls ",1,1,"","",214
216,NA,"H",2,65,-1.3,"ATP",2,"control",2014-10-23,"1",34,24,27,NA,4,5,1,3,3,1,3,NA,NA,NA,NA,NA,NA,NA,1,1,"","",216
217,NA,"H",2,66.4,-0.5,"ATV",2,"control",2014-10-23,"1",59,44,39,NA,14,4,5,2,1,2,NA,NA,NA,NA,NA,NA,NA,NA,1,1,"","",217
218,NA,"H",2,71.4,1,"ATP",3,"control",2014-10-23,"1",46,39,30,NA,4,14,12,4,8,8,9,7,10,8,8,5,NA,"treated separate from the plant to the north ",1,1,"","",218
219,NA,"H",2,71.7,-1.5,"ATV",3,"control",2014-10-23,"1",78,69,73,NA,30,99,6,2,3,5,2,3,3,5,5,7,NA,NA,1,1,"","",219
221,NA,"H",2,77.2,-0.5,"ATV",2,"control",2014-10-23,"1",5,5,16,NA,1,0,NA,NA,NA,NA,NA,NA,NA,NA,NA,NA,1,"browsed",1,1,"one live branch. Too close to plant #220","stomped on, switched status from 0 to 1 because it was recorded alive on 5-22-14",221
220,NA,"H",2,78.1,0,"ATP",2,"remove",2014-10-23,"1",27,19,30,NA,3,0,NA,NA,NA,NA,NA,NA,NA,NA,NA,NA,NA,NA,1,1,"","resprouting from base",220
222,NA,"H",2,84.1,1.1,"ATP",3,"control",2014-10-23,"1",62,58,41,NA,12,16,3,3,2,5,5,3,3,3,5,3,NA,"black stem cankers",1,1,"","",222
223,NA,"H",2,84.8,-0.5,"ATV",3,"control",2014-10-23,"1",62,51,51,NA,12,54,5,4,3,5,2,5,4,3,1,3,NA,NA,1,1,"","not removed",223
224,NA,"H",2,89.7,-0.1,"ATP",2,"remove",2014-10-23,"1",17,17,27,NA,1,0,NA,NA,NA,NA,NA,NA,NA,NA,NA,NA,NA,NA,1,1,"resprouting","",224
225,NA,"H",2,90.7,0.5,"ATV",2,"control",2014-10-23,"1",42,18,25,NA,1,0,NA,NA,NA,NA,NA,NA,NA,NA,NA,NA,NA,NA,1,1,"x,y change ","",225
226,NA,"H",2,96.1,0.2,"ATP",3,"remove",2014-10-23,"1",93,75,38,NA,27,99,8,7,6,6,7,8,8,9,8,9,NA,NA,1,1,"","",226
227,NA,"H",2,97.2,-2.7,"ATV",3,"remove",2014-10-23,"1",69,62,56,NA,19,8,8,7,8,5,13,3,8,9,NA,NA,NA,NA,1,1,"","changed trtment",227
488,NA,"H",3,1,0,"ATP",5,"control",2014-10-23,"1",5,3,7,3.5,NA,NA,NA,NA,NA,NA,NA,NA,NA,NA,NA,NA,NA,"round galls",1,1,"","",915
117,NA,"H",3,3,0,"ATV",5,"remove",2014-10-23,"1",1,1,3,2.3,NA,NA,NA,NA,NA,NA,NA,NA,NA,NA,NA,NA,NA,NA,1,1,"","",916
752,NA,"H",3,5,-0.5,"ATP",4,"control",2014-10-23,"1",4,3,7,2.1,NA,NA,NA,NA,NA,NA,NA,NA,NA,NA,NA,NA,NA,NA,1,NA,"",NA,752
753,NA,"H",3,5,0.5,"ATP",4,"remove",2014-10-23,"0",NA,NA,NA,NA,NA,NA,NA,NA,NA,NA,NA,NA,NA,NA,NA,NA,NA,"ripped out",1,NA,"",NA,753
494,NA,"H",3,11,0,"ATP",5,"remove",2014-10-23,"0",NA,NA,NA,NA,NA,NA,NA,NA,NA,NA,NA,NA,NA,NA,NA,NA,NA,NA,1,1,"resprouting from base","dry gray, changed status from 0 to 1 because it was recorded alive on 5-22-14",917
473,NA,"H",3,13,0,"ATV",5,NA,2014-10-23,"0",NA,NA,NA,NA,NA,NA,NA,NA,NA,NA,NA,NA,NA,NA,NA,NA,NA,NA,0,NA,"left tag",NA,918
554,NA,"H",3,17,0.5,"ATV",4,"control",2014-10-23,"1",3,2,6,2.4,NA,NA,NA,NA,NA,NA,NA,NA,NA,NA,NA,NA,NA,NA,1,NA,"",NA,554
280,NA,"H",3,21,0,"ATP",5,"control",2014-10-23,"0",NA,NA,NA,NA,NA,NA,NA,NA,NA,NA,NA,NA,NA,NA,NA,NA,NA,NA,0,NA,"left tag",NA,919
502,NA,"H",3,23,0,"ATV",5,"remove",2014-10-23,"1",4,3,6,3.9,NA,NA,NA,NA,NA,NA,NA,NA,NA,NA,NA,NA,1,"browsed",1,1,"","",920
556,NA,"H",3,27,-0.5,"ATV",4,"control",2014-10-23,"0",NA,NA,NA,NA,NA,NA,NA,NA,NA,NA,NA,NA,NA,NA,NA,NA,NA,NA,0,NA,"left tag",NA,556
557,NA,"H",3,27,0.5,"ATV",4,"remove",2014-10-23,"0",NA,NA,NA,NA,NA,NA,NA,NA,NA,NA,NA,NA,NA,NA,NA,NA,NA,NA,0,NA,"browsed, left tag",NA,557
754,NA,"H",3,33,0,"ATV",5,NA,2014-10-23,"0",NA,NA,NA,NA,NA,NA,NA,NA,NA,NA,NA,NA,NA,NA,NA,NA,NA,NA,3,0,"","dry gray",922
758,NA,"H",3,35,-0.5,"ATP",4,"control",2014-10-23,"0",NA,NA,NA,NA,NA,NA,NA,NA,NA,NA,NA,NA,NA,NA,NA,NA,NA,NA,1,NA,"barely alive",NA,758
759,"555","H",3,35,0.5,"ATP",4,"remove",2014-10-23,"1",3,1,4,2.2,NA,NA,NA,NA,NA,NA,NA,NA,NA,NA,NA,NA,NA,NA,1,NA,"",NA,759
558,NA,"H",3,37,-0.5,"ATV",4,"remove",2014-10-23,"1",4,3,7,2.5,NA,NA,NA,NA,NA,NA,NA,NA,NA,NA,NA,NA,1,"browsed",1,NA,"",NA,558
613,NA,"H",3,41,0,"ATP",5,"control",2014-10-23,"1",1,1,1,3.4,NA,NA,NA,NA,NA,NA,NA,NA,NA,NA,NA,NA,1,"browsed",1,1,"","",923
471,NA,"H",3,43,0,"ATV",5,NA,2014-10-23,"0",NA,NA,NA,NA,NA,NA,NA,NA,NA,NA,NA,NA,NA,NA,NA,NA,NA,NA,3,0,"","dry gray",924
761,NA,"H",3,45,0.5,"ATP",4,"control",2014-10-23,"1",4,3,8,2.7,NA,NA,NA,NA,NA,NA,NA,NA,NA,NA,NA,NA,NA,NA,1,NA,"",NA,761
560,NA,"H",3,47,-0.5,"ATV",4,"remove",2014-10-23,"1",4,2,5,3.6,NA,NA,NA,NA,NA,NA,NA,NA,NA,NA,NA,NA,1,"browsed",1,NA,"",NA,560
561,NA,"H",3,47,0.5,"ATV",4,"control",2014-10-23,"1",5,2,6,2,NA,NA,NA,NA,NA,NA,NA,NA,NA,NA,NA,NA,NA,NA,1,NA,"",NA,561
824,NA,"H",3,51,0,"ATP",5,"remove",2014-10-23,"0",NA,NA,NA,NA,NA,NA,NA,NA,NA,NA,NA,NA,NA,NA,NA,NA,NA,"no lvs, dry",1,1,"","",925
290,NA,"H",3,54,0,"ATV",5,"control",2014-10-23,"1",6,5,6,3.8,NA,NA,NA,NA,NA,NA,NA,NA,NA,NA,NA,NA,NA,NA,1,1,"","",926
762,NA,"H",3,55,-0.5,"ATP",4,"remove",2014-10-23,"1",1,1,3,2.1,NA,NA,NA,NA,NA,NA,NA,NA,NA,NA,NA,NA,1,"heavily browsed",1,NA,"",NA,762
562,NA,"H",3,57,-0.5,"ATV",4,"remove",2014-10-23,"3",1,1,5,2.9,NA,NA,NA,NA,NA,NA,NA,NA,NA,NA,NA,NA,1,"heavily browsed",1,NA,"",NA,562
563,NA,"H",3,57,0.5,"ATV",4,"control",2014-10-23,"1",2,3,5,2.2,NA,NA,NA,NA,NA,NA,NA,NA,NA,NA,NA,NA,NA,NA,1,NA,"",NA,563
756,NA,"H",3,61,0,"ATP",5,"remove",2014-10-23,"1",1,1,3,2.3,NA,NA,NA,NA,NA,NA,NA,NA,NA,NA,NA,NA,1,"heavily browsed",1,1,"","",927
465,NA,"H",3,63,0,"ATV",5,NA,2014-10-23,"0",NA,NA,NA,NA,NA,NA,NA,NA,NA,NA,NA,NA,NA,NA,NA,NA,NA,NA,3,0,"might have been browsed","dry no lvs",928
765,NA,"H",3,65,0.5,"ATP",4,"control",2014-10-23,"1",5,3,7,2.5,NA,NA,NA,NA,NA,NA,NA,NA,NA,NA,NA,NA,NA,NA,1,NA,"",NA,765
564,NA,"H",3,67,-0.5,"ATV",4,"control",2014-10-23,"1",3,2,9,2.5,NA,NA,NA,NA,NA,NA,NA,NA,NA,NA,NA,NA,NA,NA,1,NA,"",NA,564
547,NA,"H",3,70,0,"ATP",5,"control",2014-10-23,"1",3,2,3,2.2,NA,NA,NA,NA,NA,NA,NA,NA,NA,NA,NA,NA,NA,NA,1,1,"","browsed resprouting",929
474,NA,"H",3,73,0,"ATV",5,"remove",2014-10-23,"0",NA,NA,NA,NA,NA,NA,NA,NA,NA,NA,NA,NA,NA,NA,NA,NA,1,"browsed",1,1,"","",930
800,NA,"H",3,81,0,"ATP",5,"remove",2014-10-23,"1",1,1,2,2.4,NA,NA,NA,NA,NA,NA,NA,NA,NA,NA,NA,NA,1,"browsed",1,1,"","",931
602,NA,"H",3,83,0,"ATV",5,"control",2014-10-23,"3",NA,NA,NA,NA,NA,NA,NA,NA,NA,NA,NA,NA,NA,NA,NA,NA,NA,"no leaves",1,1,"","",932
768,NA,"H",3,85,-0.5,"ATP",4,"control",2014-10-23,"1",3,2,5,1.7,NA,NA,NA,NA,NA,NA,NA,NA,NA,NA,NA,NA,NA,NA,1,NA,"",NA,768
769,NA,"H",3,85,0.5,"ATP",4,"remove",2014-10-23,"1",7,4,8,2.8,NA,NA,NA,NA,NA,NA,NA,NA,NA,NA,NA,NA,1,"browsed a little ",1,NA,"",NA,769
569,NA,"H",3,87,0.5,"ATV",4,"control",2014-10-23,"0",NA,NA,NA,NA,NA,NA,NA,NA,NA,NA,NA,NA,NA,NA,NA,NA,1,"browsed",1,NA,"",NA,569
255,NA,"H",3,89.8,-0.5,"ATP",1,"control",2014-10-23,"1",5,4,8,4.2,NA,NA,NA,NA,NA,NA,NA,NA,NA,NA,NA,NA,1,"browsed",1,1,"x, y change, transect change","could not find it, changed status from 2 to 1 because it was alive on 5-22-14",255
459,NA,"H",3,91,0,"ATP",5,"control",2014-10-23,"1",3,2,4,2.4,NA,NA,NA,NA,NA,NA,NA,NA,NA,NA,NA,NA,NA,NA,1,1,"","",933
481,NA,"H",3,93,0,"ATV",5,"control",2014-10-23,"1",1,1,6,2.3,NA,NA,NA,NA,NA,NA,NA,NA,NA,NA,NA,NA,1,"browsed",1,1,"","",934
771,NA,"H",3,95,0.5,"ATV",6,"remove",2014-10-23,"0",NA,NA,NA,NA,NA,NA,NA,NA,NA,NA,NA,NA,NA,NA,NA,NA,NA,NA,1,NA,"one leaf seedling still alive",NA,1087
254,NA,"H",5,17.6,-3.4,"ATP",1,"control",2014-10-23,"0",NA,NA,NA,NA,NA,NA,NA,NA,NA,NA,NA,NA,NA,NA,NA,NA,NA,NA,0,NA,"left tag",NA,254
259,NA,"H",5,50.6,-12.9,"ATP",1,"control",2014-10-23,"1",4,3,6,2.5,NA,NA,NA,NA,NA,NA,NA,NA,NA,NA,NA,NA,NA,NA,1,NA,"",NA,259
478,NA,"H",5,53,-0.4,"ATP",2,"control",2014-10-23,"1",37,31,37,NA,4,4,5,2,3,1,NA,NA,NA,NA,NA,NA,NA,"change species",1,NA,"underneath large ATV",NA,1089
858,NA,"H",5,54.4,-0.8,"ATV",2,"control",2014-10-23,"1",40,23,37,NA,5,6,3,6,3,4,2,2,NA,NA,NA,NA,NA,NA,1,NA,"broken branch on east side",NA,1088
256,NA,"H",5,69.1,-8.3,"ATP",1,"remove",2014-10-23,"1",4,3,4,NA,NA,NA,NA,NA,NA,NA,NA,NA,NA,NA,NA,NA,NA,"multistem resprouting ",1,NA,"",NA,256
250,NA,"H",5,69.7,1,"ATP",1,"remove",2014-10-23,"1",6,3,11,3.3,NA,NA,NA,NA,NA,NA,NA,NA,NA,NA,NA,NA,NA,NA,1,NA,"",NA,250
251,NA,"H",5,71,-0.8,"ATP",1,"control",2014-10-23,"1",2,2,3,1.6,NA,NA,NA,NA,NA,NA,NA,NA,NA,NA,NA,NA,NA,NA,1,NA,"",NA,251
252,NA,"H",5,72.1,-2.2,"ATP",1,"control",2014-10-23,"1",3,3,9,3,NA,NA,NA,NA,NA,NA,NA,NA,NA,NA,NA,NA,NA,NA,1,NA,"",NA,252
257,NA,"H",5,76.4,-1,"ATP",1,"remove",2014-10-23,"0",NA,NA,NA,NA,NA,NA,NA,NA,NA,NA,NA,NA,NA,NA,NA,NA,NA,NA,0,NA,"left tag",NA,844
253,NA,"H",5,89,2,"ATP",1,"control",2014-10-23,"1",4,2,8,2.6,NA,NA,NA,NA,NA,NA,NA,NA,NA,NA,NA,NA,NA,NA,1,NA,"",NA,253
249,NA,"H",5,91,3.5,"ATP",1,"control",2014-10-23,"1",4,3,7,2.2,NA,NA,NA,NA,NA,NA,NA,NA,NA,NA,NA,NA,NA,NA,1,NA,"added to replace dead ATPs ",NA,1117
258,NA,"H",5,92.4,-10,"ATP",1,"remove",2014-10-23,"1",7,8,13,4,NA,NA,NA,NA,NA,NA,NA,NA,NA,NA,NA,NA,NA,NA,1,NA,"",NA,258
916,NA,"H",6,12.4,0.2,"ATP",1,"control",2014-10-23,"1",6,5,7,2.2,NA,NA,NA,NA,NA,NA,NA,NA,NA,NA,NA,NA,NA,NA,1,NA,"added to replace dead ATPs ",NA,1111
917,NA,"H",6,24.9,16.5,"ATP",1,"remove",2014-10-23,"1",1,1,4,1.9,NA,NA,NA,NA,NA,NA,NA,NA,NA,NA,NA,NA,NA,NA,1,NA,"added to replace dead ATPs ",NA,1112
918,NA,"H",6,31.7,4.5,"ATP",1,"control",2014-10-23,"1",4,1,10,2.9,NA,NA,NA,NA,NA,NA,NA,NA,NA,NA,NA,NA,NA,NA,1,NA,"added to replace dead ATPs ",NA,1113
919,NA,"H",6,55.8,9.3,"ATP",1,"remove",2014-10-23,"1",2,2,4,2.4,NA,NA,NA,NA,NA,NA,NA,NA,NA,NA,NA,NA,1,"browsed",1,NA,"added to replace dead ATPs ",NA,1114
921,NA,"H",6,103,14.5,"ATP",1,"control",2014-10-23,"1",5,2,7,2.3,NA,NA,NA,NA,NA,NA,NA,NA,NA,NA,NA,NA,NA,"changed x ",1,NA,"added to replace dead ATPs ",NA,1116
920,NA,"H",6,105,14.5,"ATP",1,"remove",2014-10-23,"1",5,3,7,2.8,NA,NA,NA,NA,NA,NA,NA,NA,NA,NA,NA,NA,NA,"changed x ",1,NA,"added to replace dead ATPs ",NA,1115
180,NA,"I",1,13.6,-1.5,"ATP",1,"control",2014-10-23,"1",10,7,9,5.1,NA,NA,NA,NA,NA,NA,NA,NA,NA,NA,NA,NA,NA,NA,1,1,"","frost heave",180
181,NA,"I",1,20.2,-0.7,"ATP",1,"remove",2014-10-23,"1",7,7,9,3.3,NA,NA,NA,NA,NA,NA,NA,NA,NA,NA,NA,NA,NA,NA,1,1,"","",181
182,NA,"I",1,32.2,0,"ATP",1,"remove",2014-10-23,"1",3,3,5,2,NA,NA,NA,NA,NA,NA,NA,NA,NA,NA,NA,NA,NA,NA,1,1,"","top died but resprouting from stem",182
183,NA,"I",1,34.3,-2,"ATP",1,"remove",2014-10-23,"1",7,5,7,3,NA,NA,NA,NA,NA,NA,NA,NA,NA,NA,NA,NA,NA,NA,1,1,"","",183
184,NA,"I",1,43.8,-0.3,"ATP",1,"control",2014-10-23,"1",9,7,9,4.1,NA,NA,NA,NA,NA,NA,NA,NA,NA,NA,NA,NA,NA,NA,1,1,"","",184
185,NA,"I",1,46.1,0.4,"ATP",1,"remove",2014-10-23,"1",8,6,10,3.7,NA,NA,NA,NA,NA,NA,NA,NA,NA,NA,NA,NA,NA,NA,1,1,"","",185
186,NA,"I",1,49,0.9,"ATP",1,"remove",2014-10-23,"1",4,5,9,2.8,NA,NA,NA,NA,NA,NA,NA,NA,NA,NA,NA,NA,NA,NA,1,1,"","",186
187,NA,"I",1,50.3,-0.6,"ATP",1,"control",2014-10-23,"1",4,3,6,2.1,NA,NA,NA,NA,NA,NA,NA,NA,NA,NA,NA,NA,NA,NA,1,1,"","",187
188,NA,"I",1,50.7,1.7,"ATP",1,"control",2014-10-21,"1",4,3,8,2.5,NA,NA,NA,NA,NA,NA,NA,NA,NA,NA,NA,NA,NA,NA,1,1,"","",188
191,NA,"I",1,52.7,0.5,"ATP",1,"remove",2014-10-21,"1",7,7,10,3.4,NA,NA,NA,NA,NA,NA,NA,NA,NA,NA,NA,NA,NA,NA,1,1,"","",191
192,NA,"I",1,62.2,0,"ATP",1,"control",2014-10-21,"1",5,4,7,2.6,NA,NA,NA,NA,NA,NA,NA,NA,NA,NA,NA,NA,NA,NA,1,1,"","",192
193,NA,"I",1,67.4,0.5,"ATP",1,"remove",2014-10-21,"1",8,6,9,3.6,NA,NA,NA,NA,NA,NA,NA,NA,NA,NA,NA,NA,NA,NA,1,1,"","",193
194,NA,"I",1,72.7,0.4,"ATP",1,"control",2014-10-21,"1",10,9,9,4,NA,NA,NA,NA,NA,NA,NA,NA,NA,NA,NA,NA,NA,NA,1,1,"","",194
656,NA,"I",1,87.3,2,"ATP",1,"control",2014-10-21,"0",NA,NA,NA,NA,NA,NA,NA,NA,NA,NA,NA,NA,NA,NA,NA,NA,NA,"no lvs",1,NA,"",NA,1058
195,NA,"I",1,88.3,0,"ATP",1,"control",2014-10-21,"1",7,6,12,3.2,1,1,1,NA,NA,NA,NA,NA,NA,NA,NA,NA,NA,"smallest flowering plant",1,1,"","",837
190,NA,"I",1,99,0.1,"ATP",1,"remove",2014-10-21,"1",12,12,9,5,NA,NA,NA,NA,NA,NA,NA,NA,NA,NA,NA,NA,NA,NA,1,1,"","",836
164,NA,"I",3,6,0.6,"ATP",2,"control",2014-10-21,"1",38,29,32,NA,4,48,2,1,1,1,3,1,3,2,4,3,NA,NA,1,1,"","",164
165,NA,"I",3,12.3,-0.2,"ATP",3,"remove",2014-10-21,"1",81,54,47,NA,21,260,5,8,7,7,6,7,7,5,5,7,NA,NA,1,1,"","",165
166,NA,"I",3,16.6,-1.1,"ATP",2,"remove",2014-10-21,"1",43,25,35,NA,7,10,8,5,4,8,7,7,6,4,1,1,NA,NA,1,1,"","",166
167,NA,"I",3,24,-0.4,"ATP",3,"remove",2014-10-21,"1",55,47,37,NA,15,35,13,12,8,6,9,8,5,4,2,6,NA,NA,1,1,"","",167
168,NA,"I",3,30.3,0.9,"ATP",2,"control",2014-10-21,"1",7,5,10,NA,1,0,NA,NA,NA,NA,NA,NA,NA,NA,NA,NA,NA,NA,1,1,"resprouting growing from base","",168
169,NA,"I",3,35.8,0.1,"ATP",3,"remove",2014-10-21,"1",58,58,50,NA,22,180,10,9,10,6,10,10,13,13,8,9,NA,NA,1,1,"","",169
170,NA,"I",3,41.6,0.4,"ATP",2,"remove",2014-10-21,"1",45,34,37,NA,11,91,8,8,7,9,6,12,9,10,8,8,NA,NA,1,1,"","",170
171,NA,"I",3,47.9,0.5,"ATP",3,"control",2014-10-21,"1",103,71,51,NA,24,257,4,5,5,4,3,3,3,4,7,5,NA,NA,1,1,"","",171
172,NA,"I",3,53.3,1.3,"ATP",2,"remove",2014-10-21,"1",22,15,18,NA,2,0,NA,NA,NA,NA,NA,NA,NA,NA,NA,NA,NA,NA,1,1,"resprouting from base ","",172
173,NA,"I",3,60,-0.2,"ATP",3,"control",2014-10-21,"1",53,26,53,NA,5,34,4,1,3,4,4,3,4,3,1,4,NA,"black stem cankers",1,1,"","",173
174,NA,"I",3,65.1,-1.8,"ATP",2,"remove",2014-10-21,"1",15,8,16,NA,1,0,NA,NA,NA,NA,NA,NA,NA,NA,NA,NA,NA,NA,1,1,"","",174
175,NA,"I",3,71.6,0.6,"ATP",3,"control",2014-10-21,"1",72,54,50,NA,23,174,6,4,2,3,3,4,2,3,3,4,NA,NA,1,1,"","",175
176,NA,"I",3,79.2,-0.1,"ATP",2,"control",2014-10-21,"1",26,19,36,NA,2,39,5,4,1,5,6,5,5,2,5,2,NA,NA,1,1,"","",176
177,NA,"I",3,83.9,0.1,"ATP",3,"control",2014-10-21,"1",53,24,52,NA,4,48,1,2,1,3,3,3,2,2,4,3,NA,NA,1,1,"","",177
178,NA,"I",3,89.5,-0.1,"ATP",2,"control",2014-10-21,"1",38,17,48,NA,3,27,1,1,2,2,1,3,2,3,3,3,NA,NA,1,1,"","",178
179,NA,"I",3,96.3,-0.5,"ATP",3,"remove",2014-10-21,"1",54,44,39,NA,13,126,8,1,4,3,5,4,6,6,6,9,NA,"black aphids change x ",1,1,"","",179
707,NA,"I",4,11,0,"ATP",5,"remove",2014-10-21,"0",NA,NA,NA,NA,NA,NA,NA,NA,NA,NA,NA,NA,NA,NA,NA,NA,NA,NA,1,1,"","",977
698,NA,"I",4,13,0,"ATV",5,"remove",2014-10-21,"1",4,3,7,2.6,NA,NA,NA,NA,NA,NA,NA,NA,NA,NA,NA,NA,NA,NA,1,1,"","",978
572,NA,"I",4,21,0,"ATP",5,"control",2014-10-21,"1",3,3,5,3.3,NA,NA,NA,NA,NA,NA,NA,NA,NA,NA,NA,NA,NA,"fuzzy galls ",1,1,"","",979
498,NA,"I",4,23,0,"ATV",5,"control",2014-10-21,"1",3,3,4,3.1,NA,NA,NA,NA,NA,NA,NA,NA,NA,NA,NA,NA,NA,NA,1,1,"","",980
626,NA,"I",4,31,0,"ATP",5,"remove",2014-10-21,"1",4,3,6,2.6,NA,NA,NA,NA,NA,NA,NA,NA,NA,NA,NA,NA,NA,NA,1,1,"","",981
815,NA,"I",4,33,0,"ATV",5,"remove",2014-10-21,"1",6,5,9,3.5,NA,NA,NA,NA,NA,NA,NA,NA,NA,NA,NA,NA,NA,NA,1,1,"","",982
618,NA,"I",4,37,-0.5,"ATV",4,"remove",2014-10-21,"3",NA,NA,NA,NA,NA,NA,NA,NA,NA,NA,NA,NA,NA,NA,NA,NA,NA,"no leaves",1,1,"","",618
615,NA,"I",4,41,0,"ATP",5,"remove",2014-10-21,"1",5,4,7,2.7,NA,NA,NA,NA,NA,NA,NA,NA,NA,NA,NA,NA,NA,NA,1,1,"","",983
576,NA,"I",4,43,0,"ATV",5,"remove",2014-10-21,"0",NA,NA,NA,NA,NA,NA,NA,NA,NA,NA,NA,NA,NA,NA,NA,NA,NA,"no leaves",1,1,"","",984
616,NA,"I",4,53,0,"ATP",5,"control",2014-10-21,"1",3,2,4,1.6,NA,NA,NA,NA,NA,NA,NA,NA,NA,NA,NA,NA,NA,NA,1,1,"y change","",985
658,NA,"I",4,54,0,"ATV",5,"control",2014-10-21,"1",4,4,6,3,NA,NA,NA,NA,NA,NA,NA,NA,NA,NA,NA,NA,NA,NA,1,1,"y change","",986
504,NA,"I",4,61,0,"ATP",5,"control",2014-10-21,"1",6,3,8,2.8,NA,NA,NA,NA,NA,NA,NA,NA,NA,NA,NA,NA,NA,NA,1,1,"","",987
461,NA,"I",4,63,0,"ATV",5,"control",2014-10-21,"1",6,5,8,3.2,NA,NA,NA,NA,NA,NA,NA,NA,NA,NA,NA,NA,NA,NA,1,1,"","",988
622,NA,"I",4,71,0,"ATP",5,"remove",2014-10-21,"1",8,6,12,3.7,NA,NA,NA,NA,NA,NA,NA,NA,NA,NA,NA,NA,NA,NA,1,1,"","",989
523,NA,"I",4,73,0,"ATV",5,"control",2014-10-21,"1",3,2,4,1.5,NA,NA,NA,NA,NA,NA,NA,NA,NA,NA,NA,NA,NA,NA,1,1,"","",990
544,NA,"I",4,81,0,"ATP",5,"control",2014-10-21,"0",NA,NA,NA,NA,NA,NA,NA,NA,NA,NA,NA,NA,NA,NA,NA,NA,NA,NA,1,1,"","dead on top",991
566,NA,"I",4,83,0,"ATV",5,"remove",2014-10-21,"1",7,5,8,4.1,NA,NA,NA,NA,NA,NA,NA,NA,NA,NA,NA,NA,NA,NA,1,1,"","",992
628,NA,"I",4,87,-0.5,"ATV",4,"control",2014-10-21,"0",NA,NA,NA,NA,NA,NA,NA,NA,NA,NA,NA,NA,NA,NA,NA,NA,NA,"some white rot in roots",1,1,"resprouting","",628
489,NA,"I",4,91,0,"ATP",5,"control",2014-10-21,"1",6,3,8,2.6,NA,NA,NA,NA,NA,NA,NA,NA,NA,NA,NA,NA,NA,NA,1,1,"","",993
484,NA,"I",4,93,0,"ATV",5,"control",2014-10-21,"3",NA,NA,NA,NA,NA,NA,NA,NA,NA,NA,NA,NA,NA,NA,NA,NA,NA,"no leaves",1,1,"","",994
260,NA,"J",2,2.2,-1.1,"ATV",1,"control",2014-10-21,"0",NA,NA,NA,NA,NA,NA,NA,NA,NA,NA,NA,NA,NA,NA,NA,NA,NA,NA,0,NA,"left tag",NA,260
585,NA,"J",2,2.4,-2,"ATV",1,"remove",2014-10-21,"1",6,4,8,2.9,NA,NA,NA,NA,NA,NA,NA,NA,NA,NA,NA,NA,NA,NA,1,NA,"",NA,1094
669,NA,"J",2,3.4,1,"ATV",1,"control",2014-10-21,"1",4,3,3,1.8,NA,NA,NA,NA,NA,NA,NA,NA,NA,NA,NA,NA,NA,NA,1,NA,"probably the same plant as #261 which was lost in the fall",NA,1095
597,NA,"J",2,12.9,-0.8,"ATV",1,"remove",2014-10-21,"1",3,2,3,1.9,NA,NA,NA,NA,NA,NA,NA,NA,NA,NA,NA,NA,NA,NA,1,NA,"in rock crack, seedling tag held with rock, other seedling nearby",NA,1096
802,NA,"J",2,15.8,-2.5,"ATV",1,"remove",2014-10-21,"1",5,4,11,3.8,NA,NA,NA,NA,NA,NA,NA,NA,NA,NA,NA,NA,1,"browsed",1,NA,"",NA,1097
263,NA,"J",2,17.6,-0.8,"ATV",1,"remove",2014-10-21,"1",3,3,7,3.5,NA,NA,NA,NA,NA,NA,NA,NA,NA,NA,NA,NA,NA,NA,1,1,"","removal ineffective",263
264,NA,"J",2,19.7,1.5,"ATV",1,"control",2014-10-21,"0",NA,NA,NA,NA,NA,NA,NA,NA,NA,NA,NA,NA,NA,NA,NA,NA,NA,NA,0,NA,"left tag",NA,264
265,NA,"J",2,29.9,0,"ATV",1,"control",2014-10-21,"1",5,2,6,2.4,NA,NA,NA,NA,NA,NA,NA,NA,NA,NA,NA,NA,NA,NA,1,1,"","",265
266,NA,"J",2,30.8,0.6,"ATV",1,"remove",2014-10-21,"1",2,1,4,2.5,NA,NA,NA,NA,NA,NA,NA,NA,NA,NA,NA,NA,1,"browsed",1,1,"","",266
770,NA,"J",2,33.2,3.8,"ATV",1,"remove",2014-10-21,"0",NA,NA,NA,NA,NA,NA,NA,NA,NA,NA,NA,NA,NA,NA,NA,NA,NA,NA,1,NA,"",NA,1098
267,NA,"J",2,39.3,2.4,"ATV",1,"control",2014-10-21,"1",1,1,5,2.9,NA,NA,NA,NA,NA,NA,NA,NA,NA,NA,NA,NA,1,"heavily browsed",1,1,"","resprouting",267
808,NA,"J",2,43.2,-5,"ATV",1,"control",2014-10-21,"1",6,3,8,3,NA,NA,NA,NA,NA,NA,NA,NA,NA,NA,NA,NA,NA,NA,1,NA,"",NA,1099
268,NA,"J",2,44.3,-0.8,"ATV",1,"remove",2014-10-21,"0",NA,NA,NA,NA,NA,NA,NA,NA,NA,NA,NA,NA,NA,NA,NA,NA,NA,NA,0,NA,"left tag",NA,268
269,NA,"J",2,45,0.4,"ATV",1,"remove",2014-10-21,"1",3,2,4,2.5,NA,NA,NA,NA,NA,NA,NA,NA,NA,NA,NA,NA,1,"browsed",1,1,"","",269
271,NA,"J",2,45.9,-0.9,"ATV",1,"remove",2014-10-21,"0",NA,NA,NA,NA,NA,NA,NA,NA,NA,NA,NA,NA,NA,NA,NA,NA,NA,NA,0,NA,"left tag",NA,271
277,NA,"J",2,66.3,1,"ATV",1,"control",2014-10-21,"1",2,1,3,1.1,NA,NA,NA,NA,NA,NA,NA,NA,NA,NA,NA,NA,NA,NA,1,1,"","",277
652,NA,"J",2,69.8,3,"ATV",1,"control",2014-10-21,"1",1,1,3,2.7,NA,NA,NA,NA,NA,NA,NA,NA,NA,NA,NA,NA,1,"heavily browsed",1,NA,"",NA,1100
278,NA,"J",2,76.5,1.7,"ATV",1,"control",2014-10-21,"1",2,1,7,2.6,NA,NA,NA,NA,NA,NA,NA,NA,NA,NA,NA,NA,1,"browsed",1,1,"","",278
281,NA,"J",2,88.2,0,"ATV",1,"remove",2014-10-21,"1",3,2,9,1.9,NA,NA,NA,NA,NA,NA,NA,NA,NA,NA,NA,NA,NA,"white scale insects",1,1,"","",281
276,NA,"J",2,89.5,-0.4,"ATV",1,"control",2014-10-21,"1",6,4,11,3.1,NA,NA,NA,NA,NA,NA,NA,NA,NA,NA,NA,NA,NA,NA,1,NA,"has a gall",NA,1101
320,NA,"J",3,6,-0.1,"ATV",2,"control",2014-10-21,"1",32,27,77,NA,5,2,8,9,NA,NA,NA,NA,NA,NA,NA,NA,NA,NA,1,1,"","",320
321,NA,"J",3,12.6,0.3,"ATV",3,"remove",2014-10-21,"1",115,99,81,NA,52,55,9,14,8,10,16,8,7,8,9,8,NA,NA,1,1,"","removal effective",321
322,NA,"J",3,17.7,-0.1,"ATV",2,"remove",2014-10-21,"1",16,12,51,NA,1,0,NA,NA,NA,NA,NA,NA,NA,NA,NA,NA,NA,NA,1,1,"","broken branch dying ",322
323,NA,"J",3,24.6,0,"ATV",3,"remove",2014-10-21,"1",86,62,75,NA,28,54,4,12,8,9,9,8,9,6,6,10,NA,NA,1,1,"","",323
324,NA,"J",3,30.3,-0.1,"ATV",2,"control",2014-10-21,"1",15,9,32,NA,1,0,NA,NA,NA,NA,NA,NA,NA,NA,NA,NA,NA,NA,1,1,"","",324
325,NA,"J",3,35.8,0.5,"ATV",3,"remove",2014-10-21,"1",102,77,50,NA,25,17,13,17,12,11,16,13,13,11,14,10,NA,NA,1,1,"","",325
326,NA,"J",3,41.6,0.4,"ATV",2,"remove",2014-10-21,"0",NA,NA,NA,NA,NA,NA,NA,NA,NA,NA,NA,NA,NA,NA,NA,NA,NA,NA,0,NA,"left tag",NA,326
327,NA,"J",3,47.8,0,"ATV",3,"control",2014-10-21,"1",71,59,69,NA,9,30,7,7,7,5,7,7,7,5,4,3,NA,NA,1,1,"","",327
328,NA,"J",3,53.8,0.2,"ATV",2,"remove",2014-10-21,"1",30,19,34,NA,4,1,10,NA,NA,NA,NA,NA,NA,NA,NA,NA,NA,NA,1,1,"","",328
329,NA,"J",3,59.8,-0.8,"ATV",3,"control",2014-10-21,"1",54,52,56,NA,12,23,7,10,6,4,6,1,7,8,9,7,NA,NA,1,1,"","",329
764,NA,"J",3,62.9,-0.9,"ATV",2,"remove",2014-10-21,"1",22,15,42,NA,3,5,12,6,12,13,14,NA,NA,NA,NA,NA,NA,NA,1,NA,"",NA,1102
330,NA,"J",3,65.9,0,"ATV",2,"remove",2014-10-21,"1",17,14,27,NA,2,0,NA,NA,NA,NA,NA,NA,NA,NA,NA,NA,NA,NA,1,1,"","",330
331,NA,"J",3,72.4,0.2,"ATV",3,"remove",2014-10-21,"1",108,87,60,NA,37,13,10,17,13,7,7,NA,NA,NA,NA,NA,1,"black rust infls browsed",1,1,"","",331
332,NA,"J",3,77.7,0,"ATV",2,"control",2014-10-21,"1",11,7,15,NA,1,0,NA,NA,NA,NA,NA,NA,NA,NA,NA,NA,NA,NA,1,1,"","",332
333,NA,"J",3,83.7,0.6,"ATV",3,"control",2014-10-21,"1",48,29,69,NA,6,4,4,7,7,8,NA,NA,NA,NA,NA,NA,NA,"dead branch ",1,1,"","",333
334,NA,"J",3,90.9,-0.1,"ATV",2,"control",2014-10-21,"1",29,21,31,NA,3,4,5,3,1,6,NA,NA,NA,NA,NA,NA,NA,NA,1,1,"","",334
335,NA,"J",3,95.9,-0.5,"ATV",3,"control",2014-10-21,"1",77,44,36,NA,7,15,5,5,6,6,8,10,6,8,5,4,NA,"canopy in 2 parts",1,1,"","",335
767,NA,"J",4,1,0,"ATP",5,"control",2014-10-21,"1",2,3,3,1.8,NA,NA,NA,NA,NA,NA,NA,NA,NA,NA,NA,NA,NA,NA,1,1,"","",895
458,NA,"J",4,3,0,"ATV",5,"remove",2014-10-21,"1",4,3,5,3,NA,NA,NA,NA,NA,NA,NA,NA,NA,NA,NA,NA,NA,NA,1,1,"","",896
633,NA,"J",4,5,0.5,"ATP",4,"control",2014-10-21,"1",4,3,7,1.9,NA,NA,NA,NA,NA,NA,NA,NA,NA,NA,NA,NA,NA,NA,1,1,"","",633
432,NA,"J",4,7,-0.5,"ATV",4,"control",2014-10-21,"1",4,4,8,2.4,NA,NA,NA,NA,NA,NA,NA,NA,NA,NA,NA,NA,1,"browsed a little ",1,1,"","",432
245,NA,"J",4,11,0,"ATP",5,"control",2014-10-21,"1",3,3,6,1.6,NA,NA,NA,NA,NA,NA,NA,NA,NA,NA,NA,NA,1,"browsed a little ",1,1,"","",897
115,NA,"J",4,13,0,"ATV",5,"control",2014-10-21,"0",NA,NA,NA,NA,NA,NA,NA,NA,NA,NA,NA,NA,NA,NA,NA,NA,1,"browsed a little ",3,1,"left tag","wilted",898
635,NA,"J",4,15,0.5,"ATP",4,"control",2014-10-21,"1",4,2,5,2.5,NA,NA,NA,NA,NA,NA,NA,NA,NA,NA,NA,NA,NA,NA,1,1,"","",635
435,NA,"J",4,17,0.5,"ATV",4,"control",2014-10-21,"1",1,1,5,2.4,NA,NA,NA,NA,NA,NA,NA,NA,NA,NA,NA,NA,NA,"gray gall",1,1,"","",435
620,NA,"J",4,21,0,"ATP",5,"remove",2014-10-21,"1",2,2,3,2.1,NA,NA,NA,NA,NA,NA,NA,NA,NA,NA,NA,NA,1,"browsed",1,1,"","",899
575,NA,"J",4,23,0,"ATV",5,"control",2014-10-21,"0",NA,NA,NA,NA,NA,NA,NA,NA,NA,NA,NA,NA,NA,NA,NA,NA,NA,NA,0,NA,"left tag",NA,900
636,NA,"J",4,25,-0.5,"ATP",4,"remove",2014-10-21,"1",1,1,6,2.8,NA,NA,NA,NA,NA,NA,NA,NA,NA,NA,NA,NA,1,"browsed",1,1,"","",636
637,NA,"J",4,25,0.5,"ATP",4,"control",2014-10-21,"1",2,2,4,2,NA,NA,NA,NA,NA,NA,NA,NA,NA,NA,NA,NA,1,"browsed",1,1,"","",637
436,NA,"J",4,27,-0.5,"ATV",4,"remove",2014-10-21,"1",5,6,6,3,NA,NA,NA,NA,NA,NA,NA,NA,NA,NA,NA,NA,NA,NA,1,1,"","",436
437,NA,"J",4,27,0.5,"ATV",4,"control",2014-10-21,"1",2,2,4,1.9,NA,NA,NA,NA,NA,NA,NA,NA,NA,NA,NA,NA,NA,NA,1,1,"","resprouting ",437
683,NA,"J",4,31,0,"ATP",5,"remove",2014-10-21,"1",1,1,1,1.6,NA,NA,NA,NA,NA,NA,NA,NA,NA,NA,NA,NA,1,"heavily browsed",1,1,"","browsed resprouting",901
689,NA,"J",4,33,0,"ATV",5,"remove",2014-10-21,"1",2,1,3,2,NA,NA,NA,NA,NA,NA,NA,NA,NA,NA,NA,NA,1,"heavily browsed",1,1,"","",902
638,NA,"J",4,35,-0.5,"ATP",4,"control",2014-10-21,"1",4,3,5,2.4,NA,NA,NA,NA,NA,NA,NA,NA,NA,NA,NA,NA,NA,NA,1,1,"","",638
438,NA,"J",4,37,-0.5,"ATV",4,"remove",2014-10-21,"1",1,1,3,2,NA,NA,NA,NA,NA,NA,NA,NA,NA,NA,NA,NA,1,"heavily browsed, no leaves",1,1,"","",438
439,NA,"J",4,37,0.5,"ATV",4,"control",2014-10-21,"1",3,5,7,2.7,NA,NA,NA,NA,NA,NA,NA,NA,NA,NA,NA,NA,NA,NA,1,1,"","",439
757,NA,"J",4,41,0,"ATP",5,"remove",2014-10-21,"1",2,1,1,NA,NA,NA,NA,NA,NA,NA,NA,NA,NA,NA,NA,NA,1,"multi-stem recently browsed",1,1,"","",903
469,NA,"J",4,43,0,"ATV",5,"control",2014-10-21,"0",NA,NA,NA,NA,NA,NA,NA,NA,NA,NA,NA,NA,NA,NA,NA,NA,NA,NA,3,1,"left tag","browsed ",904
440,NA,"J",4,47,-0.5,"ATV",4,"control",2014-10-23,"1",4,4,7,2,NA,NA,NA,NA,NA,NA,NA,NA,NA,NA,NA,NA,NA,NA,1,1,"","",440
441,NA,"J",4,47,0.5,"ATV",4,"remove",2014-10-23,"0",NA,NA,NA,NA,NA,NA,NA,NA,NA,NA,NA,NA,NA,NA,NA,NA,NA,NA,0,NA,"left tag",NA,441
674,NA,"J",4,51,0,"ATP",5,"control",2014-10-23,"3",NA,NA,NA,NA,NA,NA,NA,NA,NA,NA,NA,NA,NA,NA,NA,NA,NA,"No leaves",1,1,"","browsed resprouting",905
499,NA,"J",4,53,0,"ATV",5,"control",2014-10-23,"1",2,4,5,2.4,NA,NA,NA,NA,NA,NA,NA,NA,NA,NA,NA,NA,NA,NA,1,1,"","",906
642,NA,"J",4,55,-0.5,"ATP",4,"remove",2014-10-23,"0",NA,NA,NA,NA,NA,NA,NA,NA,NA,NA,NA,NA,NA,NA,NA,NA,NA,NA,0,NA,"left tag",NA,642
643,NA,"J",4,55,0.5,"ATP",4,"control",2014-10-23,"1",3,3,7,1.8,NA,NA,NA,NA,NA,NA,NA,NA,NA,NA,NA,NA,NA,NA,1,1,"","",643
442,NA,"J",4,57,-0.5,"ATV",4,"control",2014-10-23,"0",NA,NA,NA,NA,NA,NA,NA,NA,NA,NA,NA,NA,NA,NA,NA,NA,NA,NA,0,NA,"left tag",NA,442
443,NA,"J",4,57,0.5,"ATV",4,"remove",2014-10-23,"1",4,4,8,3.4,NA,NA,NA,NA,NA,NA,NA,NA,NA,NA,NA,NA,NA,NA,1,1,"","",443
477,NA,"J",4,61,0,"ATP",5,"remove",2014-10-23,"0",NA,NA,NA,NA,NA,NA,NA,NA,NA,NA,NA,NA,NA,NA,NA,NA,1,"browsed",1,1,"","",907
495,NA,"J",4,63,0,"ATV",5,"control",2014-10-23,"1",5,4,5,2.2,NA,NA,NA,NA,NA,NA,NA,NA,NA,NA,NA,NA,NA,NA,1,1,"","",908
644,NA,"J",4,65,-0.5,"ATP",4,"control",2014-10-23,"1",2,2,5,1.6,NA,NA,NA,NA,NA,NA,NA,NA,NA,NA,NA,NA,NA,NA,1,1,"","",644
444,NA,"J",4,67,-0.5,"ATV",4,"control",2014-10-23,"1",3,2,5,1.9,NA,NA,NA,NA,NA,NA,NA,NA,NA,NA,NA,NA,NA,NA,1,1,"","",444
445,NA,"J",4,67,0.5,"ATV",4,"remove",2014-10-23,"1",4,4,5,2.9,NA,NA,NA,NA,NA,NA,NA,NA,NA,NA,NA,NA,NA,NA,1,1,"","",445
809,NA,"J",4,71,0,"ATP",5,"control",2014-10-23,"0",NA,NA,NA,NA,NA,NA,NA,NA,NA,NA,NA,NA,NA,NA,NA,NA,1,"browsed, no leaves",0,NA,"left tag",NA,909
493,NA,"J",4,73,0,"ATV",5,"remove",2014-10-23,"1",5,4,3,3.4,NA,NA,NA,NA,NA,NA,NA,NA,NA,NA,NA,NA,1,"browsed",1,1,"","",910
647,NA,"J",4,75,0.5,"ATP",4,"control",2014-10-23,"0",NA,NA,NA,NA,NA,NA,NA,NA,NA,NA,NA,NA,NA,NA,NA,NA,NA,NA,1,1,"","",647
446,NA,"J",4,77,-0.5,"ATV",4,"control",2014-10-23,"1",3,3,7,2.6,NA,NA,NA,NA,NA,NA,NA,NA,NA,NA,NA,NA,NA,NA,1,1,"","",446
447,NA,"J",4,77,0.5,"ATV",4,"remove",2014-10-23,"1",4,4,9,3.4,NA,NA,NA,NA,NA,NA,NA,NA,NA,NA,NA,NA,NA,NA,1,1,"","resprouting ",447
818,NA,"J",4,81,0,"ATP",5,"control",2014-10-23,"0",NA,NA,NA,NA,NA,NA,NA,NA,NA,NA,NA,NA,NA,NA,NA,NA,NA,"next to atv seedling",0,NA,"seedling coming up next to dead plant, left tag",NA,911
464,NA,"J",4,83,0,"ATV",5,"control",2014-10-23,"1",5,4,6,2.4,NA,NA,NA,NA,NA,NA,NA,NA,NA,NA,NA,NA,NA,NA,1,1,"","",912
648,NA,"J",4,85,-0.5,"ATP",4,"remove",2014-10-23,"1",3,3,5,3,NA,NA,NA,NA,NA,NA,NA,NA,NA,NA,NA,NA,1,"browsed",1,1,"","",648
649,NA,"J",4,85,0.5,"ATP",4,"control",2014-10-23,"1",3,2,6,2.3,NA,NA,NA,NA,NA,NA,NA,NA,NA,NA,NA,NA,NA,NA,1,1,"","changed status from 0 to 1 because it was recorded alive on 5-22-14",649
645,NA,"J",4,91,0,"ATP",5,"control",2014-10-23,"1",3,3,3,1.9,NA,NA,NA,NA,NA,NA,NA,NA,NA,NA,NA,NA,1,"browsed a little ",1,1,"","tag typo ",913
737,NA,"J",4,93,0,"ATV",5,"remove",2014-10-23,"3",NA,NA,NA,NA,NA,NA,NA,NA,NA,NA,NA,NA,NA,NA,NA,NA,1,"heavily browsed, no leaves",1,1,"","tag typo",914
304,NA,"K",2,6.5,-0.6,"ATP",2,"remove",2014-10-21,"1",30,20,25,NA,4,7,1,1,1,1,3,4,2,NA,NA,NA,NA,NA,1,1,"","removal ineffective",304
305,NA,"K",2,12.8,-0.6,"ATP",3,"control",2014-10-21,"1",87,84,44,NA,55,436,2,3,3,2,3,1,1,3,2,2,NA,NA,1,1,"","",305
306,NA,"K",2,17.8,-0.9,"ATP",2,"control",2014-10-21,"1",18,13,23,NA,2,0,NA,NA,NA,NA,NA,NA,NA,NA,NA,NA,NA,NA,1,1,"","",306
307,NA,"K",2,24.1,-0.4,"ATP",3,"control",2014-10-21,"1",54,42,31,NA,13,32,1,4,2,1,1,2,1,4,1,4,NA,NA,1,1,"","",307
308,NA,"K",2,30.4,-0.1,"ATP",2,"remove",2014-10-21,"1",12,13,17,NA,1,0,NA,NA,NA,NA,NA,NA,NA,NA,NA,NA,NA,NA,1,1,"","",308
309,NA,"K",2,36.3,0.1,"ATP",3,"control",2014-10-21,"1",50,62,29,NA,17,260,2,1,2,3,1,2,3,2,2,4,NA,NA,1,1,"","",309
310,NA,"K",2,41.2,0.4,"ATP",2,"control",2014-10-21,"1",33,22,25,NA,4,32,2,2,2,2,2,1,3,1,1,2,NA,NA,1,1,"","",310
311,NA,"K",2,48.3,-0.7,"ATP",3,"remove",2014-10-21,"1",60,39,40,NA,11,64,6,6,8,7,8,12,4,5,9,7,NA,NA,1,1,"","",311
312,NA,"K",2,54.7,-0.3,"ATP",2,"remove",2014-10-21,"1",30,32,30,NA,4,10,1,1,5,3,1,1,6,2,1,3,NA,NA,1,1,"","",312
313,NA,"K",2,60.3,-0.4,"ATP",3,"remove",2014-10-21,"1",71,47,40,NA,18,101,7,3,8,5,2,9,8,9,6,10,1,"some infls cut-off",1,1,"","",313
314,NA,"K",2,66.2,-0.3,"ATP",2,"control",2014-10-21,"1",23,29,31,NA,4,38,4,3,3,4,5,5,2,4,4,3,NA,NA,1,1,"","",314
315,NA,"K",2,72.8,0,"ATP",3,"control",2014-10-21,"1",53,45,27,NA,13,72,1,2,1,1,2,5,3,3,1,3,1,"some infls cut-off",1,1,"","",315
316,NA,"K",2,77.1,-0.5,"ATP",2,"control",2014-10-21,"1",29,16,22,NA,2,28,6,3,5,5,4,2,5,2,1,4,NA,NA,1,1,"","",316
317,NA,"K",2,83.3,0.3,"ATP",3,"remove",2014-10-21,"1",99,71,49,NA,46,203,5,7,6,5,6,10,5,8,9,10,NA,NA,1,1,"","",317
318,NA,"K",2,90.6,0.9,"ATP",2,"remove",2014-10-21,"1",43,32,27,NA,8,145,6,6,5,6,5,5,4,5,5,6,NA,NA,1,1,"","",318
319,NA,"K",2,96.3,0.5,"ATP",3,"remove",2014-10-21,"1",118,96,49,NA,65,726,4,3,2,4,1,6,5,3,5,7,NA,NA,1,1,"","",319
282,NA,"K",3,0,2.8,"ATP",1,"control",2014-10-21,"1",3,2,7,2,NA,NA,NA,NA,NA,NA,NA,NA,NA,NA,NA,NA,NA,NA,1,1,"","",282
283,NA,"K",3,1.7,2,"ATP",1,"control",2014-10-21,"1",4,2,5,2.2,NA,NA,NA,NA,NA,NA,NA,NA,NA,NA,NA,NA,NA,NA,1,1,"","",283
863,NA,"K",3,3,0,"ATV",5,"remove",2014-10-21,"1",6,5,5,3.5,NA,NA,NA,NA,NA,NA,NA,NA,NA,NA,NA,NA,NA,NA,1,1,"","",1036
285,NA,"K",3,4.3,2.5,"ATP",1,"remove",2014-10-21,"1",6,5,6,2.9,NA,NA,NA,NA,NA,NA,NA,NA,NA,NA,NA,NA,NA,NA,1,1,"","",285
286,NA,"K",3,7.1,-1.3,"ATP",1,"remove",2014-10-21,"1",6,7,8,3.7,NA,NA,NA,NA,NA,NA,NA,NA,NA,NA,NA,NA,NA,NA,1,1,"","",286
287,NA,"K",3,9,1.5,"ATP",1,"control",2014-10-21,"1",5,5,4,3.1,NA,NA,NA,NA,NA,NA,NA,NA,NA,NA,NA,NA,NA,NA,1,1,"","",287
508,NA,"K",3,10,-1,"ATP",1,"remove",2014-10-21,"1",2,1,4,1.5,NA,NA,NA,NA,NA,NA,NA,NA,NA,NA,NA,NA,NA,NA,1,NA,"",NA,1057
864,NA,"K",3,11,0,"ATP",5,"remove",2014-10-21,"0",NA,NA,NA,NA,NA,NA,NA,NA,NA,NA,NA,NA,NA,NA,NA,NA,NA,NA,1,1,"","",1037
865,NA,"K",3,13,0,"ATV",5,"control",2014-10-21,"3",NA,NA,NA,NA,NA,NA,NA,NA,NA,NA,NA,NA,NA,NA,NA,NA,NA,"no leaves",1,1,"","",1038
289,NA,"K",3,14.1,-0.6,"ATP",1,"remove",2014-10-21,"1",5,5,7,2.4,NA,NA,NA,NA,NA,NA,NA,NA,NA,NA,NA,NA,NA,NA,1,1,"","",289
288,NA,"K",3,14.4,0.1,"ATP",1,"remove",2014-10-21,"0",NA,NA,NA,NA,NA,NA,NA,NA,NA,NA,NA,NA,NA,NA,NA,NA,NA,NA,3,NA,"left tag",NA,288
866,NA,"K",3,21,0,"ATP",5,"remove",2014-10-21,"0",NA,NA,NA,NA,NA,NA,NA,NA,NA,NA,NA,NA,NA,NA,NA,NA,NA,NA,3,0,"dry gray ","dry gray",1039
867,NA,"K",3,23,0,"ATV",5,"control",2014-10-21,"1",4,4,7,3.6,NA,NA,NA,NA,NA,NA,NA,NA,NA,NA,NA,NA,NA,NA,1,1,"","",1040
868,NA,"K",3,31,0,"ATP",5,"remove",2014-10-21,"1",7,6,8,3.3,NA,NA,NA,NA,NA,NA,NA,NA,NA,NA,NA,NA,NA,NA,1,1,"","",1041
871,NA,"K",3,33,0,"ATV",5,"remove",2014-10-21,"1",5,4,5,3.2,NA,NA,NA,NA,NA,NA,NA,NA,NA,NA,NA,NA,NA,NA,1,1,"","",1042
291,NA,"K",3,36.5,-1.2,"ATP",1,"control",2014-10-21,"1",7,8,8,3.9,NA,NA,NA,NA,NA,NA,NA,NA,NA,NA,NA,NA,NA,NA,1,1,"","",291
294,NA,"K",3,39.4,-2.2,"ATP",1,"remove",2014-10-21,"1",9,6,6,3.4,NA,NA,NA,NA,NA,NA,NA,NA,NA,NA,NA,NA,NA,NA,1,1,"","removal ineffective",294
293,NA,"K",3,40.1,-1.1,"ATP",1,"remove",2014-10-21,"1",10,10,8,5.2,NA,NA,NA,NA,NA,NA,NA,NA,NA,NA,NA,NA,NA,NA,1,1,"","",293
872,NA,"K",3,41,0,"ATP",5,"control",2014-10-21,"1",6,3,6,3.3,NA,NA,NA,NA,NA,NA,NA,NA,NA,NA,NA,NA,NA,"black fuzzy galls",1,1,"","",1043
873,NA,"K",3,43,0,"ATV",5,"control",2014-10-21,"1",3,3,6,2.3,NA,NA,NA,NA,NA,NA,NA,NA,NA,NA,NA,NA,NA,NA,1,1,"","",1044
295,NA,"K",3,48,-2.9,"ATP",1,"control",2014-10-21,"1",7,5,9,3.7,NA,NA,NA,NA,NA,NA,NA,NA,NA,NA,NA,NA,NA,NA,1,1,"","",295
874,NA,"K",3,53,0,"ATP",5,"control",2014-10-21,"1",3,2,5,1.7,NA,NA,NA,NA,NA,NA,NA,NA,NA,NA,NA,NA,NA,"change y ",1,1,"","",1045
296,NA,"K",3,53.9,-3.6,"ATP",1,"control",2014-10-21,"1",2,1,5,1.6,NA,NA,NA,NA,NA,NA,NA,NA,NA,NA,NA,NA,NA,NA,1,1,"","",296
875,NA,"K",3,54,0,"ATV",5,"remove",2014-10-21,"1",5,5,6,3.5,NA,NA,NA,NA,NA,NA,NA,NA,NA,NA,NA,NA,NA,"change y ",1,1,"","",1046
297,NA,"K",3,59.3,1.8,"ATP",1,"remove",2014-10-21,"1",7,5,11,3,NA,NA,NA,NA,NA,NA,NA,NA,NA,NA,NA,NA,NA,NA,1,1,"","",297
298,NA,"K",3,60.3,-3.4,"ATP",1,"remove",2014-10-21,"1",8,6,8,3.4,NA,NA,NA,NA,NA,NA,NA,NA,NA,NA,NA,NA,NA,NA,1,1,"","",298
876,NA,"K",3,61,0,"ATP",5,"control",2014-10-21,"0",NA,NA,NA,NA,NA,NA,NA,NA,NA,NA,NA,NA,NA,NA,NA,NA,NA,NA,1,1,"","",1047
299,NA,"K",3,61.8,-4,"ATP",1,"control",2014-10-21,"1",5,3,6,2.4,NA,NA,NA,NA,NA,NA,NA,NA,NA,NA,NA,NA,NA,NA,1,1,"","",299
877,NA,"K",3,63,0,"ATV",5,"control",2014-10-21,"0",NA,NA,NA,NA,NA,NA,NA,NA,NA,NA,NA,NA,NA,NA,NA,NA,NA,NA,1,1,"","",1048
878,NA,"K",3,71,0,"ATP",5,"control",2014-10-21,"0",NA,NA,NA,NA,NA,NA,NA,NA,NA,NA,NA,NA,NA,NA,NA,NA,NA,NA,3,0,"probably dead","dry gray",1049
879,NA,"K",3,73,0,"ATV",5,"remove",2014-10-21,"1",6,6,6,4.5,NA,NA,NA,NA,NA,NA,NA,NA,NA,NA,NA,NA,NA,NA,1,1,"","",1050
880,NA,"K",3,81,0,"ATP",5,"control",2014-10-21,"0",NA,NA,NA,NA,NA,NA,NA,NA,NA,NA,NA,NA,NA,NA,NA,NA,NA,NA,3,0,"probably dead","dry gray",1051
881,NA,"K",3,83,0,"ATV",5,"remove",2014-10-21,"3",NA,NA,NA,NA,NA,NA,NA,NA,NA,NA,NA,NA,NA,NA,NA,NA,NA,"no leaves",1,1,"","",1052
882,NA,"K",3,91,0,"ATP",5,"control",2014-10-21,"0",NA,NA,NA,NA,NA,NA,NA,NA,NA,NA,NA,NA,NA,NA,NA,NA,NA,NA,1,1,"looks unhealthy ","",1053
300,NA,"K",3,92.3,-0.6,"ATP",1,"control",2014-10-21,"1",4,3,5,2.4,NA,NA,NA,NA,NA,NA,NA,NA,NA,NA,NA,NA,NA,NA,1,1,"","",300
883,NA,"K",3,93,0,"ATV",5,"control",2014-10-21,"1",4,4,4,3.2,NA,NA,NA,NA,NA,NA,NA,NA,NA,NA,NA,NA,NA,NA,1,1,"","healthy! ",1054
301,NA,"K",3,94.3,-1.2,"ATP",1,"control",2014-10-21,"1",4,4,9,2.6,NA,NA,NA,NA,NA,NA,NA,NA,NA,NA,NA,NA,NA,NA,1,1,"","",301
302,NA,"K",3,95.6,-1.4,"ATP",1,"control",2014-10-21,"1",3,3,7,2.1,NA,NA,NA,NA,NA,NA,NA,NA,NA,NA,NA,NA,NA,NA,1,1,"","",302
303,NA,"K",3,95.8,0.8,"ATP",1,"control",2014-10-21,"1",4,4,8,2.1,NA,NA,NA,NA,NA,NA,NA,NA,NA,NA,NA,NA,NA,NA,1,1,"","",303
676,NA,"K",4,25,-0.5,"ATP",4,"remove",2014-10-21,"NA",NA,NA,NA,NA,NA,NA,NA,NA,NA,NA,NA,NA,NA,NA,NA,NA,NA,"not there ",0,1,"Not there in spring","",676
678,NA,"K",4,35,-0.5,"ATP",4,"control",2014-10-21,"1",5,3,7,3,NA,NA,NA,NA,NA,NA,NA,NA,NA,NA,NA,NA,NA,NA,1,0,"","",678
682,NA,"K",4,55,-0.5,"ATP",4,"remove",2014-10-21,"1",6,4,8,2.7,NA,NA,NA,NA,NA,NA,NA,NA,NA,NA,NA,NA,NA,NA,1,1,"","",682
684,NA,"K",4,65,-0.5,"ATP",4,"control",2014-10-21,"1",4,3,8,2.5,NA,NA,NA,NA,NA,NA,NA,NA,NA,NA,NA,NA,NA,NA,1,1,"","",684
691,NA,"K",4,95,0.5,"ATP",4,"remove",2014-10-21,"1",7,5,6,3.2,NA,NA,NA,NA,NA,NA,NA,NA,NA,NA,NA,NA,NA,NA,1,1,"","",691
368,NA,"L",4,6.3,0.6,"ATV",2,"remove",2014-10-22,"1",63,42,61,NA,16,35,2,1,1,4,3,5,5,6,6,4,NA,"south branch dead",1,NA,"",NA,368
369,NA,"L",4,12.3,0,"ATV",3,"control",2014-10-22,"1",58,64,55,NA,21,0,NA,NA,NA,NA,NA,NA,NA,NA,NA,NA,NA,"aborted many infls ",1,NA,"",NA,369
370,NA,"L",4,17.5,0.5,"ATP",2,"control",2014-10-22,"1",36,22,33,NA,6,32,3,2,2,3,3,1,1,2,1,2,NA,NA,1,NA,"",NA,370
371,NA,"L",4,24,0.8,"ATP",3,"control",2014-10-22,"1",98,86,50,NA,4,86,4,4,4,3,4,4,1,1,1,1,NA,"lots of dead branches",1,NA,"",NA,371
372,NA,"L",4,30.1,0.5,"ATV",2,"remove",2014-10-22,"1",48,24,25,NA,7,0,NA,NA,NA,NA,NA,NA,NA,NA,NA,NA,NA,NA,1,NA,"",NA,372
373,NA,"L",4,38.6,1.1,"ATV",3,"control",2014-10-22,"1",116,74,57,NA,24,95,3,12,10,4,8,8,5,8,4,3,NA,NA,1,NA,"",NA,373
374,NA,"L",4,41.4,1.5,"ATP",2,"remove",2014-10-22,"1",12,13,15,NA,1,0,NA,NA,NA,NA,NA,NA,NA,NA,NA,NA,NA,NA,1,NA,"",NA,374
375,NA,"L",4,49,0.3,"ATP",3,"remove",2014-10-22,"1",100,94,47,NA,43,102,12,6,3,4,5,4,7,9,3,6,NA,"dead branches",1,NA,"some dead branches on edge",NA,375
376,NA,"L",4,53.7,0.3,"ATV",2,"control",2014-10-22,"1",45,32,36,NA,9,1,4,NA,NA,NA,NA,NA,NA,NA,NA,NA,NA,NA,1,NA,"",NA,376
377,NA,"L",4,60.3,0.6,"ATV",3,"remove",2014-10-22,"1",160,122,71,NA,126,438,8,6,3,3,4,4,4,6,1,5,NA,NA,1,NA,"",NA,377
378,NA,"L",4,66.6,-1,"ATP",2,"control",2014-10-22,"1",16,18,16,NA,1,0,NA,NA,NA,NA,NA,NA,NA,NA,NA,NA,NA,NA,1,NA,"",NA,378
379,NA,"L",4,72,-0.7,"ATP",3,"remove",2014-10-22,"1",41,37,35,NA,10,52,8,8,7,2,6,2,2,4,4,2,NA,NA,1,NA,"",NA,379
380,NA,"L",4,78.5,-0.1,"ATV",2,"control",2014-10-22,"1",29,28,30,NA,4,0,NA,NA,NA,NA,NA,NA,NA,NA,NA,NA,NA,NA,1,NA,"",NA,380
381,NA,"L",4,80.4,2.9,"ATV",3,"remove",2014-10-22,"1",56,46,44,NA,10,26,8,9,4,4,3,6,4,6,5,8,NA,"half of plant dead",1,NA,"",NA,381
382,NA,"L",4,89.5,-0.9,"ATP",2,"remove",2014-10-22,"1",42,18,30,NA,5,8,6,6,7,7,7,4,9,7,NA,NA,NA,"one brown fuzzy gall ",1,NA,"",NA,382
383,NA,"L",4,95.9,-0.2,"ATP",3,"remove",2014-10-22,"1",57,47,36,NA,12,31,9,13,7,8,11,10,6,7,9,9,NA,NA,1,NA,"",NA,383
20,NA,"L",3,0.9,-0.3,"ATV",1,"control",2014-10-22,"1",2,1,6,2,NA,NA,NA,NA,NA,NA,NA,NA,NA,NA,NA,NA,NA,NA,1,NA,"",NA,1073
336,NA,"L",3,4.2,0.1,"ATP",1,"control",2014-10-22,"0",NA,NA,NA,NA,NA,NA,NA,NA,NA,NA,NA,NA,NA,NA,NA,NA,NA,"dry gray ",1,NA,"",NA,336
23,NA,"L",3,4.9,2.5,"ATV",1,"remove",2014-10-22,"1",5,3,7,3.1,NA,NA,NA,NA,NA,NA,NA,NA,NA,NA,NA,NA,NA,NA,1,NA,"",NA,1074
338,NA,"L",3,15.8,-3.3,"ATP",1,"control",2014-10-22,"1",9,7,8,4,NA,NA,NA,NA,NA,NA,NA,NA,NA,NA,NA,NA,NA,NA,1,NA,"",NA,338
836,NA,"L",3,20.6,0.4,"ATV",1,"control",2014-10-22,"1",2,2,4,1.9,NA,NA,NA,NA,NA,NA,NA,NA,NA,NA,NA,NA,NA,NA,1,NA,"",NA,1075
340,NA,"L",3,20.7,-0.7,"ATV",1,"remove",2014-10-22,"1",5,4,6,3.4,NA,NA,NA,NA,NA,NA,NA,NA,NA,NA,NA,NA,NA,NA,1,NA,"",NA,340
341,NA,"L",3,23.1,-3.9,"ATV",1,"control",2014-10-22,"1",5,2,10,4,NA,NA,NA,NA,NA,NA,NA,NA,NA,NA,NA,NA,NA,"brown fuzzy gall ",1,NA,"",NA,341
343,NA,"L",3,25.5,0.9,"ATP",1,"control",2014-10-22,"1",7,5,12,4,NA,NA,NA,NA,NA,NA,NA,NA,NA,NA,NA,NA,NA,"brown fuzzy gall ",1,NA,"",NA,343
345,NA,"L",3,27.6,-2.8,"ATV",1,"control",2014-10-22,"1",3,3,6,2,NA,NA,NA,NA,NA,NA,NA,NA,NA,NA,NA,NA,NA,NA,1,NA,"",NA,345
606,NA,"L",3,29.6,0.2,"ATV",1,"remove",2014-10-22,"1",4,2,7,2,NA,NA,NA,NA,NA,NA,NA,NA,NA,NA,NA,NA,NA,NA,1,NA,"",NA,1076
346,NA,"L",3,29.7,-0.6,"ATV",1,"control",2014-10-22,"1",5,7,11,4.1,NA,NA,NA,NA,NA,NA,NA,NA,NA,NA,NA,NA,NA,NA,1,NA,"",NA,346
348,NA,"L",3,30.7,-0.1,"ATV",1,"control",2014-10-22,"0",NA,NA,NA,NA,NA,NA,NA,NA,NA,NA,NA,NA,NA,NA,NA,NA,NA,"no leaves",1,NA,"lvs with yellow tips",NA,348
14,NA,"L",3,30.9,3,"ATP",1,"control",2014-10-22,"1",4,3,6,2.4,NA,NA,NA,NA,NA,NA,NA,NA,NA,NA,NA,NA,NA,NA,1,NA,"",NA,1079
347,NA,"L",3,31.2,-0.7,"ATV",1,"remove",2014-10-22,"1",6,8,15,4.9,NA,NA,NA,NA,NA,NA,NA,NA,NA,NA,NA,NA,NA,NA,1,NA,"",NA,347
349,NA,"L",3,33.8,3.6,"ATP",1,"control",2014-10-22,"1",5,3,7,2,NA,NA,NA,NA,NA,NA,NA,NA,NA,NA,NA,NA,NA,NA,1,NA,"",NA,349
354,NA,"L",3,42.6,-1,"ATV",1,"remove",2014-10-22,"1",5,4,10,3,NA,NA,NA,NA,NA,NA,NA,NA,NA,NA,NA,NA,NA,NA,1,NA,"",NA,354
355,NA,"L",3,45.5,4.7,"ATP",1,"remove",2014-10-22,"1",6,5,7,2.7,NA,NA,NA,NA,NA,NA,NA,NA,NA,NA,NA,NA,NA,NA,1,NA,"",NA,355
356,NA,"L",3,49.8,1,"ATV",1,"remove",2014-10-22,"1",5,2,8,2.5,NA,NA,NA,NA,NA,NA,NA,NA,NA,NA,NA,NA,NA,NA,1,NA,"",NA,356
357,NA,"L",3,53.1,2,"ATP",1,"remove",2014-10-22,"1",3,2,3,1.7,NA,NA,NA,NA,NA,NA,NA,NA,NA,NA,NA,NA,NA,NA,1,NA,"white spots on leaves",NA,357
10,NA,"L",3,53.2,1,"ATP",1,"remove",2014-10-22,"1",2,3,5,1.8,NA,NA,NA,NA,NA,NA,NA,NA,NA,NA,NA,NA,NA,NA,1,NA,"",NA,1078
358,NA,"L",3,57.1,-2.6,"ATP",1,"control",2014-10-22,"1",4,3,8,2.1,NA,NA,NA,NA,NA,NA,NA,NA,NA,NA,NA,NA,NA,NA,1,NA,"",NA,358
359,NA,"L",3,58.6,-3.5,"ATP",1,"remove",2014-10-22,"1",4,5,6,2.2,NA,NA,NA,NA,NA,NA,NA,NA,NA,NA,NA,NA,NA,NA,1,NA,"",NA,359
360,NA,"L",3,58.9,-2.8,"ATP",1,"remove",2014-10-22,"1",7,5,4,2.7,NA,NA,NA,NA,NA,NA,NA,NA,NA,NA,NA,NA,NA,NA,1,NA,"",NA,360
6,NA,"L",3,60.7,-0.8,"ATP",1,"control",2014-10-22,"1",1,3,4,2.2,NA,NA,NA,NA,NA,NA,NA,NA,NA,NA,NA,NA,1,"tips of leaves browsed ",1,NA,"",NA,1077
362,NA,"L",3,67.8,1,"ATP",1,"control",2014-10-22,"1",3,1,4,1.7,NA,NA,NA,NA,NA,NA,NA,NA,NA,NA,NA,NA,NA,NA,1,NA,"",NA,362
363,NA,"L",3,70.3,2,"ATP",1,"remove",2014-10-22,"1",6,5,7,2.8,NA,NA,NA,NA,NA,NA,NA,NA,NA,NA,NA,NA,NA,NA,1,NA,"",NA,363
365,NA,"L",3,72.7,-2.5,"ATP",1,"remove",2014-10-22,"1",0,NA,NA,NA,NA,NA,NA,NA,NA,NA,NA,NA,NA,NA,NA,NA,NA,"no leaves",1,NA,"",NA,365
366,NA,"L",3,74.8,-3,"ATP",1,"remove",2014-10-22,"1",9,4,11,3.7,NA,NA,NA,NA,NA,NA,NA,NA,NA,NA,NA,NA,1,"tip of leaves browsed",1,NA,"",NA,366
384,NA,"L",2,6.2,-0.5,"ATV",2,"remove",2014-10-21,"1",53,41,40,NA,10,7,5,6,15,5,9,5,7,NA,NA,NA,NA,NA,1,NA,"",NA,384
385,NA,"L",2,10.8,-0.8,"ATV",3,"remove",2014-10-21,"1",79,69,57,NA,28,58,10,8,6,9,7,5,4,13,8,1,NA,"black rust",1,NA,"",NA,385
386,NA,"L",2,17.6,0.9,"ATP",2,"control",2014-10-21,"1",14,8,20,NA,1,0,NA,NA,NA,NA,NA,NA,NA,NA,NA,NA,NA,NA,1,NA,"",NA,386
387,NA,"L",2,23.1,-1.8,"ATP",3,"control",2014-10-21,"1",116,107,68,NA,56,62,4,2,5,2,1,5,4,4,2,1,NA,"many dead branches",1,NA,"canopy thinning out",NA,387
388,NA,"L",2,29.3,0,"ATV",2,"remove",2014-10-21,"1",33,30,38,NA,6,0,NA,NA,NA,NA,NA,NA,NA,NA,NA,NA,NA,"aborted infls, black rust on leaves",1,NA,"",NA,388
389,NA,"L",2,35.7,-0.4,"ATV",3,"control",2014-10-21,"1",74,65,68,NA,26,86,2,3,1,1,2,2,2,1,1,1,NA,"some black stem cankers ",1,NA,"",NA,389
390,NA,"L",2,42.6,-0.1,"ATP",2,"control",2014-10-21,"1",28,7,34,NA,1,0,NA,NA,NA,NA,NA,NA,NA,NA,NA,NA,NA,"canopy in two parts",1,NA,"",NA,390
391,NA,"L",2,47.2,0,"ATP",3,"remove",2014-10-21,"1",55,63,60,NA,23,66,6,4,10,8,5,8,8,9,6,9,NA,"one dead branch ",1,NA,"",NA,391
392,NA,"L",2,53.9,1.1,"ATV",2,"control",2014-10-22,"1",20,25,32,NA,3,0,NA,NA,NA,NA,NA,NA,NA,NA,NA,NA,NA,"few aborted infls ",1,NA,"",NA,392
393,NA,"L",2,57.3,-0.9,"ATV",3,"remove",2014-10-22,"1",99,85,51,NA,57,63,11,10,8,6,15,9,7,16,14,10,NA,"few aborted infls ",1,NA,"",NA,393
394,NA,"L",2,65.7,-0.4,"ATP",2,"remove",2014-10-22,"1",13,12,20,NA,1,0,NA,NA,NA,NA,NA,NA,NA,NA,NA,NA,NA,"change x",1,NA,"resprouting",NA,394
395,NA,"L",2,70.5,0.1,"ATP",3,"control",2014-10-22,"1",54,24,37,NA,7,12,1,2,3,2,1,2,2,1,4,3,NA,"change x",1,NA,"",NA,395
396,NA,"L",2,77.2,-0.1,"ATV",2,"control",2014-10-22,"1",34,20,35,NA,4,0,NA,NA,NA,NA,NA,NA,NA,NA,NA,NA,NA,NA,1,NA,"right next to separate plant",NA,396
397,NA,"L",2,81,-0.2,"ATV",3,"control",2014-10-22,"1",57,54,53,NA,17,47,4,4,3,1,2,2,3,3,1,2,NA,"aborted infls",1,NA,"",NA,397
398,NA,"L",2,90.4,-0.3,"ATP",2,"remove",2014-10-22,"1",13,13,13,NA,1,0,NA,NA,NA,NA,NA,NA,NA,NA,NA,NA,NA,NA,1,NA,"",NA,398
399,NA,"L",2,97,-1,"ATP",3,"control",2014-10-22,"1",91,56,40,NA,26,306,8,3,5,4,3,5,5,5,6,3,NA,NA,1,NA,"",NA,399
797,NA,"L",5,1,0,"ATP",5,"remove",2014-10-22,"1",6,4,11,5.2,NA,NA,NA,NA,NA,NA,NA,NA,NA,NA,NA,NA,NA,NA,1,NA,"",NA,935
570,NA,"L",5,11,0,"ATP",5,"control",2014-10-22,"1",3,4,5,3,NA,NA,NA,NA,NA,NA,NA,NA,NA,NA,NA,NA,NA,NA,1,NA,"",NA,937
408,NA,"L",5,13,0,"ATV",5,"control",2014-10-22,"1",4,3,4,3.3,NA,NA,NA,NA,NA,NA,NA,NA,NA,NA,NA,NA,NA,NA,1,NA,"",NA,938
775,NA,"L",5,15,0.5,"ATP",4,"control",2014-10-22,"1",1,1,6,1.7,NA,NA,NA,NA,NA,NA,NA,NA,NA,NA,NA,NA,NA,NA,1,NA,"",NA,775
776,NA,"L",5,25,-0.5,"ATP",4,"control",2014-10-22,"1",3,2,4,1.7,NA,NA,NA,NA,NA,NA,NA,NA,NA,NA,NA,NA,NA,NA,1,NA,"",NA,776
777,NA,"L",5,25,0.5,"ATP",4,"remove",2014-10-22,"1",5,4,6,2.2,NA,NA,NA,NA,NA,NA,NA,NA,NA,NA,NA,NA,NA,NA,1,NA,"",NA,777
662,NA,"L",5,31,0,"ATP",5,"control",2014-10-22,"0",NA,NA,NA,NA,NA,NA,NA,NA,NA,NA,NA,NA,NA,NA,NA,NA,NA,"dry gray ",1,NA,"",NA,941
778,NA,"L",5,35,-0.5,"ATP",4,"remove",2014-10-22,"1",5,3,6,2.1,NA,NA,NA,NA,NA,NA,NA,NA,NA,NA,NA,NA,NA,NA,1,NA,"",NA,778
779,NA,"L",5,35,0.5,"ATP",4,"control",2014-10-22,"1",5,3,6,2.7,NA,NA,NA,NA,NA,NA,NA,NA,NA,NA,NA,NA,NA,NA,1,NA,"",NA,779
578,NA,"L",5,37,-0.5,"ATV",4,"remove",2014-10-22,"1",4,3,6,2.6,NA,NA,NA,NA,NA,NA,NA,NA,NA,NA,NA,NA,NA,NA,1,NA,"",NA,578
579,NA,"L",5,37,0.5,"ATV",4,"control",2014-10-22,"1",4,2,6,2.1,NA,NA,NA,NA,NA,NA,NA,NA,NA,NA,NA,NA,NA,NA,1,NA,"",NA,579
679,NA,"L",5,41,0,"ATP",5,"control",2014-10-22,"1",2,1,3,1.8,NA,NA,NA,NA,NA,NA,NA,NA,NA,NA,NA,NA,NA,NA,1,NA,"",NA,943
651,NA,"L",5,43,0,"ATV",5,"control",2014-10-22,"1",3,2,4,2.1,NA,NA,NA,NA,NA,NA,NA,NA,NA,NA,NA,NA,NA,NA,1,NA,"",NA,944
780,NA,"L",5,45,-0.5,"ATP",4,"remove",2014-10-22,"1",4,2,6,2.3,NA,NA,NA,NA,NA,NA,NA,NA,NA,NA,NA,NA,NA,NA,1,NA,"",NA,780
781,NA,"L",5,45,0.5,"ATP",4,"control",2014-10-22,"1",5,4,5,2.4,NA,NA,NA,NA,NA,NA,NA,NA,NA,NA,NA,NA,NA,"brown fuzzy galls ",1,NA,"",NA,781
580,NA,"L",5,47,-0.5,"ATV",4,"control",2014-10-22,"1",3,3,7,2,NA,NA,NA,NA,NA,NA,NA,NA,NA,NA,NA,NA,NA,NA,1,NA,"",NA,580
581,NA,"L",5,47,0.5,"ATV",4,"remove",2014-10-22,"1",3,4,5,2.4,NA,NA,NA,NA,NA,NA,NA,NA,NA,NA,NA,NA,NA,NA,1,NA,"",NA,581
451,NA,"L",5,51,0,"ATP",5,"remove",2014-10-22,"0",NA,NA,NA,NA,NA,NA,NA,NA,NA,NA,NA,NA,NA,NA,NA,NA,NA,"no leaves",1,NA,"",NA,945
782,NA,"L",5,55,-0.5,"ATP",4,"control",2014-10-22,"1",6,4,6,2.7,NA,NA,NA,NA,NA,NA,NA,NA,NA,NA,NA,NA,NA,NA,1,NA,"",NA,782
783,NA,"L",5,55,0.5,"ATP",4,"remove",2014-10-22,"1",6,6,6,2.8,NA,NA,NA,NA,NA,NA,NA,NA,NA,NA,NA,NA,NA,NA,1,NA,"",NA,783
582,NA,"L",5,58,-0.5,"ATV",4,"control",2014-10-22,"1",3,2,4,1.8,NA,NA,NA,NA,NA,NA,NA,NA,NA,NA,NA,NA,NA,"brown fuzzy galls ",1,NA,"",NA,582
583,NA,"L",5,58,0.5,"ATV",4,"remove",2014-10-22,"1",6,5,7,3.6,NA,NA,NA,NA,NA,NA,NA,NA,NA,NA,NA,NA,NA,NA,1,NA,"",NA,583
831,NA,"L",5,61,0,"ATP",5,"remove",2014-10-22,"1",2,2,8,2,NA,NA,NA,NA,NA,NA,NA,NA,NA,NA,NA,NA,NA,NA,1,NA,"",NA,947
759,NA,"L",5,63,0,"ATV",5,"remove",2014-10-22,"1",4,2,5,2.5,NA,NA,NA,NA,NA,NA,NA,NA,NA,NA,NA,NA,1,"some browsing ",1,NA,"",NA,948
784,NA,"L",5,65,-0.5,"ATP",4,"remove",2014-10-22,"1",6,4,7,2.6,NA,NA,NA,NA,NA,NA,NA,NA,NA,NA,NA,NA,NA,NA,1,NA,"",NA,784
785,NA,"L",5,65,0.5,"ATP",4,"control",2014-10-22,"1",3,2,6,1.7,NA,NA,NA,NA,NA,NA,NA,NA,NA,NA,NA,NA,NA,NA,1,NA,"",NA,785
584,NA,"L",5,67,-0.5,"ATV",4,"remove",2014-10-22,"1",5,5,8,3.7,NA,NA,NA,NA,NA,NA,NA,NA,NA,NA,NA,NA,NA,NA,1,NA,"",NA,584
817,NA,"L",5,71,0,"ATP",5,"control",2014-10-22,"1",2,2,5,1.7,NA,NA,NA,NA,NA,NA,NA,NA,NA,NA,NA,NA,NA,NA,1,NA,"",NA,949
825,NA,"L",5,73,0,"ATV",5,"remove",2014-10-22,"1",3,4,5,2.5,NA,NA,NA,NA,NA,NA,NA,NA,NA,NA,NA,NA,NA,NA,1,NA,"",NA,950
786,NA,"L",5,75,-0.5,"ATP",4,"control",2014-10-22,"1",3,3,8,1.8,NA,NA,NA,NA,NA,NA,NA,NA,NA,NA,NA,NA,NA,NA,1,NA,"",NA,786
787,NA,"L",5,75,0.5,"ATP",4,"remove",2014-10-22,"1",6,7,8,4.3,NA,NA,NA,NA,NA,NA,NA,NA,NA,NA,NA,NA,NA,NA,1,NA,"",NA,787
586,NA,"L",5,78,-0.5,"ATV",4,"remove",2014-10-22,"1",5,6,9,4,NA,NA,NA,NA,NA,NA,NA,NA,NA,NA,NA,NA,NA,NA,1,NA,"",NA,586
641,NA,"L",5,81,0,"ATP",5,"control",2014-10-22,"1",3,3,5,2.1,NA,NA,NA,NA,NA,NA,NA,NA,NA,NA,NA,NA,NA,NA,1,NA,"",NA,951
594,NA,"L",5,83,0,"ATV",5,"control",2014-10-22,"1",7,4,6,3,NA,NA,NA,NA,NA,NA,NA,NA,NA,NA,NA,NA,NA,NA,1,NA,"",NA,952
788,NA,"L",5,85,-0.5,"ATP",4,"remove",2014-10-22,"1",5,5,6,2.4,NA,NA,NA,NA,NA,NA,NA,NA,NA,NA,NA,NA,NA,NA,1,NA,"",NA,788
789,NA,"L",5,85,0.5,"ATP",4,"control",2014-10-22,"1",5,4,6,2.2,NA,NA,NA,NA,NA,NA,NA,NA,NA,NA,NA,NA,NA,NA,1,NA,"",NA,789
795,NA,"L",5,91,0,"ATP",5,"remove",2014-10-22,"1",5,4,5,2.6,NA,NA,NA,NA,NA,NA,NA,NA,NA,NA,NA,NA,NA,NA,1,NA,"",NA,953
571,NA,"L",5,93,0,"ATV",5,"control",2014-10-22,"1",4,3,8,2.3,NA,NA,NA,NA,NA,NA,NA,NA,NA,NA,NA,NA,NA,NA,1,NA,"",NA,954
791,NA,"L",5,95,0.5,"ATP",4,"control",2014-10-22,"1",4,3,5,2.4,NA,NA,NA,NA,NA,NA,NA,NA,NA,NA,NA,NA,NA,NA,1,NA,"",NA,791
590,NA,"L",5,97,-0.5,"ATV",4,"control",2014-10-22,"1",3,3,5,2.2,NA,NA,NA,NA,NA,NA,NA,NA,NA,NA,NA,NA,NA,NA,1,NA,"",NA,590
591,NA,"L",5,97,0.5,"ATV",4,"remove",2014-10-22,"1",3,3,4,2.6,NA,NA,NA,NA,NA,NA,NA,NA,NA,NA,NA,NA,NA,NA,1,NA,"",NA,591
735,NA,"M",2,0.8,-7.2,"ATV",1,"remove",2014-10-23,"3",1,1,3,1.8,NA,NA,NA,NA,NA,NA,NA,NA,NA,NA,NA,NA,NA,NA,1,NA,"",NA,1104
400,NA,"M",2,1.6,-3,"ATV",1,"control",2014-10-23,"2",NA,NA,NA,NA,NA,NA,NA,NA,NA,NA,NA,NA,NA,NA,NA,NA,NA,NA,1,1,"one leaf","browsed",400
401,NA,"M",2,3.7,-1.7,"ATV",1,"control",2014-10-23,"1",2,1,4,2.7,NA,NA,NA,NA,NA,NA,NA,NA,NA,NA,NA,NA,NA,NA,1,1,"","frost heave",401
402,NA,"M",2,6.5,-2.6,"ATV",1,"control",2014-10-23,"1",1,1,6,2.6,NA,NA,NA,NA,NA,NA,NA,NA,NA,NA,NA,NA,NA,NA,1,1,"","browsed resprouting",402
403,NA,"M",2,14.1,1,"ATV",1,"remove",2014-10-23,"0",NA,NA,NA,NA,NA,NA,NA,NA,NA,NA,NA,NA,NA,NA,NA,NA,NA,NA,1,1,"","browsed",403
414,NA,"M",2,15.5,6.8,"ATV",1,"control",2014-10-23,"1",3,3,7,3.7,NA,NA,NA,NA,NA,NA,NA,NA,NA,NA,NA,NA,NA,NA,1,NA,"",NA,1106
862,NA,"M",2,16.1,1.9,"ATV",1,"control",2014-10-23,"1",2,2,8,2.8,NA,NA,NA,NA,NA,NA,NA,NA,NA,NA,NA,NA,NA,NA,1,NA,"",NA,1105
405,NA,"M",2,17.5,-4,"ATV",1,"remove",2014-10-23,"0",NA,NA,NA,NA,NA,NA,NA,NA,NA,NA,NA,NA,NA,NA,NA,NA,NA,NA,3,NA,"left tag, no lvs",NA,405
695,NA,"M",2,21.7,2.8,"ATV",1,"remove",2014-10-23,"0",NA,NA,NA,NA,NA,NA,NA,NA,NA,NA,NA,NA,NA,NA,NA,NA,NA,NA,1,NA,"",NA,1107
406,NA,"M",2,27.5,2.5,"ATV",1,"remove",2014-10-23,"0",NA,NA,NA,NA,NA,NA,NA,NA,NA,NA,NA,NA,NA,NA,NA,NA,NA,NA,3,1,"no leaves","",406
407,NA,"M",2,30,1.5,"ATV",1,"remove",2014-10-23,"1",3,3,5,3,NA,NA,NA,NA,NA,NA,NA,NA,NA,NA,NA,NA,NA,NA,1,1,"","",407
409,NA,"M",2,43.9,-0.3,"ATV",1,"control",2014-10-23,"1",2,2,5,1.8,NA,NA,NA,NA,NA,NA,NA,NA,NA,NA,NA,NA,NA,NA,1,1,"","",409
404,NA,"M",2,45.8,-2.6,"ATV",1,"remove",2014-10-23,"0",NA,NA,NA,NA,NA,NA,NA,NA,NA,NA,NA,NA,NA,NA,NA,NA,NA,NA,1,NA,"",NA,1108
411,NA,"M",2,47.8,-0.5,"ATV",6,"remove",2014-10-23,"0",NA,NA,NA,NA,NA,NA,NA,NA,NA,NA,NA,NA,NA,NA,NA,NA,NA,NA,1,NA,"this is a new seedling coming up where old plant #411 was ",NA,1103
415,NA,"M",2,77.5,0.2,"ATV",1,"control",2014-10-23,"0",NA,NA,NA,NA,NA,NA,NA,NA,NA,NA,NA,NA,NA,NA,NA,NA,NA,NA,1,1,"","browsed",415
361,NA,"M",2,92.1,-6,"ATV",1,"control",2014-10-23,"0",NA,NA,NA,NA,NA,NA,NA,NA,NA,NA,NA,NA,NA,NA,NA,NA,NA,NA,1,NA,"",NA,1109
416,NA,"M",3,5.9,-0.4,"ATV",2,"control",2014-10-23,"1",18,13,38,NA,1,2,13,9,NA,NA,NA,NA,NA,NA,NA,NA,NA,NA,1,1,"","",416
417,NA,"M",3,12.4,-0.5,"ATV",3,"control",2014-10-23,"1",92,62,57,NA,21,10,7,5,9,7,7,9,5,6,8,7,NA,"few sterile infls ",1,1,"","",417
418,NA,"M",3,18.1,0,"ATV",2,"remove",2014-10-23,"1",42,36,56,NA,14,7,6,6,2,5,2,7,7,NA,NA,NA,1,"5 infls on the ground infls browsed, some of the infls lenghts are short becaused they were browsed",1,1,"","",418
419,NA,"M",3,24.7,-0.1,"ATV",3,"remove",2014-10-23,"1",116,132,68,NA,51,69,9,10,11,11,12,11,16,10,11,10,NA,"few black stem cankers",1,1,"","",419
420,NA,"M",3,30.1,-0.1,"ATV",2,"remove",2014-10-23,"1",32,24,59,NA,6,2,8,11,NA,NA,NA,NA,NA,NA,NA,NA,NA,NA,1,1,"","",420
421,NA,"M",3,36.5,-0.3,"ATV",3,"remove",2014-10-23,"1",114,96,52,NA,31,24,14,6,10,10,11,2,16,7,11,8,NA,"some black rust canopy in 3 parts",1,1,"","",421
423,NA,"M",3,47.9,0.1,"ATV",3,"control",2014-10-23,"1",55,65,64,NA,10,5,5,7,9,12,9,NA,NA,NA,NA,NA,NA,NA,1,1,"","",423
424,NA,"M",3,54.3,-0.7,"ATV",2,"control",2014-10-23,"1",5,3,11,NA,1,0,NA,NA,NA,NA,NA,NA,NA,NA,NA,NA,NA,NA,1,1,"browsed","",424
425,NA,"M",3,60.7,-0.4,"ATV",3,"control",2014-10-23,"1",89,72,68,NA,27,1,7,NA,NA,NA,NA,NA,NA,NA,NA,NA,NA,NA,1,1,"","",425
426,NA,"M",3,65.8,-0.1,"ATV",2,"control",2014-10-23,"1",13,13,36,NA,1,3,6,6,4,NA,NA,NA,NA,NA,NA,NA,NA,NA,1,1,"","",426
427,NA,"M",3,71.8,0.3,"ATV",3,"remove",2014-10-23,"1",86,70,81,NA,26,19,8,15,15,9,13,14,11,12,12,8,NA,"black aphids",1,1,"","",427
428,NA,"M",3,78.3,0,"ATV",2,"remove",2014-10-23,"0",NA,NA,NA,NA,NA,NA,NA,NA,NA,NA,NA,NA,NA,NA,NA,NA,NA,NA,0,NA,"left tag",NA,428
429,NA,"M",3,84.1,0.1,"ATV",3,"control",2014-10-23,"1",79,51,75,NA,14,12,3,6,9,7,6,6,5,5,6,6,NA,NA,1,1,"","",429
611,NA,"M",3,87,-0.2,"ATV",2,"remove",2014-10-23,"1",28,19,38,NA,4,5,2,12,13,7,6,NA,NA,NA,NA,NA,NA,NA,1,NA,"",NA,1110
431,NA,"M",3,95.9,0.6,"ATV",3,"remove",2014-10-23,"1",65,68,69,NA,17,24,10,7,4,4,6,4,3,8,4,4,1,"6 infls on ground black rust",1,1,"","",431
729,NA,"M",4,1,0,"ATP",5,"control",2014-10-23,"3",NA,NA,NA,NA,NA,NA,NA,NA,NA,NA,NA,NA,NA,NA,NA,NA,1,"browsed ",1,1,"resprouting","browsed",855
234,NA,"M",4,3,0,"ATV",5,"control",2014-10-23,"0",NA,NA,NA,NA,NA,NA,NA,NA,NA,NA,NA,NA,NA,NA,NA,NA,NA,NA,3,1,"","browsed",856
712,NA,"M",4,5,-0.5,"ATP",4,"control",2014-10-23,"1",3,1,6,2.1,NA,NA,NA,NA,NA,NA,NA,NA,NA,NA,NA,NA,NA,NA,1,1,"","",712
512,NA,"M",4,7,-0.5,"ATV",4,"control",2014-10-23,"1",4,2,7,2.7,NA,NA,NA,NA,NA,NA,NA,NA,NA,NA,NA,NA,NA,NA,1,1,"","",512
513,NA,"M",4,7,0.5,"ATV",4,"remove",2014-10-23,"1",3,2,6,2.6,NA,NA,NA,NA,NA,NA,NA,NA,NA,NA,NA,NA,NA,NA,1,1,"","",513
551,NA,"M",4,11,0,"ATP",5,"remove",2014-10-23,"0",NA,NA,NA,NA,NA,NA,NA,NA,NA,NA,NA,NA,NA,NA,NA,NA,NA,NA,1,1,"","",857
353,NA,"M",4,13,0,"ATV",5,"remove",2014-10-23,"1",5,2,6,3.8,NA,NA,NA,NA,NA,NA,NA,NA,NA,NA,NA,NA,1,"browsed a little ",1,1,"","",858
714,NA,"M",4,15,-0.5,"ATP",4,"control",2014-10-23,"1",3,2,5,3,NA,NA,NA,NA,NA,NA,NA,NA,NA,NA,NA,NA,NA,"no leaves",1,1,"","",714
715,NA,"M",4,15,0.5,"ATP",4,"remove",2014-10-23,"1",2,2,2,2.4,NA,NA,NA,NA,NA,NA,NA,NA,NA,NA,NA,NA,1,"browsed fuzzy white galls",1,1,"resprouting","browsed resprouting back to life",715
514,NA,"M",4,17,-0.5,"ATV",4,"remove",2014-10-23,"0",NA,NA,NA,NA,NA,NA,NA,NA,NA,NA,NA,NA,NA,NA,NA,NA,NA,NA,3,1,"dried out","browsed",514
515,NA,"M",4,17,0.5,"ATV",4,"control",2014-10-23,"1",2,2,4,2,NA,NA,NA,NA,NA,NA,NA,NA,NA,NA,NA,NA,NA,NA,1,1,"resprouting ","browsed",515
351,NA,"M",4,21,0,"ATP",5,"control",2014-10-23,"0",NA,NA,NA,NA,NA,NA,NA,NA,NA,NA,NA,NA,NA,NA,NA,NA,NA,NA,1,1,"","browsed",859
76,NA,"M",4,23,0,"ATV",5,"control",2014-10-23,"0",NA,NA,NA,NA,NA,NA,NA,NA,NA,NA,NA,NA,NA,NA,NA,NA,NA,NA,0,NA,"left tag",NA,860
716,NA,"M",4,25,-0.5,"ATP",4,"control",2014-10-23,"0",NA,NA,NA,NA,NA,NA,NA,NA,NA,NA,NA,NA,NA,NA,NA,NA,NA,NA,0,NA,"left tag",NA,716
516,NA,"M",4,27,-0.5,"ATV",4,"remove",2014-10-23,"0",NA,NA,NA,NA,NA,NA,NA,NA,NA,NA,NA,NA,NA,NA,NA,NA,NA,NA,1,1,"resprouting ","browsed",516
517,NA,"M",4,27,0.5,"ATV",4,"control",2014-10-23,"0",NA,NA,NA,NA,NA,NA,NA,NA,NA,NA,NA,NA,NA,NA,NA,NA,NA,NA,0,NA,"left tag",NA,517
830,NA,"M",4,31,0,"ATP",5,"remove",2014-10-23,"1",5,3,6,2.4,NA,NA,NA,NA,NA,NA,NA,NA,NA,NA,NA,NA,1,"browsed",1,1,"","",861
243,NA,"M",4,33,0,"ATV",5,"remove",2014-10-23,"0",NA,NA,NA,NA,NA,NA,NA,NA,NA,NA,NA,NA,NA,NA,NA,NA,NA,NA,1,1,"","browsed",862
719,NA,"M",4,35,0.5,"ATP",4,"remove",2014-10-23,"0",NA,NA,NA,NA,NA,NA,NA,NA,NA,NA,NA,NA,NA,NA,NA,NA,NA,NA,0,NA,"left tag",NA,719
519,NA,"M",4,37,0.5,"ATV",4,"control",2014-10-23,"1",3,1,4,1.8,NA,NA,NA,NA,NA,NA,NA,NA,NA,NA,NA,NA,NA,NA,1,1,"","",519
261,NA,"M",4,41,0,"ATP",5,"remove",2014-10-23,"0",NA,NA,NA,NA,NA,NA,NA,NA,NA,NA,NA,NA,NA,NA,NA,NA,NA,NA,1,1,"","",863
364,NA,"M",4,43,0,"ATV",5,"remove",2014-10-23,"1",4,2,5,3.4,NA,NA,NA,NA,NA,NA,NA,NA,NA,NA,NA,NA,1,"browsed entirely ",1,1,"","",864
520,NA,"M",4,47,-0.5,"ATV",4,"control",2014-10-22,"0",NA,NA,NA,NA,NA,NA,NA,NA,NA,NA,NA,NA,NA,NA,NA,NA,NA,NA,0,NA,"left tag",NA,520
521,NA,"M",4,47,0.5,"ATV",4,"remove",2014-10-22,"0",NA,NA,NA,NA,NA,NA,NA,NA,NA,NA,NA,NA,NA,NA,NA,NA,NA,NA,1,1,"","browsed resprouting ",521
813,NA,"M",4,51,0,"ATP",5,"remove",2014-10-22,"3",NA,NA,NA,NA,NA,NA,NA,NA,NA,NA,NA,NA,NA,NA,NA,NA,1,"browsed ",1,1,"","",865
100,NA,"M",4,53,0,"ATV",5,"control",2014-10-22,"1",1,1,2,3.1,NA,NA,NA,NA,NA,NA,NA,NA,NA,NA,NA,NA,1,"browsed",1,1,"","resprouting ",866
522,NA,"M",4,57,-0.5,"ATV",4,"control",2014-10-22,"0",NA,NA,NA,NA,NA,NA,NA,NA,NA,NA,NA,NA,NA,NA,NA,NA,NA,NA,0,NA,"left tag",NA,522
810,NA,"M",4,61,0,"ATP",5,"control",2014-10-22,"0",NA,NA,NA,NA,NA,NA,NA,NA,NA,NA,NA,NA,NA,NA,NA,NA,1,"browsed ",3,3,"left tag","fresh browse",867
453,NA,"M",4,63,0,"ATV",5,"control",2014-10-22,"0",NA,NA,NA,NA,NA,NA,NA,NA,NA,NA,NA,NA,NA,NA,NA,NA,NA,NA,0,NA,"left tag",NA,868
725,NA,"M",4,65,0.5,"ATP",4,"control",2014-10-22,"1",2,1,3,2.2,NA,NA,NA,NA,NA,NA,NA,NA,NA,NA,NA,NA,NA,NA,1,1,"","browsed resprouting",725
524,NA,"M",4,67,-0.5,"ATV",4,"remove",2014-10-22,"0",NA,NA,NA,NA,NA,NA,NA,NA,NA,NA,NA,NA,NA,NA,NA,NA,NA,"dead",3,1,"freshly browsed","",524
525,NA,"M",4,67,0.5,"ATV",4,"control",2014-10-22,"1",2,3,4,1.7,NA,NA,NA,NA,NA,NA,NA,NA,NA,NA,NA,NA,NA,NA,1,1,"","",525
452,NA,"M",4,71,0,"ATP",5,"control",2014-10-22,"1",5,2,7,2.9,NA,NA,NA,NA,NA,NA,NA,NA,NA,NA,NA,NA,NA,NA,1,1,"","",869
681,NA,"M",4,73,0,"ATV",5,"remove",2014-10-22,"3",NA,NA,NA,NA,NA,NA,NA,NA,NA,NA,NA,NA,NA,NA,NA,NA,1,"browsed, no leaves",1,1,"","",870
727,NA,"M",4,75,0.5,"ATP",4,"control",2014-10-22,"1",2,2,3,1.9,NA,NA,NA,NA,NA,NA,NA,NA,NA,NA,NA,NA,1,"browsed",1,1,"","browsed resprouting",727
527,NA,"M",4,77,0.5,"ATV",4,"remove",2014-10-22,"1",3,2,7,2.5,NA,NA,NA,NA,NA,NA,NA,NA,NA,NA,NA,NA,1,"browsed, black rust spots",1,1,"","",527
723,NA,"M",4,81,0,"ATP",5,"control",2014-10-22,"0",NA,NA,NA,NA,NA,NA,NA,NA,NA,NA,NA,NA,NA,NA,NA,NA,NA,"plant dug up ",0,NA,"browsed, left tag",NA,871
688,NA,"M",4,83,0,"ATV",5,"control",2014-10-22,"0",NA,NA,NA,NA,NA,NA,NA,NA,NA,NA,NA,NA,NA,NA,NA,NA,NA,NA,3,1,"browsed","",872
728,NA,"M",4,84,-0.5,"ATP",4,"control",2014-10-22,"0",NA,NA,NA,NA,NA,NA,NA,NA,NA,NA,NA,NA,NA,NA,NA,NA,NA,NA,0,NA,"left tag",NA,728
528,NA,"M",4,87,-0.5,"ATV",4,"control",2014-10-22,"1",5,5,8,2.6,NA,NA,NA,NA,NA,NA,NA,NA,NA,NA,NA,NA,NA,NA,1,1,"","healthy! ",528
529,NA,"M",4,87,0.5,"ATV",4,"remove",2014-10-22,"0",NA,NA,NA,NA,NA,NA,NA,NA,NA,NA,NA,NA,NA,NA,NA,NA,NA,NA,0,NA,"left tag",NA,529
792,NA,"M",4,91,0,"ATP",5,"control",2014-10-22,"1",1,1,2,1.1,NA,NA,NA,NA,NA,NA,NA,NA,NA,NA,NA,NA,NA,NA,1,1,"","",873
690,NA,"M",4,93,0,"ATV",5,"control",2014-10-22,"0",NA,NA,NA,NA,NA,NA,NA,NA,NA,NA,NA,NA,NA,NA,NA,NA,NA,NA,0,NA,"browsed, left tag",NA,874
730,NA,"M",4,95,-0.5,"ATP",4,"control",2014-10-22,"0",NA,NA,NA,NA,NA,NA,NA,NA,NA,NA,NA,NA,NA,NA,NA,NA,NA,NA,0,NA,"left tag",NA,730
731,NA,"M",4,95,0.5,"ATP",4,"remove",2014-10-22,"0",NA,NA,NA,NA,NA,NA,NA,NA,NA,NA,NA,NA,NA,NA,NA,NA,NA,NA,0,NA,"left tag",NA,731
530,NA,"M",4,97,-0.5,"ATV",4,"control",2014-10-22,"0",NA,NA,NA,NA,NA,NA,NA,NA,NA,NA,NA,NA,NA,NA,NA,NA,NA,NA,0,NA,"left tag",NA,530
449,NA,"M",3,69.8,-1,"ATV",2,"control",2014-10-26,"1",9,7,8,NA,1,NA,NA,NA,NA,NA,NA,NA,NA,NA,NA,NA,NA,NA,NA,NA,NA,NA,NA
NA,NA,NA,NA,NA,NA,NA,NA,NA,NA,NA,NA,NA,NA,NA,NA,NA,NA,NA,NA,NA,NA,NA,NA,NA,NA,NA,NA,NA,NA,NA,NA,NA,NA
