"X......Corrected.plants.table.from.9.4.2014...Updated.positions.and.treatmetns.from.spring.2014.and.then.added.the.new.plants.from.fall.2013.and.spring.2014..","NA.","NA..1","NA..2","NA..3","NA..4","NA..5","NA..6","NA..7","NA..8","NA..9","NA..10","NA..11","NA..12","NA..13","NA..14"
"#####",NA,NA,NA,NA,NA,NA,NA,NA,NA,NA,NA,NA,NA,NA,NA
"site","transect","Y","X","treatment","ID","tag1","tag2","tag_switched","species","start_date","end_date","class","active","date_treated","notes"
"C","1","8.7","-1.9","control","1","1",NA,NA,"ATV","39740","39981","1","0","39994",NA
"C","1","9.9","-0.25","remove","2","2",NA,NA,"ATV","39740","39981","1","0","39994",NA
"C","1","10","1.8","control","3","3",NA,NA,"ATV","39740",NA,"1","1","39994",NA
"C","1","11.1","1.4","remove","4","4",NA,NA,"ATV","39740",NA,"1","1","39994",NA
"C","1","24","-2.1","remove","5","5",NA,NA,"ATP","39740",NA,"1","1","39994",NA
"C","1","24.4","-0.95","remove","6","6",NA,NA,"ATP","39740",NA,"1","1","39994",NA
"C","1","34","-0.7","remove","7","7",NA,NA,"ATV","39740",NA,"1","1","39994",NA
"C","1","42.3","-2.4","remove","8","8",NA,NA,"ATV","39740",NA,"1","1","39994",NA
"C","1","43.5","-1.5","control","9","9",NA,NA,"ATV","39740","39981","1","0","39994",NA
"C","1","48.9","0.9","control","10","10",NA,NA,"ATV","39740",NA,"1","1","39994",NA
"C","1","52.2","-1.6","remove","11","11",NA,NA,"ATP","39740",NA,"1","1","39994",NA
"C","1","52.4","-0.55","control","12","12",NA,NA,"ATV","39740",NA,"1","1","39994",NA
"C","1","53.7","-1.4","control","13","13",NA,NA,"ATP","39740",NA,"1","1","39994",NA
"C","1","54.7","-0.9","control","14","14",NA,NA,"ATP","39740",NA,"1","1","39994",NA
"C","1","55.1","-0.6","remove","15","15",NA,NA,"ATP","39740",NA,"1","1","39994",NA
"C","1","55.2","0.6","control","16","16",NA,NA,"ATP","39740",NA,"1","1","39994",NA
"C","1","55.9","0.1","remove","17","17",NA,NA,"ATV","39740",NA,"1","1","39994",NA
"C","1","56.2","0.5","remove","18","18",NA,NA,"ATV","39740","39981","1","0","39994",NA
"C","1","58.1","-0.85","control","19","19",NA,NA,"ATV","39740",NA,"1","1","39994",NA
"C","1","59.2","0.4","remove","20","20",NA,NA,"ATV","39740",NA,"1","1","39994",NA
"C","1","63.9","0.3","control","21","21",NA,NA,"ATV","39740",NA,"1","1","39994",NA
"C","1","64.8","-0.3","control","22","22",NA,NA,"ATP","39740",NA,"1","1","39994",NA
"C","1","64.8","-1.3","remove","23","23",NA,NA,"ATP","39740",NA,"1","1","39994",NA
"C","1","66.6","-0.6","control","24","24",NA,NA,"ATP","39740","39981","1","0","39994",NA
"C","1","67.9","-1.6","control","25","25",NA,NA,"ATP","39740",NA,"1","1","39994",NA
"C","1","69.5","0.3","control","26","26",NA,NA,"ATP","39740",NA,"1","1","39994",NA
"C","1","70.6","-0.4","remove","27","27",NA,NA,"ATP","39740",NA,"1","1","39994",NA
"C","1","72.7","-0.7","control","28","28",NA,NA,"ATP","39740","39981","1","0","39994",NA
"C","1","75","0.2","remove","29","29",NA,NA,"ATP","39740",NA,"1","1","39994",NA
"C","1","77.5","1.4","remove","30","30",NA,NA,"ATP","39740",NA,"1","1","39994",NA
"C","1","83.5","0.3","control","31","31",NA,NA,"ATP","39740",NA,"1","1","39994",NA
"C","1","59.4","2.5","remove","32","32",NA,NA,"ATV","39740",NA,"1","1","39994",NA
"C","1","52.5","-2.3","control","33","33",NA,NA,"ATV","39740",NA,"1","1","39994",NA
"C","2","7.9","-1.6","control","34","34",NA,NA,"ATV","39740",NA,"3","1","39994",NA
"C","2","6","2.4","control","35","35",NA,NA,"ATP","39740",NA,"3","1","39994",NA
"C","2","11.5","0.4","control","36","36",NA,NA,"ATV","39740",NA,"2","1","39994",NA
"C","2","13.1","-0.1","control","37","37",NA,NA,"ATP","39740",NA,"2","1","39994",NA
"C","2","17","-2.4","control","38","38",NA,NA,"ATV","39740",NA,"3","1","39994",NA
"C","2","18.5","0.1","control","39","39",NA,NA,"ATP","39740",NA,"3","1","39994",NA
"C","2","23.2","-0.3","control","40","40",NA,NA,"ATP","39740",NA,"2","1","39994",NA
"C","2","25.1","-2.1","remove","41","41",NA,NA,"ATV","39740",NA,"2","1","39994",NA
"C","2","28.4","0.4","control","42","42",NA,NA,"ATP","39740",NA,"3","1","39994","had to switch treatment"
"C","2","32.6","1.1","remove","43","43",NA,NA,"ATV","39740",NA,"3","1","39994",NA
"C","2","36.6","0.05","remove","44","44",NA,NA,"ATP","39740",NA,"2","1","39994",NA
"C","2","37.8","-1.8","control","45","45",NA,NA,"ATV","39740",NA,"2","1","39994",NA
"C","2","38.8","0.7","control","46","46",NA,NA,"ATV","39740",NA,"3","1","39994",NA
"C","2","42.8","0.6","remove","47","47",NA,NA,"ATP","39740",NA,"3","1","39994",NA
"C","2","47.2","0.25","control","48","48",NA,NA,"ATP","39740",NA,"2","1","39994",NA
"C","2","48.2","-1.7","remove","49","49",NA,NA,"ATV","39740",NA,"2","1","39994",NA
"C","2","51.1","-0.9","remove","50","50",NA,NA,"ATV","39740",NA,"3","1","39994",NA
"C","2","54.5","1.9","remove","51","51",NA,NA,"ATP","39740",NA,"3","1","39994",NA
"C","2","59.9","0.25","remove","52","52",NA,NA,"ATP","39740",NA,"2","1","39994",NA
"C","2","62.5","-1","remove","53","53",NA,NA,"ATV","39740",NA,"2","1","39994",NA
"C","2","65.8","-0.6","remove","54","54",NA,NA,"ATP","39740",NA,"3","1","39994","had to switch treatment"
"C","2","68","2.3","remove","55","55",NA,NA,"ATV","39740",NA,"3","1","39994",NA
"C","2","71.6","0.5","remove","56","56",NA,NA,"ATP","39740",NA,"2","1","39994",NA
"C","2","73.7","-1.4","control","57","57",NA,NA,"ATV","39740",NA,"2","1","39994",NA
"C","2","78.2","2.45","remove","58","58",NA,NA,"ATV","39740",NA,"3","1","39994",NA
"C","2","78.2","-1.1","control","59","59",NA,NA,"ATP","39740",NA,"3","1","39994",NA
"C","2","81.9","1.1","remove","60","60",NA,NA,"ATV","39740",NA,"2","1","39994",NA
"C","2","84.2","-1.6","remove","61","61",NA,NA,"ATP","39740",NA,"2","1","39994",NA
"C","2","88.6","4.2","control","62","62",NA,NA,"ATV","39740",NA,"3","1","39994",NA
"C","2","90.4","0.4","remove","63","63",NA,NA,"ATP","39740",NA,"3","1","39994",NA
"C","2","94.8","0.25","control","64","64",NA,NA,"ATP","39740",NA,"2","1","39994",NA
"C","2","97.3","-0.3","control","65","65",NA,NA,"ATV","39740",NA,"2","1","39994",NA
"G","4","3.8","0.4","remove","66","66",NA,NA,"ATV","39740",NA,"1","1","39994",NA
"G","4","4.9","0.8","control","67","67",NA,NA,"ATV","39740",NA,"1","1","39994",NA
"G","4","5.7","0.1","remove","68","68",NA,NA,"ATV","39740",NA,"1","1","39994",NA
"G","4","24.2","0.35","control","69","69",NA,NA,"ATV","39740","39990","1","0","39994",NA
"G","4","45.6","-0.9","control","70","70",NA,NA,"ATV","39740",NA,"1","1","39994",NA
"G","4","47.5","-0.4","control","71","71",NA,NA,"ATV","39740","39990","1","0","39994",NA
"G","4","49.1","-0.2","control","72","72",NA,NA,"ATV","39740","39990","1","0","39994",NA
"G","4","54.1","-0.6","remove","73","73",NA,NA,"ATV","39740","39990","1","0","39994",NA
"G","4","55.1","-0.3","control","74","74",NA,NA,"ATV","39740","39990","1","0","39994",NA
"G","4","63.3","-0.7","remove","75","75",NA,NA,"ATV","39740",NA,"1","1","39994",NA
"G","4","68.5","0.6","remove","76","76",NA,NA,"ATV","39740",NA,"1","1","39994",NA
"G","4","69","1.1","control","77","77",NA,NA,"ATV","39740","39990","1","0","39994",NA
"G","4","76.7","0.1","control","78","78",NA,NA,"ATV","39740",NA,"1","1","39994",NA
"G","4","84.3","-0.8","remove","79","79",NA,NA,"ATV","39740",NA,"1","1","39994",NA
"G","4","99.7","-0.4","remove","80","80",NA,NA,"ATV","39740",NA,"1","1","39994",NA
"G","4","99.4","1.2","remove","81","81",NA,NA,"ATV","39740",NA,"1","1","39994",NA
"B","3","6","0.15","remove","82","82",NA,NA,"ATP","39747",NA,"2","1","39994",NA
"B","3","11.6","-2.4","control","83","83",NA,NA,"ATP","39747",NA,"3","1","39994",NA
"B","3","17.9","-0.4","control","84","84",NA,NA,"ATP","39747",NA,"2","1","39994",NA
"B","3","23","0","control","85","85",NA,NA,"ATP","39747",NA,"3","1","39994","corrected Y position"
"B","3","29.5","0.1","control","86","86",NA,NA,"ATP","39747",NA,"2","1","39994",NA
"B","3","35.8","-0.3","control","87","87",NA,NA,"ATP","39747",NA,"3","1","39994",NA
"B","3","41.2","0.9","control","88","88",NA,NA,"ATP","39747",NA,"2","1","39994",NA
"B","3","48.3","-0.3","control","89","89",NA,NA,"ATP","39747",NA,"3","1","39994",NA
"B","3","53.1","0.7","remove","90","90",NA,NA,"ATP","39747",NA,"2","1","39994",NA
"B","3","59.6","-0.4","remove","91","91",NA,NA,"ATP","39747",NA,"3","1","39994",NA
"B","3","66.4","0.3","remove","92","92",NA,NA,"ATP","39747",NA,"2","1","39994",NA
"B","3","70.9","0","remove","93","93",NA,NA,"ATP","39747",NA,"3","1","39994",NA
"B","3","78.4","-0.1","remove","94","94",NA,NA,"ATP","39747",NA,"2","1","39994",NA
"B","3","84.6","0.9","remove","95","95",NA,NA,"ATP","39747",NA,"3","1","39994",NA
"B","3","90","-0.1","control","96","96",NA,NA,"ATP","39747",NA,"2","1","39994",NA
"B","3","96.5","0.3","remove","97","97",NA,NA,"ATP","39747",NA,"3","1","39994",NA
"B","2","4.7","-0.9","remove","98","98",NA,NA,"ATP","39747",NA,"1","1","39994",NA
"B","2","3.8","0.8","control","99","99",NA,NA,"ATP","39747",NA,"1","1","39994",NA
"B","2","7.6","1","remove","100","100",NA,NA,"ATP","39747","40029","1","0","39994",NA
"B","2","8.7","-0.3","control","101","101",NA,NA,"ATP","39747",NA,"1","1","39994",NA
"B","2","12.2","0.3","control","102","102",NA,NA,"ATP","39747",NA,"1","1","39994",NA
"B","2","13.4","-0.5","remove","103","103",NA,NA,"ATP","39747",NA,"1","1","39994",NA
"B","2","16.2","0.4","remove","104","104",NA,NA,"ATP","39747",NA,"1","1","39994",NA
"B","2","17.1","-1","control","105","105",NA,NA,"ATP","39747",NA,"1","1","39994",NA
"B","2","59.1","-0.2","remove","106","106",NA,NA,"ATP","39747",NA,"1","1","39994",NA
"B","2","60.7","-0.7","remove","107","107",NA,NA,"ATP","39747","39974","1","0","39994",NA
"B","2","61.5","0.3","control","108","108",NA,NA,"ATP","39747",NA,"1","1","39994",NA
"B","2","66.4","-0.4","remove","109","109",NA,NA,"ATP","39747","39974","1","0","39994",NA
"B","2","83.6","0.4","control","110","110",NA,NA,"ATP","39747",NA,"1","1","39994",NA
"B","2","85","0.4","remove","111","111",NA,NA,"ATP","39747",NA,"1","1","39994",NA
"B","2","86.3","0.1","remove","112","112",NA,NA,"ATP","39747",NA,"1","1","39994",NA
"B","2","91","0.5","control","113","113",NA,NA,"ATP","39747",NA,"1","1","39994",NA
"B","2","13.9","0.8","control","114","114",NA,NA,"ATP","39747","39974","1","0","39994",NA
"B","2","15.6","1.5","control","115","115",NA,NA,"ATP","39747","40029","1","0","39994",NA
"A","2","5","-0.2","remove","116","116",NA,NA,"ATP","39748",NA,"1","1","39994",NA
"A","2","18.9","-1.2","remove","117","117",NA,NA,"ATP","39748","40029","1","0","39994",NA
"A","2","24.4","-1.1","control","118","118",NA,NA,"ATP","39748",NA,"1","1","39994",NA
"A","2","35.2","1.8","control","119","119",NA,NA,"ATP","39748",NA,"1","1","39994","corrected Y position"
"A","2","49.5","-1.7","remove","120","120",NA,NA,"ATP","39748",NA,"1","1","39994",NA
"A","2","53","0.4","control","121","121",NA,NA,"ATP","39748",NA,"1","1","39994",NA
"A","2","51.9","0.6","remove","122","122",NA,NA,"ATP","39748",NA,"1","1","39994",NA
"A","2","56.4","2.5","control","123","123",NA,NA,"ATP","39748",NA,"1","1","39994",NA
"A","2","60.8","-2","remove","124","124",NA,NA,"ATP","39748",NA,"1","1","39994",NA
"A","2","61.6","-0.8","control","125","125",NA,NA,"ATP","39748",NA,"1","1","39994",NA
"A","2","64.1","-0.6","control","126","126",NA,NA,"ATP","39748",NA,"1","1","39994",NA
"A","2","65.1","-1.6","control","127","127",NA,NA,"ATP","39748","39976","1","0","39994",NA
"A","2","83.2","-1.5","remove","128","128",NA,NA,"ATP","39748",NA,"1","1","39994",NA
"A","2","86.9","-1.2","remove","129","129",NA,NA,"ATP","39748",NA,"1","1","39994",NA
"A","2","88.4","0.1","remove","130","130",NA,NA,"ATP","39748",NA,"1","1","39994",NA
"A","2","98.4","-1.5","control","131","131",NA,NA,"ATP","39748",NA,"1","1","39994",NA
"A","1","6.2","-0.2","remove","132","132",NA,NA,"ATP","39748",NA,"2","1","39994",NA
"A","1","12.4","-0.1","remove","133","133",NA,NA,"ATP","39748",NA,"3","1","39994",NA
"A","1","18.2","-0.1","control","134","134",NA,NA,"ATP","39748",NA,"2","1","39994",NA
"A","1","23.7","-0.2","remove","135","135",NA,NA,"ATP","39748",NA,"3","1","39994",NA
"A","1","30.2","0.4","remove","136","136",NA,NA,"ATP","39748",NA,"2","1","39994",NA
"A","1","35.9","0","control","137","137",NA,NA,"ATP","39748",NA,"3","1","39994",NA
"A","1","42.1","-0.2","control","138","138",NA,NA,"ATP","39748",NA,"2","1","39994",NA
"A","1","48.1","-0.3","control","139","139",NA,NA,"ATP","39748",NA,"3","1","39994",NA
"A","1","52.9","0.6","control","140","140",NA,NA,"ATP","39748",NA,"2","1","39994",NA
"A","1","60.4","-0.1","control","141","141",NA,NA,"ATP","39748",NA,"3","1","39994",NA
"A","1","66.1","0.1","remove","142","142",NA,NA,"ATP","39748",NA,"2","1","39994",NA
"A","1","72.1","-0.3","control","143","143",NA,NA,"ATP","39748",NA,"3","1","39994",NA
"A","1","78","0.3","control","144","144",NA,NA,"ATP","39748",NA,"2","1","39994",NA
"A","1","83.9","0.2","remove","145","145",NA,NA,"ATP","39748",NA,"3","1","39994",NA
"A","1","90.3","0.7","remove","146","146",NA,NA,"ATP","39748",NA,"2","1","39994",NA
"A","1","96.4","0.7","remove","147","147",NA,NA,"ATP","39748",NA,"3","1","39994",NA
"G","1","6.1","-0.5","remove","148","148",NA,NA,"ATV","39749",NA,"2","1","39994",NA
"G","1","12.1","-0.3","control","149","149",NA,NA,"ATV","39749",NA,"3","1","39994",NA
"G","1","18.3","0","control","150","150",NA,NA,"ATV","39749",NA,"2","1","39994",NA
"G","1","23.6","1.3","control","151","151",NA,NA,"ATV","39749",NA,"3","1","39994",NA
"G","1","29.3","0.4","remove","152","152",NA,NA,"ATV","39749",NA,"2","1","39994",NA
"G","1","36.1","0.3","control","153","153",NA,NA,"ATV","39749",NA,"3","1","39994",NA
"G","1","42.2","0.6","control","154","154",NA,NA,"ATV","39749",NA,"2","1","39994",NA
"G","1","47.4","-0.4","remove","155","155",NA,NA,"ATV","39749",NA,"3","1","39994",NA
"G","1","54.4","0.5","control","156","156",NA,NA,"ATV","39749",NA,"2","1","39994",NA
"G","1","56.5","0.5","remove","157","157",NA,NA,"ATV","39749",NA,"3","1","39994",NA
"G","1","66.4","0.2","remove","158","158",NA,NA,"ATV","39749",NA,"2","1","39994",NA
"G","1","71.8","0","remove","159","159",NA,NA,"ATV","39749",NA,"3","1","39994",NA
"G","1","77.9","0.6","control","160","160",NA,NA,"ATV","39749",NA,"2","1","39994",NA
"G","1","83.3","0.3","remove","161","161",NA,NA,"ATV","39749",NA,"3","1","39994","had to switch treatment"
"G","1","90.2","0.6","remove","162","162",NA,NA,"ATV","39749",NA,"2","1","39994",NA
"G","1","95.4","0.1","remove","163","163",NA,NA,"ATV","39749",NA,"3","1","39994",NA
"I","3","6","0.6","control","164","164",NA,NA,"ATP","39750",NA,"2","1","39994",NA
"I","3","12.3","-0.2","remove","165","165",NA,NA,"ATP","39750",NA,"3","1","39994","corrected Y position"
"I","3","16.6","-1.1","remove","166","166",NA,NA,"ATP","39750",NA,"2","1","39994",NA
"I","3","24","-0.4","remove","167","167",NA,NA,"ATP","39750",NA,"3","1","39994",NA
"I","3","30.3","0.9","control","168","168",NA,NA,"ATP","39750",NA,"2","1","39994",NA
"I","3","35.8","0.1","remove","169","169",NA,NA,"ATP","39750",NA,"3","1","39994",NA
"I","3","41.6","0.4","remove","170","170",NA,NA,"ATP","39750",NA,"2","1","39994",NA
"I","3","47.9","0.5","control","171","171",NA,NA,"ATP","39750",NA,"3","1","39994",NA
"I","3","53.3","1.3","remove","172","172",NA,NA,"ATP","39750",NA,"2","1","39994",NA
"I","3","60","-0.2","control","173","173",NA,NA,"ATP","39750",NA,"3","1","39994",NA
"I","3","65.1","-1.8","remove","174","174",NA,NA,"ATP","39750",NA,"2","1","39994",NA
"I","3","71.6","0.6","control","175","175",NA,NA,"ATP","39750",NA,"3","1","39994",NA
"I","3","79.2","-0.1","control","176","176",NA,NA,"ATP","39750",NA,"2","1","39994",NA
"I","3","83.9","0.1","control","177","177",NA,NA,"ATP","39750",NA,"3","1","39994",NA
"I","3","89.5","-0.1","control","178","178",NA,NA,"ATP","39750",NA,"2","1","39994",NA
"I","3","96.3","0","remove","179","179",NA,NA,"ATP","39750",NA,"3","1","39994",NA
"I","1","13.6","-1.5","control","180","180",NA,NA,"ATP","39768",NA,"1","1","39994",NA
"I","1","20.2","-0.7","remove","181","181",NA,NA,"ATP","39768",NA,"1","1","39994",NA
"I","1","32.2","0","remove","182","182",NA,NA,"ATP","39768",NA,"1","1","39994",NA
"I","1","34.3","-2","remove","183","183",NA,NA,"ATP","39768",NA,"1","1","39994",NA
"I","1","43.8","-0.3","control","184","184",NA,NA,"ATP","39768",NA,"1","1","39994",NA
"I","1","46.1","0.4","remove","185","185",NA,NA,"ATP","39768",NA,"1","1","39994",NA
"I","1","49","0.9","remove","186","186",NA,NA,"ATP","39768",NA,"1","1","39994",NA
"I","1","50.3","-0.6","control","187","187",NA,NA,"ATP","39768",NA,"1","1","39994",NA
"I","1","50.7","1.7","control","188","188",NA,NA,"ATP","39768",NA,"1","1","39994",NA
"I","1","50.6","0.45","control","189","189",NA,NA,"ATP","39768",NA,"1","1","39994",NA
"I","1","51.8","1.6","remove","190","190",NA,NA,"ATP","39768","39980","1","0","39994",NA
"I","1","52.7","0.5","remove","191","191",NA,NA,"ATP","39768",NA,"1","1","39994",NA
"I","1","62.2","0","control","192","192",NA,NA,"ATP","39768",NA,"1","1","39994",NA
"I","1","67.4","0.5","remove","193","193",NA,NA,"ATP","39768",NA,"1","1","39994",NA
"I","1","72.7","0.4","control","194","194",NA,NA,"ATP","39768",NA,"1","1","39994",NA
"I","1","88.3","-0.7","control","195","195",NA,NA,"ATP","39768","39980","1","0","39994",NA
"H","2","5.9","0.9","control","196","196",NA,NA,"ATP","39768",NA,"2","1","39994",NA
"H","2","5.7","-1.1","remove","197","197",NA,NA,"ATV","39768",NA,"2","1","39994",NA
"H","2","12","0.4","remove","198","198",NA,NA,"ATP","39768",NA,"3","1","39994",NA
"H","2","11","-3.3","remove","199","199",NA,NA,"ATV","39768",NA,"3","1","39994",NA
"H","2","18.6","0.1","remove","200","200",NA,NA,"ATP","39768",NA,"2","1","39994",NA
"H","2","18.5","-2.1","remove","201","201",NA,NA,"ATV","39768",NA,"2","1","39994",NA
"H","2","24.3","0.1","control","202","202",NA,NA,"ATP","39768",NA,"3","1","39994",NA
"H","2","26.3","-1.8","control","203","203",NA,NA,"ATV","39768",NA,"3","1","39994",NA
"H","2","32.2","0.3","control","204","204",NA,NA,"ATP","39768",NA,"2","1","39994",NA
"H","2","30.1","-1.1","remove","205","205",NA,NA,"ATV","39768",NA,"2","1","39994",NA
"H","2","35.5","0.1","remove","206","206",NA,NA,"ATP","39768",NA,"3","1","39994",NA
"H","2","37.4","-0.4","remove","207","207",NA,NA,"ATV","39768",NA,"3","1","39994",NA
"H","2","42.4","-0.3","control","208","208",NA,NA,"ATP","39768",NA,"2","1","39994",NA
"H","2","41.1","0.1","control","209","209",NA,NA,"ATV","39768",NA,"2","1","39994",NA
"H","2","47.8","0.2","control","210","210",NA,NA,"ATP","39768",NA,"3","1","39994",NA
"H","2","48.9","-1.6","control","211","211",NA,NA,"ATV","39768",NA,"3","1","39994",NA
"H","2","53.1","0.6","remove","212","212",NA,NA,"ATP","39768",NA,"2","1","39994",NA
"H","2","54.2","-0.9","remove","213","213",NA,NA,"ATV","39768",NA,"2","1","39994",NA
"H","2","60.8","-1.1","remove","214","214",NA,NA,"ATP","39768",NA,"3","1","39994",NA
"H","2","60.2","1.1","remove","215","215",NA,NA,"ATV","39768",NA,"3","1","39994",NA
"H","2","65","-1.3","control","216","216",NA,NA,"ATP","39768",NA,"2","1","39994",NA
"H","2","66.4","-0.5","control","217","217",NA,NA,"ATV","39768",NA,"2","1","39994",NA
"H","2","71.4","1","control","218","218",NA,NA,"ATP","39768",NA,"3","1","39994",NA
"H","2","71.7","-1.5","control","219","219",NA,NA,"ATV","39768",NA,"3","1","39994",NA
"H","2","78.1","0","remove","220","220",NA,NA,"ATP","39768",NA,"2","1","39994",NA
"H","2","77.2","-0.5","control","221","221",NA,NA,"ATV","39768",NA,"2","1","39994",NA
"H","2","84.1","1.1","control","222","222",NA,NA,"ATP","39768",NA,"3","1","39994",NA
"H","2","84.8","-0.5","control","223","223",NA,NA,"ATV","39768",NA,"3","1","39994","had to switch treatment"
"H","2","89.7","-0.1","remove","224","224",NA,NA,"ATP","39768",NA,"2","1","39994",NA
"H","2","90.7","0.5","control","225","225",NA,NA,"ATV","39768",NA,"2","1","39994",NA
"H","2","96.1","0.2","remove","226","226",NA,NA,"ATP","39768",NA,"3","1","39994",NA
"H","2","97.2","-2.7","remove","227","227",NA,NA,"ATV","39768",NA,"3","1","39994","had to switch treatment"
"H","1","5.4","0.2","control","228","228",NA,NA,"ATV","39769",NA,"1","1","39994",NA
"H","1","7.4","0.8","remove","229","229",NA,NA,"ATV","39769",NA,"1","1","39994",NA
"H","1","14.1","0.7","control","230","230",NA,NA,"ATV","39769",NA,"1","1","39994",NA
"H","1","22.3","0","remove","231","231",NA,NA,"ATP","39769",NA,"1","1","39994",NA
"H","1","53.9","-0.3","remove","232","232",NA,NA,"ATV","39769","39987","1","0","39994",NA
"H","1","55.7","0","control","233","233",NA,NA,"ATV","39769",NA,"1","1","39994",NA
"H","1","58.7","0.2","control","234","234",NA,NA,"ATV","39769",NA,"1","1","39994",NA
"H","1","59.4","-0.8","remove","235","235",NA,NA,"ATV","39769","39987","1","0","39994",NA
"H","1","63.1","-0.1","remove","236","236",NA,NA,"ATV","39769",NA,"1","1","39994",NA
"H","1","64","-1.2","remove","237","237",NA,NA,"ATV","39769","39987","1","0","39994",NA
"H","1","65","1.1","control","238","238",NA,NA,"ATV","39769",NA,"1","1","39994",NA
"H","1","65.8","-1.3","remove","239","239",NA,NA,"ATP","39769",NA,"1","1","39994",NA
"H","1","66.2","-1.9","control","240","240",NA,NA,"ATP","39769",NA,"1","1","39994",NA
"H","1","77","0.4","remove","241","241",NA,NA,"ATV","39769",NA,"1","1","39994",NA
"H","1","81.2","-0.4","control","242","242",NA,NA,"ATV","39769","39987","1","0","39994",NA
"H","1","79.7","1","control","243","243",NA,NA,"ATV","39769","40029","1","0","39994",NA
"H","1","82.3","-0.1","control","244","244",NA,NA,"ATV","39769",NA,"1","1","39994",NA
"H","1","81.7","0.7","remove","245","245",NA,NA,"ATV","39769","40029","1","0","39994",NA
"H","1","99.7","0.2","remove","246","246",NA,NA,"ATV","39769",NA,"1","1","39994",NA
"H","1","85.4","1.2","control","247","247",NA,NA,"ATP","39769",NA,"1","1","39994","corrected Y position"
"H","5","40.5","2.4","remove","248","248",NA,NA,"ATP","39769",NA,"1","1","39994",NA
"H","5","69.2","0.7","control","249","249",NA,NA,"ATP","39769",NA,"1","1","39994",NA
"H","5","69.7","1","remove","250","250",NA,NA,"ATP","39769",NA,"1","1","39994",NA
"H","5","71","-0.8","control","251","251",NA,NA,"ATP","39769",NA,"1","1","39994",NA
"H","5","72.1","-2.2","control","252","252",NA,NA,"ATP","39769",NA,"1","1","39994",NA
"H","5","89","2","control","253","253",NA,NA,"ATP","39769",NA,"1","1","39994",NA
"H","5","17.6","-3.4","control","254","254",NA,NA,"ATP","39769",NA,"1","1","39994",NA
"H","3","89.8","-0.5","control","255","255",NA,NA,"ATP","39769",NA,"1","1","39994","corrected transect and treatment"
"H","5","69.1","-8.3","remove","256","256",NA,NA,"ATP","39769",NA,"1","1","39994",NA
"H","5","93","-5","remove","257","257",NA,NA,"ATP","39769","39988","1","0","39994",NA
"H","5","92.4","-10","remove","258","258",NA,NA,"ATP","39769",NA,"1","1","39994",NA
"H","5","50.6","-12.9","control","259","259",NA,NA,"ATP","39769",NA,"1","1","39994",NA
"J","2","2.2","-1.1","control","260","260",NA,NA,"ATV","39938",NA,"1","1","39994",NA
"J","2","3.4","1","control","261","261",NA,NA,"ATV","39938","40030","1","0","39994","this tag was later used at site M"
"J","2","12.8","-0.4","control","262","262",NA,NA,"ATV","39938",NA,"1","1","39994",NA
"J","2","17.6","-0.8","remove","263","263",NA,NA,"ATV","39938",NA,"1","1","39994",NA
"J","2","19.7","1.5","control","264","264",NA,NA,"ATV","39938",NA,"1","1","39994",NA
"J","2","29.9","0","control","265","265",NA,NA,"ATV","39938",NA,"1","1","39994",NA
"J","2","30.8","0.6","remove","266","266",NA,NA,"ATV","39938",NA,"1","1","39994",NA
"J","2","39.3","2.4","control","267","267",NA,NA,"ATV","39938",NA,"1","1","39994",NA
"J","2","44.3","-0.8","remove","268","268",NA,NA,"ATV","39938",NA,"1","1","39994",NA
"J","2","45","0.4","remove","269","269",NA,NA,"ATV","39938",NA,"1","1","39994",NA
"J","2","45.3","-0.6","remove","270","270",NA,NA,"ATV","39938",NA,"1","1","39994",NA
"J","2","45.9","-0.9","remove","271","271",NA,NA,"ATV","39938",NA,"1","1","39994",NA
"J","2","46.9","-0.9","remove","272","272",NA,NA,"ATV","39938",NA,"1","1","39994",NA
"J","2","55","1","remove","273","273",NA,NA,"ATV","39938",NA,"1","1","39994",NA
"J","2","56.9","-0.1","control","274","274",NA,NA,"ATV","39938",NA,"1","1","39994",NA
"J","2","57.4","1.2","remove","275","275",NA,NA,"ATV","39938",NA,"1","1","39994",NA
"J","2","58.4","1.7","control","276","276",NA,NA,"ATV","39938",NA,"1","1","39994",NA
"J","2","66.3","1","control","277","277",NA,NA,"ATV","39938",NA,"1","1","39994",NA
"J","2","76.5","1.7","control","278","278",NA,NA,"ATV","39938",NA,"1","1","39994",NA
"J","2","83.1","0.9","remove","279","279",NA,NA,"ATV","39938",NA,"1","1","39994",NA
"J","2","85.5","-0.6","control","280","280",NA,NA,"ATV","39938","40030","1","0","39994",NA
"J","2","88.2","0","remove","281","281",NA,NA,"ATV","39938",NA,"1","1","39994",NA
"K","3","0","2.8","control","282","282",NA,NA,"ATP","39939",NA,"1","1","39994",NA
"K","3","1.7","2","control","283","283",NA,NA,"ATP","39939",NA,"1","1","39994",NA
"K","3","2.3","2.3","remove","284","284",NA,NA,"ATP","39939",NA,"1","1","39994",NA
"K","3","4.3","2.5","remove","285","285",NA,NA,"ATP","39939",NA,"1","1","39994",NA
"K","3","7.1","-1.3","remove","286","286",NA,NA,"ATP","39939",NA,"1","1","39994",NA
"K","3","9","1.5","control","287","287",NA,NA,"ATP","39939",NA,"1","1","39994",NA
"K","3","14.4","0.1","remove","288","288",NA,NA,"ATP","39939",NA,"1","1","39994",NA
"K","3","14.1","-0.6","remove","289","289",NA,NA,"ATP","39939",NA,"1","1","39994",NA
"K","3","31.1","-3.7","remove","290","290",NA,NA,"ATP","39939","39979","1","0","39994","plant lost? 8-5-2013"
"K","3","36.5","-1.2","control","291","291",NA,NA,"ATP","39939",NA,"1","1","39994",NA
"K","3","37.8","-0.5","remove","292","292",NA,NA,"ATP","39939","40029","1","0","39994",NA
"K","3","40.1","-1.1","remove","293","293",NA,NA,"ATP","39939",NA,"1","1","39994",NA
"K","3","39.4","-2.2","remove","294","294",NA,NA,"ATP","39939",NA,"1","1","39994",NA
"K","3","48","-2.9","control","295","295",NA,NA,"ATP","39939",NA,"1","1","39994",NA
"K","3","53.9","-3.6","control","296","296",NA,NA,"ATP","39939",NA,"1","1","39994",NA
"K","3","59.3","1.8","remove","297","297",NA,NA,"ATP","39939",NA,"1","1","39994",NA
"K","3","60.3","-3.4","remove","298","298",NA,NA,"ATP","39939",NA,"1","1","39994",NA
"K","3","61.8","-4","control","299","299",NA,NA,"ATP","39939",NA,"1","1","39994",NA
"K","3","92.3","-0.6","control","300","300",NA,NA,"ATP","39939",NA,"1","1","39994",NA
"K","3","94.3","-1.2","control","301","301",NA,NA,"ATP","39939",NA,"1","1","39994",NA
"K","3","95.6","-1.4","control","302","302",NA,NA,"ATP","39939",NA,"1","1","39994",NA
"K","3","95.8","0.8","control","303","303",NA,NA,"ATP","39939",NA,"1","1","39994",NA
"K","2","6.5","-0.6","remove","304","304",NA,NA,"ATP","39939",NA,"2","1","39994","X-positions may be off"
"K","2","12.8","-0.6","control","305","305",NA,NA,"ATP","39939",NA,"3","1","39994","X-positions may be off"
"K","2","17.8","-0.9","control","306","306",NA,NA,"ATP","39939",NA,"2","1","39994","X-positions may be off"
"K","2","24.1","-0.4","control","307","307",NA,NA,"ATP","39939",NA,"3","1","39994","X-positions may be off"
"K","2","30.4","-0.1","remove","308","308",NA,NA,"ATP","39939",NA,"2","1","39994","X-positions may be off"
"K","2","36.3","0.1","control","309","309",NA,NA,"ATP","39939",NA,"3","1","39994","X-positions may be off"
"K","2","41.2","0.4","control","310","310",NA,NA,"ATP","39939",NA,"2","1","39994","X-positions may be off"
"K","2","48.3","-0.7","remove","311","311",NA,NA,"ATP","39939",NA,"3","1","39994","X-positions may be off"
"K","2","54.7","-0.3","remove","312","312",NA,NA,"ATP","39939",NA,"2","1","39994","X-positions may be off"
"K","2","60.3","-0.4","remove","313","313",NA,NA,"ATP","39939",NA,"3","1","39994","X-positions may be off"
"K","2","66.2","-0.3","control","314","314",NA,NA,"ATP","39939",NA,"2","1","39994","X-positions may be off"
"K","2","72.8","0","control","315","315",NA,NA,"ATP","39939",NA,"3","1","39994","X-positions may be off"
"K","2","77.1","-0.5","control","316","316",NA,NA,"ATP","39939",NA,"2","1","39994","X-positions may be off"
"K","2","83.3","0.3","remove","317","317",NA,NA,"ATP","39939",NA,"3","1","39994","X-positions may be off"
"K","2","90.6","0.9","remove","318","318",NA,NA,"ATP","39939",NA,"2","1","39994","X-positions may be off"
"K","2","96.3","0.5","remove","319","319",NA,NA,"ATP","39939",NA,"3","1","39994","X-positions may be off"
"J","3","6","-0.1","control","320","320",NA,NA,"ATV","39940",NA,"2","1","39994","tag placed back on plant on 8-5-2013"
"J","3","12.6","0.3","remove","321","321",NA,NA,"ATV","39940",NA,"3","1","39994",NA
"J","3","17.7","-0.1","remove","322","322",NA,NA,"ATV","39940",NA,"2","1","39994",NA
"J","3","24.6","0","remove","323","323",NA,NA,"ATV","39940",NA,"3","1","39994",NA
"J","3","30.3","-0.1","control","324","324",NA,NA,"ATV","39940",NA,"2","1","39994",NA
"J","3","35.8","0.5","remove","325","325",NA,NA,"ATV","39940",NA,"3","1","39994",NA
"J","3","41.6","0.4","remove","326","326",NA,NA,"ATV","39940",NA,"2","1","39994",NA
"J","3","47.8","0","control","327","327",NA,NA,"ATV","39940",NA,"3","1","39994",NA
"J","3","53.8","0.2","remove","328","328",NA,NA,"ATV","39940",NA,"2","1","39994",NA
"J","3","59.8","-0.8","control","329","329",NA,NA,"ATV","39940",NA,"3","1","39994",NA
"J","3","65.9","0","remove","330","330",NA,NA,"ATV","39940",NA,"2","1","39994",NA
"J","3","72.4","0.2","remove","331","331",NA,NA,"ATV","39940",NA,"3","1","39994",NA
"J","3","77.7","0","control","332","332",NA,NA,"ATV","39940",NA,"2","1","39994",NA
"J","3","83.7","0.6","control","333","333",NA,NA,"ATV","39940",NA,"3","1","39994",NA
"J","3","90.9","-0.1","control","334","334",NA,NA,"ATV","39940",NA,"2","1","39994",NA
"J","3","95.9","-0.5","control","335","335",NA,NA,"ATV","39940",NA,"3","1","39994",NA
"L","3","4.2","0.1","control","336","336",NA,NA,"ATP","39940",NA,"1","1","39994",NA
"L","3","14.9","-4.3","control","337","337",NA,NA,"ATV","39940",NA,"1","1","39994",NA
"L","3","15.8","-3.3","control","338","338",NA,NA,"ATP","39940",NA,"1","1","39994",NA
"L","3","19.2","-2.3","control","339","339",NA,NA,"ATV","39940",NA,"1","1","39994",NA
"L","3","20.7","-0.7","remove","340","340",NA,NA,"ATV","39940",NA,"1","1","39994",NA
"L","3","23.1","-3.9","control","341","341",NA,NA,"ATV","39940",NA,"1","1","39994",NA
"L","3","24.9","2.2","control","342","342",NA,NA,"ATV","39940",NA,"1","1","39994",NA
"L","3","25.5","0.9","control","343","343",NA,NA,"ATP","39940",NA,"1","1","39994",NA
"L","3","26.5","-3.1","remove","344","344",NA,NA,"ATV","39940",NA,"1","1","39994",NA
"L","3","27.6","-2.8","control","345","345",NA,NA,"ATV","39940",NA,"1","1","39994",NA
"L","3","29.7","-0.6","control","346","346",NA,NA,"ATV","39940",NA,"1","1","39994",NA
"L","3","31.2","-0.7","remove","347","347",NA,NA,"ATV","39940",NA,"1","1","39994",NA
"L","3","30.7","-0.1","control","348","348",NA,NA,"ATV","39940",NA,"1","1","39994",NA
"L","3","33.8","3.6","control","349","349",NA,NA,"ATP","39940",NA,"1","1","39994",NA
"L","3","34.1","2.2","remove","350","350",NA,NA,"ATV","39940",NA,"1","1","39994",NA
"L","3","37.7","-0.7","control","351","351",NA,NA,"ATV","39940","40029","1","0","39994",NA
"L","3","39.9","0.8","remove","352","352",NA,NA,"ATV","39940",NA,"1","1","39994",NA
"L","3","39.9","-1.9","remove","353","353",NA,NA,"ATV","39940","40029","1","0","39994",NA
"L","3","42.6","-1","remove","354","354",NA,NA,"ATV","39940",NA,"1","1","39994",NA
"L","3","45.5","4.7","remove","355","355",NA,NA,"ATP","39940",NA,"1","1","39994",NA
"L","3","49.8","1","remove","356","356",NA,NA,"ATV","39940",NA,"1","1","39994",NA
"L","3","53.1","2","remove","357","357",NA,NA,"ATP","39940",NA,"1","1","39994",NA
"L","3","57.1","-2.6","control","358","358",NA,NA,"ATP","39940",NA,"1","1","39994",NA
"L","3","58.6","-3.5","remove","359","359",NA,NA,"ATP","39940",NA,"1","1","39994",NA
"L","3","58.9","-2.8","remove","360","360",NA,NA,"ATP","39940",NA,"1","1","39994",NA
"L","3","59.8","-3.5","control","361","361",NA,NA,"ATP","39940","40313","1","0","39994",NA
"L","3","67.8","1","control","362","362",NA,NA,"ATP","39940",NA,"1","1","39994",NA
"L","3","70.3","2","remove","363","363",NA,NA,"ATP","39940",NA,"1","1","39994",NA
"L","3","72","2.2","remove","364","364",NA,NA,"ATP","39940","40029","1","0","39994",NA
"L","3","72.7","-2.5","remove","365","365",NA,NA,"ATP","39940",NA,"1","1","39994",NA
"L","3","74.8","-3","remove","366","366",NA,NA,"ATP","39940",NA,"1","1","39994",NA
"L","3","77.5","-1.4","control","367","367",NA,NA,"ATP","39940",NA,"1","1","39994",NA
"L","2","6.3","0.6","remove","368","368",NA,NA,"ATV","39941",NA,"2","1","39994",NA
"L","2","12.3","0","control","369","369",NA,NA,"ATV","39941",NA,"3","1","39994",NA
"L","2","17.5","0.5","control","370","370",NA,NA,"ATP","39941",NA,"2","1","39994",NA
"L","2","24","0.8","control","371","371",NA,NA,"ATP","39941",NA,"3","1","39994",NA
"L","2","30.1","0.5","remove","372","372",NA,NA,"ATV","39941",NA,"2","1","39994",NA
"L","2","38.6","1.1","control","373","373",NA,NA,"ATV","39941",NA,"3","1","39994",NA
"L","2","41.4","1.5","remove","374","374",NA,NA,"ATP","39941",NA,"2","1","39994",NA
"L","2","49","0.3","remove","375","375",NA,NA,"ATP","39941",NA,"3","1","39994",NA
"L","2","53.7","0.3","control","376","376",NA,NA,"ATV","39941",NA,"2","1","39994",NA
"L","2","60.3","0.6","remove","377","377",NA,NA,"ATV","39941",NA,"3","1","39994",NA
"L","2","66.6","-1","control","378","378",NA,NA,"ATP","39941",NA,"2","1","39994",NA
"L","2","72","-0.7","remove","379","379",NA,NA,"ATP","39941",NA,"3","1","39994",NA
"L","2","78.5","-0.1","control","380","380",NA,NA,"ATV","39941",NA,"2","1","39994",NA
"L","2","80.4","2.9","remove","381","381",NA,NA,"ATV","39941",NA,"3","1","39994",NA
"L","2","89.5","-0.9","remove","382","382",NA,NA,"ATP","39941",NA,"2","1","39994",NA
"L","2","95.9","-0.2","remove","383","383",NA,NA,"ATP","39941",NA,"3","1","39994",NA
"L","4","6.2","-0.5","remove","384","384",NA,NA,"ATV","39941",NA,"2","1","39994",NA
"L","4","10.8","-0.8","remove","385","385",NA,NA,"ATV","39941",NA,"3","1","39994",NA
"L","4","17.6","0.9","control","386","386",NA,NA,"ATP","39941",NA,"2","1","39994",NA
"L","4","23.1","-1.8","control","387","387",NA,NA,"ATP","39941",NA,"3","1","39994",NA
"L","4","29.3","0","remove","388","388",NA,NA,"ATV","39941",NA,"2","1","39994",NA
"L","4","35.7","-0.4","control","389","389",NA,NA,"ATV","39941",NA,"3","1","39994",NA
"L","4","42.6","-0.1","control","390","390",NA,NA,"ATP","39941",NA,"2","1","39994",NA
"L","4","47.2","0","remove","391","391",NA,NA,"ATP","39941",NA,"3","1","39994",NA
"L","4","53.9","1.1","control","392","392",NA,NA,"ATV","39941",NA,"2","1","39994",NA
"L","4","57.3","-0.9","remove","393","393",NA,NA,"ATV","39941",NA,"3","1","39994",NA
"L","4","65.7","-0.4","remove","394","394",NA,NA,"ATP","39941",NA,"2","1","39994",NA
"L","4","70.5","0.1","control","395","395",NA,NA,"ATP","39941",NA,"3","1","39994",NA
"L","4","77.2","-0.1","control","396","396",NA,NA,"ATV","39941",NA,"2","1","39994",NA
"L","4","81","-0.2","control","397","397",NA,NA,"ATV","39941",NA,"3","1","39994",NA
"L","4","90.4","-0.3","remove","398","398",NA,NA,"ATP","39941",NA,"2","1","39994",NA
"L","4","97","-1","control","399","399",NA,NA,"ATP","39941",NA,"3","1","39994",NA
"M","2","1.6","-3","control","400","400",NA,NA,"ATV","39942",NA,"1","1","39994",NA
"M","2","3.7","-1.7","control","401","401",NA,NA,"ATV","39942",NA,"1","1","39994",NA
"M","2","6.5","-2.6","control","402","402",NA,NA,"ATV","39942",NA,"1","1","39994",NA
"M","2","14.1","1","remove","403","403",NA,NA,"ATV","39942",NA,"1","1","39994",NA
"M","2","17.1","-1.5","remove","404","404",NA,NA,"ATV","39942",NA,"1","1","39994",NA
"M","2","17.5","-4","remove","405","405",NA,NA,"ATV","39942",NA,"1","1","39994",NA
"M","2","27.5","2.5","remove","406","406",NA,NA,"ATV","39942",NA,"1","1","39994",NA
"M","2","30","1.5","remove","407","407",NA,NA,"ATV","39942",NA,"1","1","39994",NA
"M","2","29.9","0.6","control","408","408",NA,NA,"ATV","39942","40030","1","0","39994",NA
"M","2","43.9","-0.3","control","409","409",NA,NA,"ATV","39942",NA,"1","1","39994",NA
"M","2","47.5","0.2","remove","410","410",NA,NA,"ATV","39942",NA,"1","1","39994",NA
"M","2","47.8","-0.5","remove","411","411",NA,NA,"ATV","39942","40311","1","1","39994",NA
"M","2","54.5","-0.8","control","412","412",NA,NA,"ATV","39942",NA,"1","1","39994",NA
"M","2","57.7","1.2","remove","413","413",NA,NA,"ATV","39942",NA,"1","1","39994",NA
"M","2","57.4","3.3","control","414","414",NA,NA,"ATV","39942",NA,"1","1","39994",NA
"M","2","77.5","0.2","control","415","415",NA,NA,"ATV","39942",NA,"1","1","39994",NA
"M","3","5.9","-0.4","control","416","416",NA,NA,"ATV","39942",NA,"2","1","39994",NA
"M","3","12.4","-0.5","control","417","417",NA,NA,"ATV","39942",NA,"3","1","39994",NA
"M","3","18.1","0","remove","418","418",NA,NA,"ATV","39942",NA,"2","1","39994",NA
"M","3","24.7","-0.1","remove","419","419",NA,NA,"ATV","39942",NA,"3","1","39994",NA
"M","3","30.1","-0.1","remove","420","420",NA,NA,"ATV","39942",NA,"2","1","39994",NA
"M","3","36.5","-0.3","remove","421","421",NA,NA,"ATV","39942",NA,"3","1","39994",NA
"M","3","42","0.1","remove","422","422",NA,NA,"ATV","39942",NA,"2","1","39994",NA
"M","3","47.9","0.1","control","423","423",NA,NA,"ATV","39942",NA,"3","1","39994",NA
"M","3","54.3","-0.7","control","424","424",NA,NA,"ATV","39942",NA,"2","1","39994",NA
"M","3","60.7","-0.4","control","425","425",NA,NA,"ATV","39942",NA,"3","1","39994",NA
"M","3","65.8","-0.1","control","426","426",NA,NA,"ATV","39942",NA,"2","1","39994",NA
"M","3","71.8","0.3","remove","427","427",NA,NA,"ATV","39942",NA,"3","1","39994",NA
"M","3","78.3","0","remove","428","428",NA,NA,"ATV","39942",NA,"2","1","39994",NA
"M","3","84.1","0.1","control","429","429",NA,NA,"ATV","39942",NA,"3","1","39994",NA
"M","3","90.2","0","control","430","430",NA,NA,"ATV","39942","40000","2","0","39994",NA
"M","3","95.9","0.6","remove","431","431",NA,NA,"ATV","39942",NA,"3","1","39994",NA
"J","4","7","-0.5","control","432","432",NA,NA,"ATV","39955",NA,"4","1","39994",NA
"J","4","7","0.5","remove","433","433",NA,NA,"ATV","39955",NA,"4","1","39994",NA
"J","4","17","-0.5",NA,"434","434",NA,NA,"ATV","39955","39991","4","0","39994",NA
"J","4","17","0.5","control","435","435",NA,NA,"ATV","39955",NA,"4","1","39994",NA
"J","4","27","-0.5","remove","436","436",NA,NA,"ATV","39955",NA,"4","1","39994",NA
"J","4","27","0.5","control","437","437",NA,NA,"ATV","39955",NA,"4","1","39994",NA
"J","4","37","-0.5","remove","438","438",NA,NA,"ATV","39955",NA,"4","1","39994",NA
"J","4","37","0.5","control","439","439",NA,NA,"ATV","39955",NA,"4","1","39994",NA
"J","4","47","-0.5","control","440","440",NA,NA,"ATV","39955",NA,"4","1","39994",NA
"J","4","47","0.5","remove","441","441",NA,NA,"ATV","39955",NA,"4","1","39994",NA
"J","4","57","-0.5","control","442","442",NA,NA,"ATV","39955",NA,"4","1","39994",NA
"J","4","57","0.5","remove","443","443",NA,NA,"ATV","39955",NA,"4","1","39994",NA
"J","4","67","-0.5","control","444","444",NA,NA,"ATV","39955",NA,"4","1","39994",NA
"J","4","67","0.5","remove","445","445",NA,NA,"ATV","39955",NA,"4","1","39994",NA
"J","4","77","-0.5","control","446","446",NA,NA,"ATV","39955",NA,"4","1","39994",NA
"J","4","77","0.5","remove","447","447",NA,NA,"ATV","39955",NA,"4","1","39994",NA
"J","4","87","-0.5","remove","448","448",NA,NA,"ATV","39955",NA,"4","1","39994",NA
"J","4","87","0.5","control","449","449",NA,NA,"ATV","39955",NA,"4","1","39994",NA
"J","4","98","-0.5","remove","450","450",NA,NA,"ATV","39955","40030","4","0","39994",NA
"J","4","98","0.5","control","451","451",NA,NA,"ATV","39955","40030","4","0","39994",NA
"A","3","5","-0.5","remove","452","452",NA,NA,"ATV","39956","40029","4","0","39994",NA
"A","3","5","0.5","control","453","453",NA,NA,"ATV","39956","40029","4","0","39994",NA
"A","3","15","-0.5","control","454","454",NA,NA,"ATV","39956","40029","4","0","39994",NA
"A","3","15","0.5","remove","455","455",NA,NA,"ATV","39956","40029","4","0","39994",NA
"A","3","27","-0.5","control","456","456",NA,NA,"ATV","39956",NA,"4","1","39994","corrected Y position"
"A","3","25","0.5","remove","457","457",NA,NA,"ATV","39956","40029","4","0","39994",NA
"A","3","35","-0.5","remove","458","458",NA,NA,"ATV","39956","40029","4","0","39994",NA
"A","3","35","0.5","control","459","459",NA,NA,"ATV","39956","40029","4","0","39994",NA
"A","3","45","-0.5","remove","460","460",NA,NA,"ATV","39956",NA,"4","1","39994",NA
"A","3","45","0.5","control","461","461",NA,NA,"ATV","39956","40029","4","0","39994",NA
"A","3","55","-0.5","control","462","462",NA,NA,"ATV","39956","40029","4","0","39994",NA
"A","3","55","0.5","remove","463","463",NA,NA,"ATV","39956",NA,"4","1","39994",NA
"A","3","65","-0.5","control","464","464",NA,NA,"ATV","39956","39975","4","0","39994",NA
"A","3","65","0.5","remove","465","465",NA,NA,"ATV","39956","40029","4","0","39994",NA
"A","3","75","-0.5","remove","466","466",NA,NA,"ATV","39956",NA,"4","1","39994",NA
"A","3","75","0.5","control","467","467",NA,NA,"ATV","39956","39975","4","0","39994",NA
"A","3","85","-0.5","control","468","468",NA,NA,"ATV","39956","40029","4","0","39994",NA
"A","3","85","0.5","remove","469","469",NA,NA,"ATV","39956","40029","4","0","39994",NA
"A","3","95","-0.5","remove","470","470",NA,NA,"ATV","39956","40029","4","0","39994",NA
"A","3","95","0.5","control","471","471",NA,NA,"ATV","39956","40029","4","0","39994",NA
"K","4","7","-0.5",NA,"472","472",NA,NA,"ATV","39956","39981","4","0","39994",NA
"K","4","7","0.5","control","473","473",NA,NA,"ATV","39956","40029","4","0","39994",NA
"K","4","17","-0.5","remove","474","474",NA,NA,"ATV","39956","40029","4","0","39994",NA
"K","4","17","0.5","control","475","475",NA,NA,"ATV","39956","40029","4","0","39994",NA
"K","4","27","-0.5","remove","476","476",NA,NA,"ATV","39956","40029","4","0","39994",NA
"K","4","27","0.5",NA,"477","477",NA,NA,"ATV","39956","39981","4","0","39994",NA
"K","4","37","-0.5","remove","478","478",NA,NA,"ATV","39956","40029","4","0","39994",NA
"K","4","37","0.5","control","479","479",NA,NA,"ATV","39956",NA,"4","1","39994",NA
"K","4","47","-0.5",NA,"480","480",NA,NA,"ATV","39956","39981","4","0","39994",NA
"K","4","47","0.5",NA,"481","481",NA,NA,"ATV","39956","39981","4","0","39994",NA
"K","4","57","-0.5","control","482","482",NA,NA,"ATV","39956","40029","4","0","39994",NA
"K","4","57","0.5",NA,"483","483",NA,NA,"ATV","39956","39981","4","0","39994",NA
"K","4","67","-0.5","remove","484","484",NA,NA,"ATV","39956","40029","4","0","39994",NA
"K","4","67","0.5",NA,"485","485",NA,NA,"ATV","39956","39981","4","0","39994",NA
"K","4","77","-0.5",NA,"486","486",NA,NA,"ATV","39956","39981","4","0","39994",NA
"K","4","77","0.5","control","487","487",NA,NA,"ATV","39956","40029","4","0","39994",NA
"K","4","87","-0.5","remove","488","488",NA,NA,"ATV","39956","40029","4","0","39994",NA
"K","4","87","0.5",NA,"489","489",NA,NA,"ATV","39956","39981","4","0","39994",NA
"K","4","97","-0.5","control","490","490",NA,NA,"ATV","39956",NA,"4","1","39994",NA
"K","4","97","0.5","remove","491","491",NA,NA,"ATV","39956","40029","4","0","39994",NA
"B","1","7","-0.5","remove","492","492",NA,NA,"ATV","39957",NA,"4","1","39994",NA
"B","1","7","0.5","control","493","493",NA,NA,"ATV","39957","40029","4","0","39994",NA
"B","1","17","-0.5","remove","494","494",NA,NA,"ATV","39957","40029","4","0","39994",NA
"B","1","17","0.5","control","495","495",NA,NA,"ATV","39957","40029","4","0","39994",NA
"B","1","24","-0.5","control","496","496",NA,NA,"ATV","39957",NA,"4","1","39994",NA
"B","1","24","0.5","remove","497","497",NA,NA,"ATV","39957","40029","4","0","39994",NA
"B","1","37","-0.5","remove","498","498",NA,NA,"ATV","39957","40029","4","0","39994",NA
"B","1","37","0.5","control","499","499",NA,NA,"ATV","39957","40029","4","0","39994",NA
"B","1","51","-0.5","remove","500","500",NA,NA,"ATV","39957",NA,"4","1","39994",NA
"B","1","51","0.5","control","501","501",NA,NA,"ATV","39957","40029","4","0","39994",NA
"B","1","57","-0.5","control","502","502",NA,NA,"ATV","39957","40029","4","0","39994",NA
"B","1","57","0.5","remove","503","503",NA,NA,"ATV","39957","40029","4","0","39994",NA
"B","1","67","-0.5","control","504","504",NA,NA,"ATV","39957","40029","4","0","39994",NA
"B","1","67","0.5","remove","505","505",NA,NA,"ATV","39957",NA,"4","1","39994",NA
"B","1","77","-0.5","remove","506","506",NA,NA,"ATV","39957","40029","4","0","39994",NA
"B","1","77","0.5","control","507","507",NA,NA,"ATV","39957","40029","4","0","39994",NA
"B","1","87","-0.5","control","508","508",NA,NA,"ATV","39957",NA,"4","1","39994",NA
"B","1","87","0.5","remove","509","509",NA,NA,"ATV","39957","40029","4","0","39994",NA
"B","1","97","-0.5","remove","510","510",NA,NA,"ATV","39957",NA,"4","1","39994",NA
"B","1","97","0.5","control","511","511",NA,NA,"ATV","39957",NA,"4","1","39994",NA
"M","4","7","-0.5","control","512","512",NA,NA,"ATV","39957",NA,"4","1","39994",NA
"M","4","7","0.5","remove","513","513",NA,NA,"ATV","39957",NA,"4","1","39994",NA
"M","4","17","-0.5","remove","514","514",NA,NA,"ATV","39957",NA,"4","1","39994",NA
"M","4","17","0.5","control","515","515",NA,NA,"ATV","39957",NA,"4","1","39994",NA
"M","4","27","-0.5","remove","516","516",NA,NA,"ATV","39957",NA,"4","1","39994",NA
"M","4","27","0.5","control","517","517",NA,NA,"ATV","39957",NA,"4","1","39994",NA
"M","4","37","-0.5","remove","518","518",NA,NA,"ATV","39957","40030","4","0","39994",NA
"M","4","37","0.5","control","519","519",NA,NA,"ATV","39957",NA,"4","1","39994",NA
"M","4","47","-0.5","control","520","520",NA,NA,"ATV","39957",NA,"4","1","39994",NA
"M","4","47","0.5","remove","521","521",NA,NA,"ATV","39957",NA,"4","1","39994",NA
"M","4","57","-0.5","control","522","522",NA,NA,"ATV","39957",NA,"4","1","39994",NA
"M","4","57","0.5","remove","523","523",NA,NA,"ATV","39957","40030","4","0","39994",NA
"M","4","67","-0.5","remove","524","524",NA,NA,"ATV","39957",NA,"4","1","39994",NA
"M","4","67","0.5","control","525","525",NA,NA,"ATV","39957",NA,"4","1","39994",NA
"M","4","77","-0.5","control","526","526",NA,NA,"ATV","39957",NA,"4","1","39994",NA
"M","4","77","0.5","remove","527","527",NA,NA,"ATV","39957",NA,"4","1","39994",NA
"M","4","87","-0.5","control","528","528",NA,NA,"ATV","39957",NA,"4","1","39994",NA
"M","4","87","0.5","remove","529","529",NA,NA,"ATV","39957",NA,"4","1","39994",NA
"M","4","97","-0.5","control","530","530",NA,NA,"ATV","39957",NA,"4","1","39994",NA
"M","4","97","0.5","remove","531","531",NA,NA,"ATV","39957","40030","4","0","39994",NA
"G","3","7","-0.5","control","532","532",NA,NA,"ATV","39957",NA,"4","1","39994",NA
"G","3","7","0.5","remove","533","533",NA,NA,"ATV","39957",NA,"4","1","39994",NA
"G","3","17","-0.5","remove","534","534",NA,NA,"ATV","39957",NA,"4","1","39994",NA
"G","3","17","0.5",NA,"535","535",NA,NA,"ATV","39957","39989","4","0","39994",NA
"G","3","27","-0.5","control","536","536",NA,NA,"ATV","39957",NA,"4","1","39994",NA
"G","3","27","0.5","remove","537","537",NA,NA,"ATV","39957","40030","4","0","39994",NA
"G","3","37","-0.5","remove","538","538",NA,NA,"ATV","39957",NA,"4","1","39994",NA
"G","3","37","0.5","control","539","539",NA,NA,"ATV","39957",NA,"4","1","39994",NA
"G","3","47","-0.5","remove","540","540",NA,NA,"ATV","39957",NA,"4","1","39994",NA
"G","3","47","0.5","control","541","541",NA,NA,"ATV","39957",NA,"4","1","39994",NA
"G","3","57","-0.5","control","542","542",NA,NA,"ATV","39957",NA,"4","1","39994",NA
"G","3","57","0.5","remove","543","543",NA,NA,"ATV","39957",NA,"4","1","39994",NA
"G","3","67","-0.5",NA,"544","544",NA,NA,"ATV","39957","39989","4","0","39994",NA
"G","3","67","0.5","control","545","545",NA,NA,"ATV","39957",NA,"4","1","39994",NA
"G","3","77","-0.5","remove","546","546",NA,NA,"ATV","39957",NA,"4","1","39994",NA
"G","3","77","0.5","control","547","547",NA,NA,"ATV","39957","40030","4","0","39994",NA
"G","3","87","-0.5","control","548","548",NA,NA,"ATV","39957",NA,"4","1","39994",NA
"G","3","87","0.5","remove","549","549",NA,NA,"ATV","39957",NA,"4","1","39994",NA
"G","3","97","-0.5","control","550","550",NA,NA,"ATV","39957",NA,"4","1","39994",NA
"G","3","97","0.5","remove","551","551",NA,NA,"ATV","39957","40030","4","0","39994",NA
"H","3","7","-0.5","control","552","552",NA,NA,"ATV","39951",NA,"4","1","39994",NA
"H","3","7","0.5","remove","553","553",NA,NA,"ATV","39951",NA,"4","1","39994",NA
"H","3","17","0.5","control","554","554",NA,NA,"ATV","39951",NA,"4","1","39994",NA
"H","3","17","-0.5","remove","555","555",NA,NA,"ATV","39951","40029","4","0","39994",NA
"H","3","27","-0.5","control","556","556",NA,NA,"ATV","39951",NA,"4","1","39994",NA
"H","3","27","0.5","remove","557","557",NA,NA,"ATV","39951",NA,"4","1","39994",NA
"H","3","37","-0.5","remove","558","558",NA,NA,"ATV","39951",NA,"4","1","39994",NA
"H","3","37","0.5","control","559","559",NA,NA,"ATV","39951","40029","4","0","39994",NA
"H","3","47","-0.5","remove","560","560",NA,NA,"ATV","39951",NA,"4","1","39994",NA
"H","3","47","0.5","control","561","561",NA,NA,"ATV","39951",NA,"4","1","39994",NA
"H","3","57","-0.5","remove","562","562",NA,NA,"ATV","39951",NA,"4","1","39994",NA
"H","3","57","0.5","control","563","563",NA,NA,"ATV","39951",NA,"4","1","39994",NA
"H","3","67","-0.5","control","564","564",NA,NA,"ATV","39951",NA,"4","1","39994",NA
"H","3","67","0.5","remove","565","565",NA,NA,"ATV","39951","40029","4","0","39994",NA
"H","3","77","-0.5","remove","566","566",NA,NA,"ATV","39951","40029","4","0","39994",NA
"H","3","77","0.5","control","567","567",NA,NA,"ATV","39951",NA,"4","1","39994",NA
"H","3","87","-0.5","remove","568","568",NA,NA,"ATV","39951","40029","4","0","39994",NA
"H","3","87","0.5","control","569","569",NA,NA,"ATV","39951",NA,"4","1","39994",NA
"H","3","97","-0.5","remove","570","570",NA,NA,"ATV","39951",NA,"4","1","39994",NA
"H","3","97","0.5","control","571","571",NA,NA,"ATV","39951","40029","4","0","39994",NA
"L","5","7","-0.5","control","572","572",NA,NA,"ATV","39959","40029","4","0","39994",NA
"L","5","7","0.5","remove","573","573",NA,NA,"ATV","39959",NA,"4","1","39994",NA
"L","5","17","-0.5","remove","574","574",NA,NA,"ATV","39959",NA,"4","1","39994",NA
"L","5","17","0.5","control","575","575",NA,NA,"ATV","39959","40029","4","0","39994",NA
"L","5","27","-0.5",NA,"576","576",NA,NA,"ATV","39959","39984","4","0","39994",NA
"L","5","27","0.5","remove","577","577",NA,NA,"ATV","39959",NA,"4","1","39994",NA
"L","5","37","-0.5","remove","578","578",NA,NA,"ATV","39959",NA,"4","1","39994",NA
"L","5","37","0.5","control","579","579",NA,NA,"ATV","39959",NA,"4","1","39994",NA
"L","5","47","-0.5","control","580","580",NA,NA,"ATV","39959",NA,"4","1","39994",NA
"L","5","47","0.5","remove","581","581",NA,NA,"ATV","39959",NA,"4","1","39994",NA
"L","5","58","-0.5","control","582","582",NA,NA,"ATV","39959",NA,"4","1","39994",NA
"L","5","58","0.5","remove","583","583",NA,NA,"ATV","39959",NA,"4","1","39994",NA
"L","5","67","-0.5","remove","584","584",NA,NA,"ATV","39959",NA,"4","1","39994",NA
"L","5","67","0.5","control","585","585",NA,NA,"ATV","39959",NA,"4","1","39994",NA
"L","5","78","-0.5","remove","586","586",NA,NA,"ATV","39959",NA,"4","1","39994",NA
"L","5","78","0.5","control","587","587",NA,NA,"ATV","39959",NA,"4","1","39994",NA
"L","5","87","-0.5","control","588","588",NA,NA,"ATV","39959",NA,"4","1","39994",NA
"L","5","87","0.5","remove","589","589",NA,NA,"ATV","39959",NA,"4","1","39994",NA
"L","5","97","-0.5","control","590","590",NA,NA,"ATV","39959",NA,"4","1","39994",NA
"L","5","97","0.5","remove","591","591",NA,NA,"ATV","39959",NA,"4","1","39994",NA
"C","3","7","0.5","remove","592","592",NA,NA,"ATV","39959",NA,"4","1","39994","corrected x position"
"C","3","7","-0.5","control","593","593",NA,NA,"ATV","39959",NA,"4","1","39994","corrected x position "
"C","3","18","-0.5","remove","594","594",NA,NA,"ATV","39959","40029","4","0","39994",NA
"C","3","18","0.5",NA,"595","595",NA,NA,"ATV","39959","39981","4","0","39994",NA
"C","3","27","-0.5","remove","596","596",NA,NA,"ATV","39959",NA,"4","1","39994",NA
"C","3","27","0.5","control","597","597",NA,NA,"ATV","39959",NA,"4","1","39994",NA
"C","3","37","-0.5","control","598","598",NA,NA,"ATV","39959",NA,"4","1","39994",NA
"C","3","37","0.5","remove","599","599",NA,NA,"ATV","39959","40029","4","0","39994",NA
"C","3","49","-0.5","control","600","600",NA,NA,"ATV","39959",NA,"4","1","39994",NA
"C","3","49","0.5","remove","601","601",NA,NA,"ATV","39959",NA,"4","1","39994",NA
"C","3","56","-0.5","control","602","602",NA,NA,"ATV","39959","40029","4","0","39994",NA
"C","3","56","0.5","remove","603","603",NA,NA,"ATV","39959",NA,"4","1","39994",NA
"C","3","67","-0.5","remove","604","604",NA,NA,"ATV","39959",NA,"4","1","39994",NA
"C","3","67","0.5","control","605","605",NA,NA,"ATV","39959",NA,"4","1","39994",NA
"C","3","77","-0.5","control","606","606",NA,NA,"ATV","39959",NA,"4","1","39994",NA
"C","3","77","0.5",NA,"607","607",NA,NA,"ATV","39959","39981","4","0","39994",NA
"C","3","87","-0.5","control","608","608",NA,NA,"ATV","39959",NA,"4","1","39994",NA
"C","3","87","0.5","remove","609","609",NA,NA,"ATV","39959",NA,"4","1","39994",NA
"C","3","97","-0.5","control","610","610",NA,NA,"ATV","39959",NA,"4","1","39994",NA
"C","3","97","0.5","remove","611","611",NA,NA,"ATV","39959",NA,"4","1","39994",NA
"I","4","7","-0.5",NA,"612","612",NA,NA,"ATV","39959","39980","4","0","39994",NA
"I","4","7","0.5",NA,"613","613",NA,NA,"ATV","39959","39980","4","0","39994",NA
"I","4","17","-0.5","control","614","614",NA,NA,"ATV","39959","40028","4","0","39994",NA
"I","4","17","0.5",NA,"615","615",NA,NA,"ATV","39959","39980","4","0","39994",NA
"I","4","27","-0.5",NA,"616","616",NA,NA,"ATV","39960","39980","4","0","39994",NA
"I","4","27","0.5",NA,"617","617",NA,NA,"ATV","39960","39980","4","0","39994",NA
"I","4","37","-0.5","remove","618","618",NA,NA,"ATV","39960",NA,"4","1","39994",NA
"I","4","37","0.5",NA,"619","619",NA,NA,"ATV","39960","39980","4","0","39994",NA
"I","4","47","-0.5","control","620","620",NA,NA,"ATV","39960","40028","4","0","39994",NA
"I","4","47","0.5",NA,"621","621",NA,NA,"ATV","39960","39980","4","0","39994",NA
"I","4","57","-0.5","remove","622","622",NA,NA,"ATV","39960","40028","4","0","39994",NA
"I","4","57","0.5","control","623","623",NA,NA,"ATV","39960","40028","4","0","39994",NA
"I","4","67","-0.5","remove","624","624",NA,NA,"ATV","39960",NA,"4","1","39994",NA
"I","4","67","0.5","control","625","625",NA,NA,"ATV","39960","40028","4","0","39994",NA
"I","4","77","-0.5","remove","626","626",NA,NA,"ATV","39960","40028","4","0","39994",NA
"I","4","77","0.5","control","627","627",NA,NA,"ATV","39960","40028","4","0","39994",NA
"I","4","87","-0.5","control","628","628",NA,NA,"ATV","39960",NA,"4","1","39994",NA
"I","4","87","0.5","remove","629","629",NA,NA,"ATV","39960",NA,"4","1","39994",NA
"I","4","97","-0.5","remove","630","630",NA,NA,"ATV","39960","40028","4","0","39994",NA
"I","4","97","0.5",NA,"631","631",NA,NA,"ATV","39960","39980","4","0","39994",NA
"J","4","5","-0.5",NA,"632","632",NA,NA,"ATP","39950","39991","4","0","39994",NA
"J","4","5","0.5","control","633","633",NA,NA,"ATP","39950",NA,"4","1","39994",NA
"J","4","15","-0.5","remove","634","634",NA,NA,"ATP","39950",NA,"4","1","39994",NA
"J","4","15","0.5","control","635","635",NA,NA,"ATP","39950",NA,"4","1","39994",NA
"J","4","25","-0.5","remove","636","636",NA,NA,"ATP","39950",NA,"4","1","39994",NA
"J","4","25","0.5","control","637","637",NA,NA,"ATP","39950",NA,"4","1","39994",NA
"J","4","35","-0.5","control","638","638",NA,NA,"ATP","39950",NA,"4","1","39994",NA
"J","4","35","0.5","remove","639","639",NA,NA,"ATP","39950",NA,"4","1","39994",NA
"J","4","45","-0.5","remove","640","640",NA,NA,"ATP","39950","40030","4","0","39994",NA
"J","4","45","0.5",NA,"641","641",NA,NA,"ATP","39950","39991","4","0","39994",NA
"J","4","55","-0.5","remove","642","642",NA,NA,"ATP","39950",NA,"4","1","39994",NA
"J","4","55","0.5","control","643","643",NA,NA,"ATP","39950",NA,"4","1","39994",NA
"J","4","65","-0.5","control","644","644",NA,NA,"ATP","39950",NA,"4","1","39994",NA
"J","4","65","0.5","remove","645","645",NA,NA,"ATP","39950","40030","4","0","39994",NA
"J","4","75","-0.5","remove","646","646","735","40030","ATP","39950",NA,"4","1","39994","changed tag number "
"J","4","75","0.5","control","647","647",NA,NA,"ATP","39950",NA,"4","1","39994",NA
"J","4","85","-0.5","remove","648","648",NA,NA,"ATP","39950",NA,"4","1","39994",NA
"J","4","85","0.5","control","649","649",NA,NA,"ATP","39950",NA,"4","1","39994",NA
"J","4","93","-0.5",NA,"650","650",NA,NA,"ATP","39950","39991","4","0","39994",NA
"J","4","93","0.5","control","651","651",NA,NA,"ATP","39950","40030","4","0","39994",NA
"B","1","5","-0.5","control","652","652",NA,NA,"ATP","39949",NA,"4","1","39994",NA
"B","1","5","0.5","remove","653","653",NA,NA,"ATP","39949","40029","4","0","39994",NA
"B","1","15","-0.5","remove","654","654",NA,NA,"ATP","39949",NA,"4","1","39994",NA
"B","1","15","0.5","control","655","655",NA,NA,"ATP","39949",NA,"4","1","39994",NA
"B","1","20","-0.5","remove","656","656",NA,NA,"ATP","39949",NA,"4","1","39994",NA
"B","1","20","0.5","control","657","657",NA,NA,"ATP","39949","40029","4","0","39994",NA
"B","1","40","-0.5",NA,"658","658",NA,NA,"ATP","39949","39970","4","0","39994",NA
"B","1","40","0.5","control","659","659",NA,NA,"ATP","39949",NA,"4","1","39994",NA
"B","1","43","-0.5","remove","660","660",NA,NA,"ATP","39949","40029","4","0","39994",NA
"B","1","43","0.5","control","661","661",NA,NA,"ATP","39949","40029","4","0","39994",NA
"B","1","55","-0.5","remove","662","662",NA,NA,"ATP","39949","40029","4","0","39994",NA
"B","1","55","0.5","control","663","663",NA,NA,"ATP","39949",NA,"4","1","39994",NA
"B","1","65","-0.5","control","664","664",NA,NA,"ATP","39949",NA,"4","1","39994",NA
"B","1","65","0.5","remove","665","665",NA,NA,"ATP","39949",NA,"4","1","39994",NA
"B","1","75","-0.5","remove","666","666",NA,NA,"ATP","39949","40029","4","0","39994",NA
"B","1","75","0.5","control","667","667",NA,NA,"ATP","39949",NA,"4","1","39994",NA
"B","1","85","-0.5","remove","668","668",NA,NA,"ATP","39949",NA,"4","1","39994",NA
"B","1","85","0.5","control","669","669",NA,NA,"ATP","39949",NA,"4","1","39994",NA
"B","1","95","-0.5","remove","670","670",NA,NA,"ATP","39949",NA,"4","1","39994",NA
"B","1","95","0.5","control","671","671",NA,NA,"ATP","39949",NA,"4","1","39994",NA
"K","4","5","-0.5","remove","672","672",NA,NA,"ATP","39949",NA,"4","1","39994",NA
"K","4","5","0.5","control","673","673",NA,NA,"ATP","39949",NA,"4","1","39994",NA
"K","4","15","-0.5","control","674","674",NA,NA,"ATP","39949","40029","4","0","39994",NA
"K","4","15","0.5","remove","675","675",NA,NA,"ATP","39949",NA,"4","1","39994",NA
"K","4","25","-0.5","remove","676","676",NA,NA,"ATP","39949",NA,"4","1","39994",NA
"K","4","25","0.5","control","677","677",NA,NA,"ATP","39949","40029","4","0","39994",NA
"K","4","35","-0.5","control","678","678",NA,NA,"ATP","39949",NA,"4","1","39994",NA
"K","4","35","0.5","remove","679","679",NA,NA,"ATP","39949","40029","4","0","39994",NA
"K","4","45","-0.5",NA,"680","680",NA,NA,"ATP","39949","39981","4","0","39994",NA
"K","4","45","0.5",NA,"681","681",NA,NA,"ATP","39949","39981","4","0","39994",NA
"K","4","55","-0.5","remove","682","682",NA,NA,"ATP","39949",NA,"4","1","39994",NA
"K","4","55","0.5","control","683","683",NA,NA,"ATP","39949","40029","4","0","39994",NA
"K","4","65","-0.5","control","684","684",NA,NA,"ATP","39949",NA,"4","1","39994",NA
"K","4","65","0.5",NA,"685","685",NA,NA,"ATP","39949","39979","4","0","39994",NA
"K","4","75","-0.5","control","686","686",NA,NA,"ATP","39949","40029","4","0","39994",NA
"K","4","75","0.5","remove","687","687","685","39979","ATP","39949","40029","4","0","39994","re-marked because tag was missing on 5-17-13"
"K","4","85","-0.5","remove","688","688",NA,NA,"ATP","39949","40029","4","0","39994",NA
"K","4","85","0.5","control","689","689",NA,NA,"ATP","39949","40029","4","0","39994",NA
"K","4","95","-0.5","control","690","690",NA,NA,"ATP","39949","40029","4","0","39994",NA
"K","4","95","0.5","remove","691","691",NA,NA,"ATP","39949",NA,"4","1","39994",NA
"A","3","5","-0.5","control","692","692",NA,NA,"ATP","39949",NA,"4","1","39994",NA
"A","3","5","0.5","remove","693","693",NA,NA,"ATP","39949","40029","4","0","39994",NA
"A","3","15","-0.5","remove","694","694",NA,NA,"ATP","39949",NA,"4","1","39994",NA
"A","3","15","0.5","control","695","695",NA,NA,"ATP","39949",NA,"4","1","39994",NA
"A","3","25","-0.5","control","696","696",NA,NA,"ATP","39949",NA,"4","1","39994",NA
"A","3","25","0.5","remove","697","697",NA,NA,"ATP","39949",NA,"4","1","39994",NA
"A","3","35","-0.5","control","698","698",NA,NA,"ATP","39949","40029","4","0","39994",NA
"A","3","35","0.5","remove","699","699",NA,NA,"ATP","39949",NA,"4","1","39994",NA
"A","3","45","-0.5","remove","700","700",NA,NA,"ATP","39949",NA,"4","1","39994",NA
"A","3","45","0.5","control","701","701",NA,NA,"ATP","39949",NA,"4","1","39994",NA
"A","3","55","-0.5","remove","702","702",NA,NA,"ATP","39949",NA,"4","1","39994",NA
"A","3","55","0.5","control","703","703",NA,NA,"ATP","39949","40029","4","0","39994",NA
"A","3","65","-0.5","remove","704","704",NA,NA,"ATP","39949",NA,"4","1","39994",NA
"A","3","65","0.5","control","705","705",NA,NA,"ATP","39949",NA,"4","1","39994",NA
"A","3","75","-0.5","remove","706","706",NA,NA,"ATP","39949",NA,"4","1","39994",NA
"A","3","75","0.5","control","707","707",NA,NA,"ATP","39949","40029","4","0","39994",NA
"A","3","85","-0.5","remove","708","708",NA,NA,"ATP","39949",NA,"4","1","39994",NA
"A","3","85","0.5","control","709","709",NA,NA,"ATP","39949",NA,"4","1","39994",NA
"A","3","95","-0.5","control","710","710",NA,NA,"ATP","39949",NA,"4","1","39994",NA
"A","3","95","0.5","remove","711","711",NA,NA,"ATP","39949","40029","4","0","39994",NA
"M","4","5","-0.5","control","712","712",NA,NA,"ATP","39950",NA,"4","1","39994",NA
"M","4","5","0.5",NA,"713","713",NA,NA,"ATP","39950","39991","4","0","39994",NA
"M","4","15","-0.5","control","714","714",NA,NA,"ATP","39950",NA,"4","1","39994",NA
"M","4","15","0.5","remove","715","715",NA,NA,"ATP","39950",NA,"4","1","39994",NA
"M","4","25","-0.5","control","716","716",NA,NA,"ATP","39950",NA,"4","1","39994",NA
"M","4","25","0.5","remove","717","717",NA,NA,"ATP","39950",NA,"4","1","39994",NA
"M","4","35","-0.5","control","718","718",NA,NA,"ATP","39950",NA,"4","1","39994",NA
"M","4","35","0.5","remove","719","719",NA,NA,"ATP","39950",NA,"4","1","39994",NA
"M","4","45","-0.5","control","720","720",NA,NA,"ATP","39950","40030","4","0","39994",NA
"M","4","45","0.5","remove","721","721",NA,NA,"ATP","39950",NA,"4","1","39994",NA
"M","4","55","-0.5","remove","722","722",NA,NA,"ATP","39950","40030","4","0","39994",NA
"M","4","55","0.5",NA,"723","723",NA,NA,"ATP","39950","39991","4","0","39994",NA
"M","4","65","-0.5","remove","724","724",NA,NA,"ATP","39950",NA,"4","1","39994",NA
"M","4","65","0.5","control","725","725",NA,NA,"ATP","39950",NA,"4","1","39994",NA
"M","4","75","-0.5","remove","726","726",NA,NA,"ATP","39950","40030","4","0","39994",NA
"M","4","75","0.5","control","727","727",NA,NA,"ATP","39950",NA,"4","1","39994",NA
"M","4","84","-0.5","control","728","728",NA,NA,"ATP","39950",NA,"4","1","39994",NA
"M","4","84","0.5",NA,"729","729",NA,NA,"ATP","39950","39991","4","0","39994",NA
"M","4","95","-0.5","control","730","730",NA,NA,"ATP","39950",NA,"4","1","39994",NA
"M","4","95","0.5","remove","731","731",NA,NA,"ATP","39950",NA,"4","1","39994",NA
"G","3","5","-0.5","control","732","732",NA,NA,"ATP","39951",NA,"4","1","39994",NA
"G","3","5","0.5",NA,"733","733",NA,NA,"ATP","39951","39989","4","0","39994",NA
"G","3","15","-0.5","control","734","734",NA,NA,"ATP","39951",NA,"4","1","39994",NA
"G","3","15","0.5","remove","735","735",NA,NA,"ATP","39951","40030","4","0","39994",NA
"G","3","25","-0.5","remove","736","736",NA,NA,"ATP","39951",NA,"4","1","39994",NA
"G","3","25","0.5","control","737","737",NA,NA,"ATP","39951",NA,"4","1","39994",NA
"G","3","35","-0.5","control","738","738",NA,NA,"ATP","39951",NA,"4","1","39994",NA
"G","3","35","0.5","remove","739","739",NA,NA,"ATP","39951","40030","4","0","39994",NA
"G","3","45","-0.5","control","740","740",NA,NA,"ATP","39951",NA,"4","1","39994",NA
"G","3","45","0.5","remove","741","741",NA,NA,"ATP","39951",NA,"4","1","39994",NA
"G","3","55","-0.5","control","742","742",NA,NA,"ATP","39951",NA,"4","1","39994",NA
"G","3","55","0.5","remove","743","743",NA,NA,"ATP","39951",NA,"4","1","39994",NA
"G","3","65","-0.5","remove","744","744",NA,NA,"ATP","39951",NA,"4","1","39994",NA
"G","3","65","0.5","control","745","745",NA,NA,"ATP","39951",NA,"4","1","39994",NA
"G","3","75","-0.5","control","746","746",NA,NA,"ATP","39951",NA,"4","1","39994",NA
"G","3","75","0.5","remove","747","747",NA,NA,"ATP","39951",NA,"4","1","39994",NA
"G","3","85","-0.5","remove","748","748",NA,NA,"ATP","39951",NA,"4","1","39994",NA
"G","3","85","0.5","control","749","749",NA,NA,"ATP","39951",NA,"4","1","39994",NA
"G","3","95","-0.5","control","750","750",NA,NA,"ATP","39951",NA,"4","1","39994",NA
"G","3","95","0.5","remove","751","751",NA,NA,"ATP","39951",NA,"4","1","39994",NA
"H","3","5","-0.5","control","752","752",NA,NA,"ATP","39951",NA,"4","1","39994",NA
"H","3","5","0.5","remove","753","753",NA,NA,"ATP","39951",NA,"4","1","39994",NA
"H","3","15","-0.5","control","754","754",NA,NA,"ATP","39951",NA,"4","1","39994",NA
"H","3","15","0.5","remove","755","755",NA,NA,"ATP","39951",NA,"4","1","39994",NA
"H","3","25","-0.5","control","756","756",NA,NA,"ATP","39951",NA,"4","1","39994",NA
"H","3","25","0.5","remove","757","757",NA,NA,"ATP","39951",NA,"4","1","39994",NA
"H","3","35","-0.5","control","758","758",NA,NA,"ATP","39951",NA,"4","1","39994",NA
"H","3","35","0.5","remove","759","759","555","40313","ATP","39951",NA,"4","1","39994","replaced tag "
"H","3","45","-0.5","remove","760","760",NA,NA,"ATP","39951",NA,"4","1","39994",NA
"H","3","45","0.5","control","761","761",NA,NA,"ATP","39951",NA,"4","1","39994",NA
"H","3","55","-0.5","remove","762","762",NA,NA,"ATP","39951",NA,"4","1","39994",NA
"H","3","55","0.5","control","763","763",NA,NA,"ATP","39951",NA,"4","1","39994",NA
"H","3","65","-0.5","remove","764","764",NA,NA,"ATP","39951",NA,"4","1","39994",NA
"H","3","65","0.5","control","765","765",NA,NA,"ATP","39951",NA,"4","1","39994",NA
"H","3","75","-0.5","remove","766","766",NA,NA,"ATP","39951",NA,"4","1","39994",NA
"H","3","75","0.5","control","767","767",NA,NA,"ATP","39951",NA,"4","1","39994",NA
"H","3","85","-0.5","control","768","768",NA,NA,"ATP","39951",NA,"4","1","39994",NA
"H","3","85","0.5","remove","769","769",NA,NA,"ATP","39951",NA,"4","1","39994",NA
"H","3","95","-0.5","control","770","770",NA,NA,"ATP","39951",NA,"4","1","39994",NA
"H","3","95","0.5","remove","771","771",NA,NA,"ATP","39951",NA,"4","1","39994",NA
"L","5","5","-0.5","control","772","772",NA,NA,"ATP","39951","40029","4","0","39994",NA
"L","5","5","0.5","remove","773","773",NA,NA,"ATP","39951",NA,"4","1","39994",NA
"L","5","15","-0.5","remove","774","774",NA,NA,"ATP","39951","40029","4","0","39994",NA
"L","5","15","0.5","control","775","775",NA,NA,"ATP","39951",NA,"4","1","39994",NA
"L","5","25","-0.5","control","776","776",NA,NA,"ATP","39951",NA,"4","1","39994",NA
"L","5","25","0.5","remove","777","777",NA,NA,"ATP","39951",NA,"4","1","39994",NA
"L","5","35","-0.5","remove","778","778",NA,NA,"ATP","39951",NA,"4","1","39994",NA
"L","5","35","0.5","control","779","779",NA,NA,"ATP","39951",NA,"4","1","39994",NA
"L","5","45","-0.5","remove","780","780",NA,NA,"ATP","39951",NA,"4","1","39994",NA
"L","5","45","0.5","control","781","781",NA,NA,"ATP","39951",NA,"4","1","39994",NA
"L","5","55","-0.5","control","782","782",NA,NA,"ATP","39951",NA,"4","1","39994",NA
"L","5","55","0.5","remove","783","783",NA,NA,"ATP","39951",NA,"4","1","39994",NA
"L","5","65","-0.5","remove","784","784",NA,NA,"ATP","39951",NA,"4","1","39994",NA
"L","5","65","0.5","control","785","785",NA,NA,"ATP","39951",NA,"4","1","39994",NA
"L","5","75","-0.5","control","786","786",NA,NA,"ATP","39951",NA,"4","1","39994",NA
"L","5","75","0.5","remove","787","787",NA,NA,"ATP","39951",NA,"4","1","39994",NA
"L","5","85","-0.5","remove","788","788",NA,NA,"ATP","39951",NA,"4","1","39994",NA
"L","5","85","0.5","control","789","789",NA,NA,"ATP","39951",NA,"4","1","39994",NA
"L","5","95","-0.5","remove","790","790",NA,NA,"ATP","39951",NA,"4","1","39994",NA
"L","5","95","0.5","control","791","791",NA,NA,"ATP","39951",NA,"4","1","39994",NA
"C","3","5","-0.5","remove","792","792",NA,NA,"ATP","39952","40029","4","0","39994",NA
"C","3","5","0.5","control","793","793",NA,NA,"ATP","39952","40029","4","0","39994",NA
"C","3","13","-0.5",NA,"794","794",NA,NA,"ATP","39952","39981","4","0","39994",NA
"C","3","13","0.5",NA,"795","795",NA,NA,"ATP","39952","39981","4","0","39994",NA
"C","3","25","-0.5","remove","796","796",NA,NA,"ATP","39952",NA,"4","1","39994",NA
"C","3","25","0.5","control","797","797",NA,NA,"ATP","39952","40029","4","0","39994",NA
"C","3","35","-0.5","remove","798","798",NA,NA,"ATP","39952","40029","4","0","39994",NA
"C","3","35","0.5","control","799","799",NA,NA,"ATP","39952",NA,"4","1","39994",NA
"C","3","45","-0.5",NA,"800","800",NA,NA,"ATP","39952","39981","4","0","39994","dug up"
"C","3","45","0.5","control","801","801",NA,NA,"ATP","39952",NA,"4","1","39994",NA
"C","3","55","-0.5","control","802","802",NA,NA,"ATP","39952",NA,"4","1","39994",NA
"C","3","55","0.5","remove","803","803",NA,NA,"ATP","39952",NA,"4","1","39994",NA
"C","3","65","-0.5","remove","804","804",NA,NA,"ATP","39952",NA,"4","1","39994",NA
"C","3","65","0.5","control","805","805",NA,NA,"ATP","39952",NA,"4","1","39994",NA
"C","3","75","-0.5","control","806","806",NA,NA,"ATP","39952",NA,"4","1","39994",NA
"C","3","75","0.5","remove","807","807",NA,NA,"ATP","39952",NA,"4","1","39994",NA
"C","3","84","-0.5","remove","808","808",NA,NA,"ATP","39952",NA,"4","1","39994",NA
"C","3","84","0.5","control","809","809",NA,NA,"ATP","39952","40029","4","0","39994",NA
"C","3","95","-0.5","control","810","810",NA,NA,"ATP","39952","40029","4","0","39994",NA
"C","3","95","0.5","remove","811","811",NA,NA,"ATP","39952",NA,"4","1","39994",NA
"I","4","5","-0.5","remove","812","812",NA,NA,"ATP","39952","40028","4","0","39994",NA
"I","4","5","0.5","control","813","813",NA,NA,"ATP","39952","40028","4","0","39994",NA
"I","4","15","-0.5","control","814","814",NA,NA,"ATP","39952","40028","4","0","39994",NA
"I","4","15","0.5","remove","815","815",NA,NA,"ATP","39952","40028","4","0","39994",NA
"I","4","25","-0.5","control","816","816",NA,NA,"ATP","39952",NA,"4","1","39994",NA
"I","4","25","0.5","remove","817","817",NA,NA,"ATP","39952","40028","4","0","39994",NA
"I","4","35","-0.5","remove","818","818",NA,NA,"ATP","39952","40028","4","0","39994",NA
"I","4","35","0.5",NA,"819","819",NA,NA,"ATP","39952","39980","4","0","39994",NA
"I","4","45","-0.5","control","820","820",NA,NA,"ATP","39952",NA,"4","1","39994",NA
"I","4","45","0.5","remove","821","821",NA,NA,"ATP","39952",NA,"4","1","39994",NA
"I","4","55","-0.5","control","822","822",NA,NA,"ATP","39952",NA,"4","1","39994",NA
"I","4","55","0.5","remove","823","823",NA,NA,"ATP","39952",NA,"4","1","39994",NA
"I","4","65","-0.5","remove","824","824",NA,NA,"ATP","39952","40028","4","0","39994",NA
"I","4","65","0.5","control","825","825",NA,NA,"ATP","39952","40028","4","0","39994",NA
"I","4","74","-0.5","remove","826","826",NA,NA,"ATP","39952","40028","4","0","39994",NA
"I","4","74","0.5","control","827","827",NA,NA,"ATP","39952",NA,"4","1","39994",NA
"I","4","85","-0.5","remove","828","828",NA,NA,"ATP","39952",NA,"4","1","39994",NA
"I","4","85","0.5","control","829","829",NA,NA,"ATP","39952",NA,"4","1","39994",NA
"I","4","95","-0.5",NA,"830","830",NA,NA,"ATP","39952","40028","4","0","39994",NA
"I","4","95","0.5",NA,"831","831",NA,NA,"ATP","39952","40028","4","0","39994",NA
"B","2","3.6","0.4","remove","832","107",NA,NA,"ATP","39974",NA,"1","1","39994","missing in summer 2013 but refound"
"B","2","11.2","-0.3","remove","833","109",NA,NA,"ATP","39974",NA,"1","1","39994","missing in summer 2013 but refound"
"B","2","63.6","0.2","control","834","114",NA,NA,"ATP","39974",NA,"1","1","39994",NA
"A","2","71.9","-1","control","835","127",NA,NA,"ATP","39978","40029","1","0","39994",NA
"I","1","99","0.1","remove","836","190",NA,NA,"ATP","39980",NA,"1","1","39994",NA
"I","1","88.3","0","control","837","195",NA,NA,"ATP","39980",NA,"1","1","39994",NA
"C","1","6.2","-0.5","control","838","1",NA,NA,"ATV","39981",NA,"1","1","39994",NA
"C","1","6.2","-2","remove","839","2",NA,NA,"ATV","39981",NA,"1","1","39994",NA
"C","1","9.8","-1","control","840","9",NA,NA,"ATV","39981",NA,"1","1","39994",NA
"C","1","57.6","2.5","remove","841","18",NA,NA,"ATV","39981",NA,"1","1","39994",NA
"C","1","75.8","2","control","842","24",NA,NA,"ATP","39981",NA,"1","1","39994",NA
"C","1","84","1.5","control","843","28",NA,NA,"ATP","39981",NA,"1","1","39994","missing in summer 2013 but refound"
"H","5","76.4","-1","remove","844","257",NA,NA,"ATP","39988",NA,"1","1","39994","corrected Y "
"H","1","42","-2.7","remove","845","232",NA,NA,"ATV","39988",NA,"1","1","39994",NA
"H","1","47.1","-0.5","remove","846","235",NA,NA,"ATV","39988",NA,"1","1","39994",NA
"H","1","61.3","-1.5","remove","847","237",NA,NA,"ATV","39988",NA,"1","1","39994",NA
"H","1","65","-1","control","848","242",NA,NA,"ATV","39988",NA,"1","1","39994",NA
"G","4","83","-3.3","control","849","69",NA,NA,"ATV","39990",NA,"1","1","39994",NA
"G","4","73","1.1","control","850","71",NA,NA,"ATV","39990",NA,"1","1","39994",NA
"G","4","55","-0.5","control","851","72",NA,NA,"ATV","39990",NA,"1","1","39994",NA
"G","4","49.1","-0.2","remove","852","73",NA,NA,"ATV","39990",NA,"1","1","39994",NA
"G","4","5.4","2.7","control","853","74",NA,NA,"ATV","39990",NA,"1","1","39994",NA
"G","4","15.4","-2.2","control","854","77",NA,NA,"ATV","39990",NA,"1","1","39994",NA
"M","4","1","0","control","855","729",NA,NA,"ATP","40129",NA,"5","1","40359",NA
"M","4","3","0","control","856","234",NA,NA,"ATV","40129",NA,"5","1","40359",NA
"M","4","11","0","remove","857","551",NA,NA,"ATP","40129",NA,"5","1","40359",NA
"M","4","13","0","remove","858","353",NA,NA,"ATV","40129",NA,"5","1","40359",NA
"M","4","21","0","control","859","351",NA,NA,"ATP","40129",NA,"5","1","40359",NA
"M","4","23","0","control","860","76",NA,NA,"ATV","40129",NA,"5","1","40359",NA
"M","4","31","0","remove","861","830",NA,NA,"ATP","40129",NA,"5","1","40359",NA
"M","4","33","0","remove","862","243",NA,NA,"ATV","40129",NA,"5","1","40359",NA
"M","4","41","0","remove","863","261",NA,NA,"ATP","40129",NA,"5","1","40359",NA
"M","4","43","0","remove","864","364",NA,NA,"ATV","40129",NA,"5","1","40359",NA
"M","4","51","0","remove","865","813",NA,NA,"ATP","40129",NA,"5","1","40359",NA
"M","4","53","0","control","866","100",NA,NA,"ATV","40129",NA,"5","1","40359",NA
"M","4","61","0","control","867","810",NA,NA,"ATP","40129",NA,"5","1","40359",NA
"M","4","63","0","control","868","453",NA,NA,"ATV","40129",NA,"5","1","40359",NA
"M","4","71","0","control","869","452",NA,NA,"ATP","40129",NA,"5","1","40359",NA
"M","4","73","0","remove","870","681",NA,NA,"ATV","40129",NA,"5","1","40359",NA
"M","4","81","0","control","871","723",NA,NA,"ATP","40129",NA,"5","1","40359",NA
"M","4","83","0","control","872","688",NA,NA,"ATV","40129",NA,"5","1","40359",NA
"M","4","91","0","control","873","792",NA,NA,"ATP","40129",NA,"5","1","40359",NA
"M","4","93","0","control","874","690",NA,NA,"ATV","40129",NA,"5","1","40359",NA
"G","3","1","0","remove","875","693",NA,NA,"ATP","40129",NA,"5","1","40359",NA
"G","3","3","0","control","876","632",NA,NA,"ATV","40129",NA,"5","1","40359",NA
"G","3","11","0","remove","877","236",NA,NA,"ATP","40129",NA,"5","1","40359",NA
"G","3","13","0",NA,"878","552",NA,NA,"ATV","40129",NA,"5","1","40359",NA
"G","3","21","0","remove","879","677",NA,NA,"ATP","40129",NA,"5","1","40359",NA
"G","3","23","0","control","880","623",NA,NA,"ATV","40129",NA,"5","1","40359",NA
"G","3","31","0","control","881","599",NA,NA,"ATP","40129",NA,"5","1","40359",NA
"G","3","33","0","control","882","559",NA,NA,"ATV","40129",NA,"5","1","40359",NA
"G","3","41","0",NA,"883","819",NA,NA,"ATP","40129",NA,"5","1","40359",NA
"G","3","43","0","remove","884","535",NA,NA,"ATV","40129",NA,"5","1","40359",NA
"G","3","51","0","control","885","630",NA,NA,"ATP","40129",NA,"5","1","40359",NA
"G","3","53","0","remove","886","657",NA,NA,"ATV","40129",NA,"5","1","40359",NA
"G","3","61","0","control","887","486",NA,NA,"ATP","40129",NA,"5","1","40359",NA
"G","3","63","0","remove","888","434",NA,NA,"ATV","40129",NA,"5","1","40359",NA
"G","3","71","0","remove","889","627",NA,NA,"ATP","40129",NA,"5","1","40359",NA
"G","3","73","0","control","890","541",NA,NA,"ATV","40129",NA,"5","1","40359",NA
"G","3","81","0","control","891","450",NA,NA,"ATP","40129",NA,"5","1","40359",NA
"G","3","83","0","control","892","798",NA,NA,"ATV","40129",NA,"5","1","40359",NA
"G","3","91","0","control","893","454",NA,NA,"ATP","40129",NA,"5","1","40359",NA
"G","3","93","0","remove","894","568",NA,NA,"ATV","40129",NA,"5","1","40359",NA
"J","4","1","0","control","895","767",NA,NA,"ATP","40129",NA,"5","1","40359",NA
"J","4","3","0","remove","896","458",NA,NA,"ATV","40129",NA,"5","1","40359",NA
"J","4","11","0","control","897","245",NA,NA,"ATP","40129",NA,"5","1","40359",NA
"J","4","13","0","control","898","115",NA,NA,"ATV","40129",NA,"5","1","40359",NA
"J","4","21","0","remove","899","620",NA,NA,"ATP","40129",NA,"5","1","40359",NA
"J","4","23","0","control","900","575",NA,NA,"ATV","40129",NA,"5","1","40359",NA
"J","4","31","0","remove","901","683",NA,NA,"ATP","40129",NA,"5","1","40359",NA
"J","4","33","0","remove","902","689",NA,NA,"ATV","40129",NA,"5","1","40359",NA
"J","4","41","0","remove","903","757",NA,NA,"ATP","40129",NA,"5","1","40359",NA
"J","4","43","0","control","904","469",NA,NA,"ATV","40129",NA,"5","1","40359",NA
"J","4","51","0","control","905","674",NA,NA,"ATP","40129",NA,"5","1","40359",NA
"J","4","53","0","control","906","499",NA,NA,"ATV","40129",NA,"5","1","40359",NA
"J","4","61","0","remove","907","477",NA,NA,"ATP","40129",NA,"5","1","40359",NA
"J","4","63","0","control","908","495",NA,NA,"ATV","40129",NA,"5","1","40359",NA
"J","4","71","0","control","909","809",NA,NA,"ATP","40129",NA,"5","1","40359",NA
"J","4","73","0","remove","910","493",NA,NA,"ATV","40129",NA,"5","1","40359",NA
"J","4","81","0","control","911","818",NA,NA,"ATP","40129",NA,"5","1","40359",NA
"J","4","83","0","control","912","464",NA,NA,"ATV","40129",NA,"5","1","40359",NA
"J","4","91","0","control","913","645",NA,NA,"ATP","40129",NA,"5","1","40359",NA
"J","4","93","0","remove","914","737",NA,NA,"ATV","40129",NA,"5","1","40359",NA
"H","3","1","0","control","915","488",NA,NA,"ATP","40130",NA,"5","1","40359",NA
"H","3","3","0","remove","916","117",NA,NA,"ATV","40130",NA,"5","1","40359",NA
"H","3","11","0","remove","917","494",NA,NA,"ATP","40130",NA,"5","1","40359",NA
"H","3","13","0",NA,"918","473",NA,NA,"ATV","40130",NA,"5","1","40359",NA
"H","3","21","0","control","919","280",NA,NA,"ATP","40130",NA,"5","1","40359",NA
"H","3","23","0","remove","920","502",NA,NA,"ATV","40130",NA,"5","1","40359",NA
"H","3","31","0",NA,"921","722",NA,NA,"ATP","40130",NA,"5","1","40359",NA
"H","3","33","0",NA,"922","754",NA,NA,"ATV","40130",NA,"5","1","40359",NA
"H","3","41","0","control","923","613",NA,NA,"ATP","40130",NA,"5","1","40359",NA
"H","3","43","0",NA,"924","471",NA,NA,"ATV","40130",NA,"5","1","40359",NA
"H","3","51","0","remove","925","824",NA,NA,"ATP","40130",NA,"5","1","40359",NA
"H","3","54","0","control","926","290",NA,NA,"ATV","40130",NA,"5","1","40359",NA
"H","3","61","0","remove","927","756",NA,NA,"ATP","40130",NA,"5","1","40359",NA
"H","3","63","0",NA,"928","465",NA,NA,"ATV","40130",NA,"5","1","40359",NA
"H","3","70","0","control","929","547",NA,NA,"ATP","40130",NA,"5","1","40359",NA
"H","3","73","0","remove","930","474",NA,NA,"ATV","40130",NA,"5","1","40359",NA
"H","3","81","0","remove","931","800",NA,NA,"ATP","40130",NA,"5","1","40359",NA
"H","3","83","0","control","932","602",NA,NA,"ATV","40130",NA,"5","1","40359",NA
"H","3","91","0","control","933","459",NA,NA,"ATP","40130",NA,"5","1","40359",NA
"H","3","93","0","control","934","481",NA,NA,"ATV","40130",NA,"5","1","40359",NA
"L","5","1","0","remove","935","797",NA,NA,"ATP","40130",NA,"5","1","40359",NA
"L","5","3","0",NA,"936","478",NA,NA,"ATV","40130",NA,"5","1","40359",NA
"L","5","11","0","control","937","570",NA,NA,"ATP","40130",NA,"5","1","40359",NA
"L","5","13","0","control","938","408",NA,NA,"ATV","40130",NA,"5","1","40359",NA
"L","5","21","0",NA,"939","640",NA,NA,"ATP","40130",NA,"5","1","40359",NA
"L","5","23","0","control","940","537",NA,NA,"ATV","40130",NA,"5","1","40359",NA
"L","5","31","0","control","941","662",NA,NA,"ATP","40130",NA,"5","1","40359",NA
"L","5","33","0",NA,"942","475",NA,NA,"ATV","40130",NA,"5","1","40359",NA
"L","5","41","0","control","943","679",NA,NA,"ATP","40130",NA,"5","1","40359",NA
"L","5","43","0","control","944","651",NA,NA,"ATV","40130",NA,"5","1","40359",NA
"L","5","51","0","remove","945","451",NA,NA,"ATP","40130",NA,"5","1","40359",NA
"L","5","54","0",NA,"946","744",NA,NA,"ATV","40130",NA,"5","1","40359",NA
"L","5","61","0","remove","947","831",NA,NA,"ATP","40130",NA,"5","1","40359",NA
"L","5","63","0","remove","948","759",NA,NA,"ATV","40130",NA,"5","1","40359",NA
"L","5","71","0","control","949","817",NA,NA,"ATP","40130",NA,"5","1","40359",NA
"L","5","73","0","remove","950","825",NA,NA,"ATV","40130",NA,"5","1","40359",NA
"L","5","81","0","control","951","641",NA,NA,"ATP","40130",NA,"5","1","40359",NA
"L","5","83","0","control","952","594",NA,NA,"ATV","40130",NA,"5","1","40359",NA
"L","5","91","0","remove","953","795",NA,NA,"ATP","40130",NA,"5","1","40359",NA
"L","5","93","0","control","954","571",NA,NA,"ATV","40130",NA,"5","1","40359",NA
"C","3","1","0","remove","955","531",NA,NA,"ATP","40130",NA,"5","1","40359",NA
"C","3","3","0","remove","956","292",NA,NA,"ATV","40130",NA,"5","1","40359",NA
"C","3","11","0","control","957","430",NA,NA,"ATP","40130",NA,"5","1","40359",NA
"C","3","13","0","remove","958","766",NA,NA,"ATV","40130",NA,"5","1","40359",NA
"C","3","21","0","control","959","812",NA,NA,"ATP","40130",NA,"5","1","40359",NA
"C","3","23","0","control","960","472",NA,NA,"ATV","40130",NA,"5","1","40359",NA
"C","3","31","0","control","961","619",NA,NA,"ATP","40130",NA,"5","1","40359",NA
"C","3","33","0","control","962","666",NA,NA,"ATV","40130",NA,"5","1","40359",NA
"C","3","41","0",NA,"963","720",NA,NA,"ATP","40130",NA,"5","1","40359",NA
"C","3","43","0","remove","964","794",NA,NA,"ATV","40130",NA,"5","1","40359",NA
"C","3","53","0","control","965","462",NA,NA,"ATP","40130",NA,"5","1","40359",NA
"C","3","54","0","control","966","518",NA,NA,"ATV","40130",NA,"5","1","40359",NA
"C","3","61","0","remove","967","828",NA,NA,"ATP","40130",NA,"5","1","40359",NA
"C","3","63","0","control","968","680",NA,NA,"ATV","40130",NA,"5","1","40359",NA
"C","3","71","0","control","969","485",NA,NA,"ATP","40130",NA,"5","1","40359",NA
"C","3","73","0",NA,"970","713",NA,NA,"ATV","40130",NA,"5","1","40359",NA
"C","3","81","0","remove","971","507",NA,NA,"ATP","40130",NA,"5","1","40359",NA
"C","3","83","0","control","972","733",NA,NA,"ATV","40130",NA,"5","1","40359",NA
"C","3","91","0","remove","973","457",NA,NA,"ATP","40130",NA,"5","1","40359",NA
"C","3","93","0","remove","974","455",NA,NA,"ATV","40130",NA,"5","1","40359",NA
"I","4","1","0",NA,"975","555",NA,NA,"ATP","40131",NA,"5","1","40359",NA
"I","4","3","0",NA,"976","650",NA,NA,"ATV","40131",NA,"5","1","40359",NA
"I","4","11","0","remove","977","707",NA,NA,"ATP","40131",NA,"5","1","40359",NA
"I","4","13","0","remove","978","698",NA,NA,"ATV","40131",NA,"5","1","40359",NA
"I","4","21","0","control","979","572",NA,NA,"ATP","40131",NA,"5","1","40359",NA
"I","4","23","0","control","980","498",NA,NA,"ATV","40131",NA,"5","1","40359",NA
"I","4","31","0","remove","981","626",NA,NA,"ATP","40131",NA,"5","1","40359",NA
"I","4","33","0","remove","982","815",NA,NA,"ATV","40131",NA,"5","1","40359",NA
"I","4","41","0","remove","983","615",NA,NA,"ATP","40131",NA,"5","1","40359",NA
"I","4","43","0","remove","984","576",NA,NA,"ATV","40131",NA,"5","1","40359",NA
"I","4","53","0","control","985","616",NA,NA,"ATP","40131",NA,"5","1","40359",NA
"I","4","54","0","control","986","658",NA,NA,"ATV","40131",NA,"5","1","40359",NA
"I","4","61","0","control","987","504",NA,NA,"ATP","40131",NA,"5","1","40359",NA
"I","4","63","0","control","988","461",NA,NA,"ATV","40131",NA,"5","1","40359",NA
"I","4","71","0","remove","989","622",NA,NA,"ATP","40131",NA,"5","1","40359",NA
"I","4","73","0","control","990","523",NA,NA,"ATV","40131",NA,"5","1","40359",NA
"I","4","81","0","control","991","544",NA,NA,"ATP","40131",NA,"5","1","40359",NA
"I","4","83","0","remove","992","566",NA,NA,"ATV","40131",NA,"5","1","40359",NA
"I","4","91","0","control","993","489",NA,NA,"ATP","40131",NA,"5","1","40359",NA
"I","4","93","0","control","994","484",NA,NA,"ATV","40131",NA,"5","1","40359",NA
"A","3","1","0","control","995","483",NA,NA,"ATP","40131",NA,"5","1","40359",NA
"A","3","3","0","control","996","506",NA,NA,"ATV","40131",NA,"5","1","40359",NA
"A","3","11","0","control","997","660",NA,NA,"ATP","40131",NA,"5","1","40359",NA
"A","3","13","0","remove","998","625",NA,NA,"ATV","40131",NA,"5","1","40359",NA
"A","3","21","0","control","999","837",NA,NA,"ATP","40131",NA,"5","1","40359",NA
"A","3","23","0","remove","1000","480",NA,NA,"ATV","40131",NA,"5","1","40359",NA
"A","3","31","0","remove","1001","826",NA,NA,"ATP","40131",NA,"5","1","40359",NA
"A","3","33","0","control","1002","565",NA,NA,"ATV","40131",NA,"5","1","40359",NA
"A","3","41","0","control","1003","617",NA,NA,"ATP","40131",NA,"5","1","40359",NA
"A","3","43","0","control","1004","501",NA,NA,"ATV","40131",NA,"5","1","40359",NA
"A","3","51","0","remove","1005","595",NA,NA,"ATP","40131",NA,"5","1","40359",NA
"A","3","53","0","control","1006","711",NA,NA,"ATV","40131",NA,"5","1","40359",NA
"A","3","61","0","remove","1007","468",NA,NA,"ATP","40131",NA,"5","1","40359",NA
"A","3","63","0","remove","1008","621",NA,NA,"ATV","40131",NA,"5","1","40359",NA
"A","3","71","0","remove","1009","470",NA,NA,"ATP","40131",NA,"5","1","40359",NA
"A","3","73","0","remove","1010","526",NA,NA,"ATV","40131",NA,"5","1","40359",NA
"A","3","81","0","control","1011","834",NA,NA,"ATP","40131",NA,"5","1","40359",NA
"A","3","83","0",NA,"1012","836",NA,NA,"ATV","40131",NA,"5","1","40359",NA
"A","3","91","0",NA,"1013","838",NA,NA,"ATP","40131",NA,"5","1","40359",NA
"A","3","93","0","control","1014","839",NA,NA,"ATV","40131",NA,"5","1","40359",NA
"B","1","1","0","control","1015","842",NA,NA,"ATP","40131",NA,"5","1","40359",NA
"B","1","3","0","remove","1016","843",NA,NA,"ATV","40131",NA,"5","1","40359",NA
"B","1","11","0","remove","1017","844",NA,NA,"ATP","40131",NA,"5","1","40359",NA
"B","1","13","0","remove","1018","845",NA,NA,"ATV","40131",NA,"5","1","40359",NA
"B","1","21","0","control","1019","846",NA,NA,"ATP","40131",NA,"5","1","40359",NA
"B","1","23","0","control","1020","847",NA,NA,"ATV","40131",NA,"5","1","40359",NA
"B","1","31","0","remove","1021","848",NA,NA,"ATP","40131",NA,"5","1","40359",NA
"B","1","33","0","remove","1022","849",NA,NA,"ATV","40131",NA,"5","1","40359",NA
"B","1","41","0","control","1023","850",NA,NA,"ATP","40131",NA,"5","1","40359",NA
"B","1","43","0","control","1024","851",NA,NA,"ATV","40131",NA,"5","1","40359",NA
"B","1","53","0","control","1025","852",NA,NA,"ATP","40131",NA,"5","1","40359",NA
"B","1","54","0","control","1026","853",NA,NA,"ATV","40131",NA,"5","1","40359",NA
"B","1","61","0","control","1027","854",NA,NA,"ATP","40131",NA,"5","1","40359",NA
"B","1","63","0","remove","1028","855",NA,NA,"ATV","40131",NA,"5","1","40359",NA
"B","1","71","0","remove","1029","856",NA,NA,"ATP","40131",NA,"5","1","40359",NA
"B","1","73","0","control","1030","857",NA,NA,"ATV","40131",NA,"5","1","40359",NA
"B","1","81","0",NA,"1031","858",NA,NA,"ATP","40131",NA,"5","1","40359",NA
"B","1","83","0","remove","1032","859",NA,NA,"ATV","40131",NA,"5","1","40359",NA
"B","1","91","0","remove","1033","860",NA,NA,"ATP","40131",NA,"5","1","40359",NA
"B","1","93","0","control","1034","861",NA,NA,"ATV","40131",NA,"5","1","40359",NA
"K","3","1","0"," ","1035","862",NA,NA,"ATP","40131",NA,"5","1","40359",NA
"K","3","3","0","remove","1036","863",NA,NA,"ATV","40131",NA,"5","1","40359",NA
"K","3","11","0","remove","1037","864",NA,NA,"ATP","40131",NA,"5","1","40359",NA
"K","3","13","0","control","1038","865",NA,NA,"ATV","40131",NA,"5","1","40359",NA
"K","3","21","0","remove","1039","866",NA,NA,"ATP","40131",NA,"5","1","40359",NA
"K","3","23","0","control","1040","867",NA,NA,"ATV","40131",NA,"5","1","40359",NA
"K","3","31","0","remove","1041","868",NA,NA,"ATP","40131",NA,"5","1","40359",NA
"K","3","33","0","remove","1042","871",NA,NA,"ATV","40131",NA,"5","1","40359",NA
"K","3","41","0","control","1043","872",NA,NA,"ATP","40131",NA,"5","1","40359",NA
"K","3","43","0","control","1044","873",NA,NA,"ATV","40131",NA,"5","1","40359",NA
"K","3","53","0","control","1045","874",NA,NA,"ATP","40131",NA,"5","1","40359",NA
"K","3","54","0","remove","1046","875",NA,NA,"ATV","40131",NA,"5","1","40359",NA
"K","3","61","0","control","1047","876",NA,NA,"ATP","40131",NA,"5","1","40359",NA
"K","3","63","0","control","1048","877",NA,NA,"ATV","40131",NA,"5","1","40359",NA
"K","3","71","0","control","1049","878",NA,NA,"ATP","40131",NA,"5","1","40359",NA
"K","3","73","0","remove","1050","879",NA,NA,"ATV","40131",NA,"5","1","40359",NA
"K","3","81","0","control","1051","880",NA,NA,"ATP","40131",NA,"5","1","40359",NA
"K","3","83","0","remove","1052","881",NA,NA,"ATV","40131",NA,"5","1","40359",NA
"K","3","91","0","control","1053","882",NA,NA,"ATP","40131",NA,"5","1","40359",NA
"K","3","93","0","control","1054","883",NA,NA,"ATV","40131",NA,"5","1","40359",NA
"A","2","64.3","-1.2","remove","1055","98",NA,NA,"ATP","40317",NA,"1","1","40359",NA
"A","2","55.1","3","control","1056","106",NA,NA,"ATP","40317",NA,"1","1","40359",NA
"K","3","10","-1","remove","1057","508",NA,NA,"ATP","40317",NA,"1","1","40359",NA
"I","1","87.3","2","control","1058","656",NA,NA,"ATP","40317",NA,"1","1","40359",NA
"B","2","7.9","0.5","remove","1059","663",NA,NA,"ATP","40317",NA,"1","1","40359",NA
"B","2","19.8","-0.1","control","1060","500",NA,NA,"ATP","40317",NA,"1","1","40359",NA
"B","2","75.3","2","control","1061","671",NA,NA,"ATP","40317",NA,"1","1","40359",NA
"C","1","45.5","0.6","control","1062","496",NA,NA,"ATV","40318",NA,"1","1","40359",NA
"C","1","58.2","1","control","1063","829",NA,NA,"ATV","40318",NA,"1","1","40359",NA
"C","1","60.6","1","remove","1064","659",NA,NA,"ATV","40318",NA,"1","1","40359",NA
"C","1","61.9","1.2","control","1065","827",NA,NA,"ATV","40318",NA,"1","1","40359",NA
"C","1","33.1","-5","remove","1066","650",NA,NA,"ATV","40318",NA,"1","1","40359",NA
"C","1","78.4","-1","control","1067","838",NA,NA,"ATP","40318",NA,"1","1","40359",NA
"C","1","87.5","2","remove","1068","629",NA,NA,"ATP","40318",NA,"1","1","40359",NA
"C","4","82","1.5","remove","1069","511",NA,NA,"ATV","40318",NA,"2","1","40359",NA
"C","4","38.2","0.2","remove","1070","821",NA,NA,"ATV","40318",NA,"2","1","40359",NA
"C","4","27.2","-0.3","control","1071","510",NA,NA,"ATV","40318",NA,"2","1","40359",NA
"C","4","12","-0.2","control","1072","668",NA,NA,"ATV","40318",NA,"2","1","40359",NA
"L","3","0.9","-0.3","control","1073","20",NA,NA,"ATV","40318",NA,"1","1","40359",NA
"L","3","4.9","2.5","remove","1074","23",NA,NA,"ATV","40318",NA,"1","1","40359",NA
"L","3","20.6","0.4","control","1075","836",NA,NA,"ATV","40318",NA,"1","1","40359",NA
"L","3","29.6","0.2","remove","1076","606",NA,NA,"ATV","40318",NA,"1","1","40359",NA
"L","3","60.7","-0.8","control","1077","6",NA,NA,"ATP","40318",NA,"1","1","40359",NA
"L","3","53.2","1","remove","1078","10",NA,NA,"ATP","40318",NA,"1","1","40359",NA
"L","3","30.9","3","control","1079","14",NA,NA,"ATP","40318",NA,"1","1","40359",NA
"H","1","7.1","-5","control","1080","655",NA,NA,"ATV","40318",NA,"1","1","40359",NA
"H","1","13.2","-3","remove","1081","475",NA,NA,"ATV","40318",NA,"1","1","40359",NA
"H","1","21.2","0.1","remove","1082","773",NA,NA,"ATV","40318",NA,"1","1","40359",NA
"H","1","53.3","1.5","remove","1083","790",NA,NA,"ATV","40318",NA,"1","1","40359",NA
"H","1","53.8","0.1","control","1084","505",NA,NA,"ATV","40318",NA,"1","1","40359",NA
"H","1","61.9","2","control","1085","720",NA,NA,"ATV","40318",NA,"1","1","40359",NA
"H","1","49.1","-4.6","control","1086","774",NA,NA,"ATV","40318",NA,"1","1","40359",NA
"H","3","95","0.5","remove","1087","771",NA,NA,"ATV","40313",NA,"6","1","40359","new seedling coming up in place of previous plant #771 (confusing)"
"H","5","54.4","-0.8","control","1088","858",NA,NA,"ATV","40319",NA,"2","1","40359",NA
"H","5","53","-0.4","control","1089","478",NA,NA,"ATV","40319",NA,"2","1","40359",NA
"G","4","59.8","-0.2","remove","1090","734",NA,NA,"ATV","40319",NA,"1","1","40359",NA
"G","4","18.8","-0.3","remove","1091","750",NA,NA,"ATV","40319",NA,"1","1","40359",NA
"G","4","18.5","-0.5","control","1092","740",NA,NA,"ATV","40319",NA,"1","1","40359",NA
"G","4","3.9","-1.5","control","1093","545",NA,NA,"ATV","40319",NA,"1","1","40359",NA
"J","2","2.4","-2","remove","1094","585",NA,NA,"ATV","40319",NA,"1","1","40359",NA
"J","2","3.4","1","control","1095","669",NA,NA,"ATV","40319",NA,"1","1","40359","replacement plant very near to where original plant #261 was "
"J","2","12.9","-0.8","remove","1096","597",NA,NA,"ATV","40319",NA,"1","1","40359",NA
"J","2","15.8","-2.5","remove","1097","802",NA,NA,"ATV","40319",NA,"1","1","40359",NA
"J","2","33.2","3.8","remove","1098","770",NA,NA,"ATV","40319",NA,"1","1","40359",NA
"J","2","43.2","-5","control","1099","808",NA,NA,"ATV","40319",NA,"1","1","40359",NA
"J","2","69.8","3","control","1100","652",NA,NA,"ATV","40319",NA,"1","1","40359",NA
"J","2","89.5","-0.4","control","1101","276",NA,NA,"ATV","40319",NA,"1","1","40359",NA
"J","3","62.9","-0.9","remove","1102","764",NA,NA,"ATV","40319",NA,"2","1","40359",NA
"M","2","47.8","-0.5","remove","1103","411",NA,NA,"ATV","40320",NA,"6","1","40359","new seedling, same place as previous #411 (confusing)"
"M","2","0.8","-7.2","remove","1104","735",NA,NA,"ATV","40320",NA,"1","1","40359",NA
"M","2","16.1","1.9","control","1105","862",NA,NA,"ATV","40320",NA,"1","1","40359",NA
"M","2","15.5","6.8","control","1106","414",NA,NA,"ATV","40320",NA,"1","1","40359",NA
"M","2","21.7","2.8","remove","1107","695",NA,NA,"ATV","40320",NA,"1","1","40359",NA
"M","2","45.8","-2.6","remove","1108","404",NA,NA,"ATV","40320",NA,"1","1","40359",NA
"M","2","92.1","-6","control","1109","361",NA,NA,"ATV","40320",NA,"1","1","40359",NA
"M","3","87","-0.2","remove","1110","611",NA,NA,"ATV","40320",NA,"2","1","40359",NA
"H","6","12.4","0.2","control","1111","916",NA,NA,"ATP","40329",NA,"1","1","40359",NA
"H","6","24.9","16.5","remove","1112","917",NA,NA,"ATP","40329",NA,"1","1","40359",NA
"H","6","31.7","4.5","control","1113","918",NA,NA,"ATP","40329",NA,"1","1","40359",NA
"H","6","55.8","9.3","remove","1114","919",NA,NA,"ATP","40329",NA,"1","1","40359",NA
"H","6","105","14.5","remove","1115","920",NA,NA,"ATP","40329",NA,"1","1","40359",NA
"H","6","103","14.5","control","1116","921",NA,NA,"ATP","40329",NA,"1","1","40359",NA
"H","5","91","3.5","control","1117","249",NA,NA,"ATP","40329",NA,"1","1","40359",NA
