"site","T","Y","X","treat","ID","TAG","date","status","c1","c2","ch","old.notes","date2","Spring.Status","Spring.Notes","herbivory"
"A","1","6.2","-0.2","remove","132","132","41573","1","30","15","25","","41773","1","",""
"A","1","12.4","-0.1","remove","133","133","41573","1","50","24","39","","41773","1","",""
"A","1","18.2","-0.1","control","134","134","41573","1","34","18","22","","41773","1","",""
"A","1","23.7","-0.2","remove","135","135","41573","1","60","36","40","","41773","1","",""
"A","1","30.2","0.4","remove","136","136","41573","1","32","21","22","","41773","1","",""
"A","1","35.9","0","control","137","137","41573","1","72","50","41","","41773","1","",""
"A","1","42.1","-0.2","control","138","138","41573","1","26","18","27","","41773","1","",""
"A","1","48.1","-0.3","control","139","139","41573","1","61","48","37","","41773","1","",""
"A","1","52.9","0.6","control","140","140","41573","1","18","17","16","","41773","1","",""
"A","1","60.4","-0.1","control","141","141","41573","1","47","41","25","","41773","1","",""
"A","1","66.1","0.1","remove","142","142","41573","1","34","25","25","","41773","1","",""
"A","1","72.1","-0.3","control","143","143","41573","1","79","67","33","","41773","1","",""
"A","1","78","0.3","control","144","144","41573","1","38","27","25","","41773","1","",""
"A","1","83.9","0.2","remove","145","145","41573","1","53","51","36","","41773","1","",""
"A","1","90.3","0.7","remove","146","146","41573","1","25","26","23","","41773","1","",""
"A","1","96.4","0.7","remove","147","147","41573","1","87","62","39","","41773","1","",""
"A","2","5","-0.2","remove","116","116","41573","1","4","3","3","","41773","1","",""
"A","2","24.4","-1.1","control","118","118","41573","1","2","2","3","","41773","1","",""
"A","2","35.2","1.8","control","119","119","41573","1","3","2","5","","41773","1","",""
"A","2","49.5","-1.7","remove","120","120","41573","1","5","3","8","","41773","1","",""
"A","2","51.9","0.6","remove","122","122","41573","1","5","5","6","","41773","1","",""
"A","2","53","0.4","control","121","121","41573","1","2","1","3","","41773","1","",""
"A","2","56.4","2.5","control","123","123","41573","1","2","2","4","","41773","1","",""
"A","2","60.8","-2","remove","124","124","41573","1","3","3","6","","41773","1","",""
"A","2","61.6","-0.8","control","125","125","41573","1","2","1","4","","41773","1","",""
"A","2","64.1","-0.6","control","126","126","41573","1","5","4","5","","41773","1","",""
"A","2","83.2","-1.5","remove","128","128","41573","1","4","5","7","","41773","1","",""
"A","2","86.9","-1.2","remove","129","129","41573","1","3","2","6","","41773","1","",""
"A","2","88.4","0.1","remove","130","130","41573","1","3","3","8","","41773","1","wilting on the top but resprouting from base",""
"A","2","98.4","-1.5","control","131","131","41573","1","4","3","5","","41773","1","",""
"A","3","5","-0.5","control","692","692","41573","1","3","2","3","","41773","1","",""
"A","3","15","-0.5","remove","694","694","41573","0","","","","","41773","NA","no tag",""
"A","3","15","0.5","control","695","695","41573","1","3","1","4","","41773","0","",""
"A","3","25","-0.5","control","456","456","41573","1","4","2","5","","41773","1","yellowish",""
"A","3","25","-0.5","control","696","696","41573","1","3","2","7","","41773","1","",""
"A","3","25","0.5","remove","697","697","41573","1","4","3","7","","41773","1","",""
"A","3","35","0.5","remove","699","699","41573","1","2","2","5","","41773","1","",""
"A","3","45","-0.5","remove","460","460","41573","0","","","","","41773","NA","",""
"A","3","45","-0.5","remove","700","700","41573","0","","","","","41773","NA","",""
"A","3","45","0.5","control","701","701","41573","1","3","3","5","","41773","1","",""
"A","3","55","0.5","remove","463","463","41573","0","","","","","41773","NA","",""
"A","3","55","-0.5","remove","702","702","41573","1","3","2","3","","41773","1","",""
"A","3","65","-0.5","remove","704","704","41573","1","3","3","6","","41773","1","",""
"A","3","65","0.5","control","705","705","41573","1","2","1","4","","41773","1","",""
"A","3","75","-0.5","remove","466","466","41573","0","","","","","41773","NA","",""
"A","3","75","-0.5","remove","706","706","41573","1","2","1","5","","41773","1","herbivory, changed status from 0 to 1 because recorded alive on 5-20-14","1"
"A","3","85","-0.5","remove","708","708","41573","1","3","3","5","","41773","1","",""
"A","3","85","0.5","control","709","709","41573","1","3","2","4","","41773","0","dry wilted",""
"A","3","95","-0.5","control","710","710","41573","1","2","2","4","","41773","1","",""
"B","1","5","-0.5","control","652","652","41575","3","1","1","2","","41772","0","",""
"B","1","7","-0.5","remove","492","492","41575","1","3","2","4","","41772","0","",""
"B","1","15","-0.5","remove","654","654","41575","1","3","2","4","","41772","1","",""
"B","1","15","0.5","control","655","655","41575","3","1","1","2","","41772","0","",""
"B","1","20","-0.5","remove","656","656","41575","1","2","2","5","","41772","0","",""
"B","1","24","-0.5","control","496","496","41575","3","1","1","3","","41772","0","",""
"B","1","40","0.5","control","659","659","41575","3","2","2","4","","41772","0","",""
"B","1","51","-0.5","remove","500","500","41575","3","2","1","4","","41772","0","",""
"B","1","55","0.5","control","663","663","41575","3","2","1","5","","41772","0","",""
"B","1","65","-0.5","control","664","664","41575","3","4","2","3","","41772","3","unsure of status",""
"B","1","65","0.5","remove","665","665","41575","1","4","4","5","","41772","1","",""
"B","1","67","0.5","remove","505","505","41575","3","3","2","5","","41772","0","",""
"B","1","75","0.5","control","667","667","41575","1","2","2","4","","41772","1","",""
"B","1","85","-0.5","remove","668","668","41575","1","3","2","4","","41772","0","",""
"B","1","85","0.5","control","669","669","41575","3","1","1","2","","41772","0","",""
"B","1","87","-0.5","control","508","508","41575","1","3","3","4","","41772","0","",""
"B","1","95","-0.5","remove","670","670","41575","1","2","2","5","","41772","1","removal effective",""
"B","1","95","0.5","control","671","671","41575","1","2","2","4","","41772","0","",""
"B","1","97","-0.5","remove","510","510","41575","1","1","1","2","","41772","3","",""
"B","1","97","0.5","control","511","511","41575","1","2","3","5","","41772","0","",""
"B","2","3.8","0.8","control","99","99","41575","1","3","2","3","","41772","1","",""
"B","2","4.7","-0.9","remove","98","98","41575","1","2","1","6","","41772","0","no lvs.",""
"B","2","8.7","-0.3","control","101","101","41575","1","2","2","2","","41772","1","",""
"B","1","3.6","0","","832","107","41575","1","3","2","4","","41772","1","",""
"B","2","12.2","0.3","control","102","102","41575","1","6","3","7","","41772","1","growing from base",""
"B","2","13.4","-0.5","remove","103","103","41575","1","3","2","6","","41772","1","",""
"B","2","16.2","0.4","remove","104","104","41575","1","3","3","6","","41772","1","",""
"B","2","17.1","-1","control","105","105","41575","1","2","1","7","","41772","1","",""
"B","2","59.1","-0.2","remove","106","106","41575","1","2","1","3","","41772","0","no lvs",""
"B","2","61.5","0.3","control","108","108","41575","1","3","3","7","","41772","1","",""
"B","2","63.6","0.2","control","834","114","41575","1","1","1","3","","41772","1","",""
"B","2","83.6","0.4","control","110","110","41575","1","7","6","8","","41772","1","",""
"B","2","85","0.4","remove","111","111","41575","1","5","4","9","","41772","1","big gall",""
"B","2","86.3","0.1","remove","112","112","41575","1","3","3","5","","41772","1","",""
"B","2","91","0.5","control","113","113","41575","1","5","3","6","","41772","1","",""
"B","3","23","0","control","85","85","41575","1","115","110","57","","41772","1","23 m x 0 m ",""
"B","3","6","0.15","remove","82","82","41575","1","9","9","10","","41772","1","tips wilting",""
"B","3","11.6","-2.4","control","83","83","41575","1","43","32","42","","41772","1","",""
"B","3","17.9","-0.4","control","84","84","41575","1","10","6","10","","41772","1","",""
"B","3","29.5","0.1","control","86","86","41575","1","8","7","11","","41772","1","",""
"B","3","35.8","-0.3","control","87","87","41575","1","79","90","40","","41772","1","",""
"B","3","41.2","0.9","control","88","88","41575","1","23","19","23","","41772","1","",""
"B","3","48.3","-0.3","control","89","89","41575","1","47","35","40","many sterile infls.","41772","1","branch dying back ",""
"B","3","53.1","0.7","remove","90","90","41575","1","23","21","25","","41772","1","",""
"B","3","59.6","-0.4","remove","91","91","41575","1","120","78","46","","41772","1","some dead branches",""
"B","3","66.4","0.3","remove","92","92","41575","1","18","16","36","","41772","1","",""
"B","3","70.9","0","remove","93","93","41575","1","59","50","46","","41772","1","",""
"B","3","78.4","-0.1","remove","94","94","41575","1","22","17","26","six galls","41772","1","",""
"B","3","84.6","0.9","remove","95","95","41575","1","73","87","44","","41772","1","",""
"B","3","90","-0.1","control","96","96","41575","1","25","27","41","","41772","1","",""
"B","3","96.5","0.3","remove","97","97","41575","1","53","26","37","","41772","1","",""
"B","2","11.2","-0.7","","833","109","41575","1","3","3","4","","41772","1","yellow tipped lvs. ",""
"C","1","6.2","-0.5","control","838","1","41588","1","1","1","2","","41775","0","dry gray",""
"C","1","6.2","-2","remove","839","2","41588","1","3","2","4","","41775","1","healthy! ",""
"C","1","9.8","-1","control","840","9","41588","1","3","1","3","","41775","1","",""
"C","1","10","1.8","control","3","3","41588","1","2","2","4","","41775","1","",""
"C","1","11.1","1.4","remove","4","4","41588","1","2","2","6","","41775","1","",""
"C","1","24","-2.1","remove","5","5","41588","1","3","3","11","","41775","1","resprouting",""
"C","1","24.4","-0.95","remove","6","6","41588","1","1","1","4","","41775","0","plant gone",""
"C","1","34","-0.7","remove","7","7","41588","1","2","1","4","","41775","1","",""
"C","1","42.3","-2.4","remove","8","8","41588","1","4","3","4","","41775","1","",""
"C","1","48.9","0.9","control","10","10","41588","2","","","","","41775","0","dry no lvs",""
"C","1","52.2","-1.6","remove","11","11","41588","1","4","2","6","","41775","1","",""
"C","1","52.4","-0.55","control","12","12","41588","1","2","1","5","","41775","1","",""
"C","1","52.5","-2.3","control","33","33","41588","1","4","3","7","","41775","1","",""
"C","1","53.7","-1.4","control","13","13","41588","1","4","2","5","","41775","1","",""
"C","1","54.7","-0.9","control","14","14","41588","1","2","2","5","","41775","0","dry gray",""
"C","1","55.1","-0.6","remove","15","15","41588","1","3","4","8","","41775","1","some dead branches",""
"C","1","55.2","0.6","control","16","16","41588","1","1","1","3","","41775","1","",""
"C","1","55.9","0.1","remove","17","17","41588","1","5","3","6","","41775","0","dry gray",""
"C","1","57.6","2.5","remove","841","18","41588","1","2","2","3","","41775","1","",""
"C","1","58.1","-0.85","control","19","19","41588","1","3","1","6","","41775","0","dry gray",""
"C","1","59.2","0.4","remove","20","20","41588","1","2","1","7","","41775","0","dry gray stepped on?",""
"C","1","59.4","2.5","remove","32","32","41588","1","3","2","8","","41775","0","dry gray",""
"C","1","63.9","0.3","control","21","21","41588","1","3","3","5","","41775","1","",""
"C","1","64.8","-0.3","control","22","22","41588","1","2","1","5","","41775","1","",""
"C","1","64.8","-1.3","remove","23","23","41588","1","2","1","4","","41775","0","dry gray",""
"C","1","67.9","-1.6","control","25","25","41588","1","2","2","5","","41775","1","",""
"C","1","69.5","0.3","control","26","26","41588","1","1","1","8","","41775","1","resprouting",""
"C","1","70.6","-0.4","remove","27","27","41588","1","7","4","9","","41775","0","dry gray",""
"C","1","75","0.2","remove","29","29","41588","1","5","3","5","","41775","1","",""
"C","1","75.8","2","control","842","24","41588","1","3","4","7","","41775","1","",""
"C","1","77.5","1.4","remove","30","30","41588","1","3","2","6","","41775","1","",""
"C","1","83.5","0.3","control","31","31","41588","1","2","1","4","","41775","1","",""
"C","1","84.1","2.5","","843","28","41588","1","2","2","3","","41775","1","no trtment",""
"C","2","6","2.4","control","35","35","41588","1","45","35","23","","41775","1","",""
"C","2","7.9","-1.6","control","34","34","41588","1","72","57","51","","41775","1","",""
"C","2","11.5","0.4","control","36","36","41588","1","25","17","59","","41775","0","dry gray",""
"C","2","13.1","-0.1","control","37","37","41588","1","12","7","26","","41775","1","",""
"C","2","17","-2.4","control","38","38","41588","1","105","91","64","","41775","1","",""
"C","2","18.5","0.1","control","39","39","41588","1","35","23","30","","41775","1","",""
"C","2","23.2","-0.3","control","40","40","41588","1","20","8","20","","41775","1","dry gray, switched status from 3 to 1 because plant was recorded alive on 5-21-14",""
"C","2","25.1","-2.1","remove","41","41","41588","1","35","18","30","","41775","0","dry gray",""
"C","2","28.4","0.4","control","42","42","41588","1","83","65","49","","41775","1","switched trtment",""
"C","2","32.6","1.1","remove","43","43","41588","1","125","90","81","","41775","1","",""
"C","2","36.6","0.05","remove","44","44","41588","1","15","7","11","old with black fungus on stems","41775","1","",""
"C","2","37.8","-1.8","control","45","45","41588","1","14","19","29","","41775","0","dry gray lvs falling off",""
"C","2","38.8","0.7","control","46","46","41588","1","85","81","59","","41775","1","broken branch",""
"C","2","42.8","0.6","remove","47","47","41588","1","57","57","42","","41775","1","",""
"C","2","47.2","0.25","control","48","48","41588","1","5","6","11","","41775","1","removal effective",""
"C","2","48.2","-1.7","remove","49","49","41588","1","27","25","37","","41775","1","",""
"C","2","51.1","-0.9","remove","50","50","41588","1","93","78","77","","41775","1","",""
"C","2","54.5","1.9","remove","51","51","41588","1","48","27","46","","41775","1","",""
"C","2","59.9","0.25","remove","52","52","41588","1","5","8","9","","41775","1","",""
"C","2","62.5","-1","remove","53","53","41588","1","18","12","32","","41775","1","",""
"C","2","65.8","-0.6","removal","54","54","41588","1","84","50","45","","41775","1","switched trtment",""
"C","2","68","2.3","remove","55","55","41588","1","141","95","60","","41775","1","",""
"C","2","71.6","0.5","remove","56","56","41588","1","41","37","35","","41775","1","",""
"C","2","73.7","-1.4","control","57","57","41588","1","15","11","30","","41775","1","",""
"C","2","78.2","2.45","remove","58","58","41588","1","76","64","60","","41775","1","",""
"C","2","78.2","-1.1","control","59","59","41588","1","73","50","46","","41775","1","",""
"C","2","81.9","1.1","remove","60","60","41588","1","18","15","42","","41775","0","trampled broken at base",""
"C","2","84.2","-1.6","remove","61","61","41588","1","25","26","37","","41775","1","broken on side",""
"C","2","88.6","4.2","control","62","62","41588","1","76","25","51","","41775","1","half dead",""
"C","2","90.4","0.4","remove","63","63","41588","1","57","24","27","","41775","1","",""
"C","2","94.8","0.25","control","64","64","41588","1","9","8","17","","41775","1","",""
"C","2","97.3","-0.3","control","65","65","41588","1","46","37","43","","41775","1","",""
"C","3","7","-0.5","remove","592","592","41588","1","3","2","4","","41775","1","removal ineffective",""
"C","3","7","0.5","control","593","593","41588","3","2","1","6","","41775","0","dry no lvs",""
"C","3","25","-0.5","remove","796","796","41588","1","1","1","3","","41775","0","dry no lvs",""
"C","3","27","-0.5","remove","596","596","41588","1","2","2","4","","41775","1","",""
"C","3","27","0.5","control","597","597","41588","1","2","1","4","","41775","0","dry no lvs",""
"C","3","35","0.5","control","799","799","41588","1","2","3","5","","41775","0","dry gray",""
"C","3","37","-0.5","control","598","598","41588","1","3","3","5","","41775","1","",""
"C","3","45","0.5","control","801","801","41588","1","2","2","4","","41775","1","",""
"C","3","49","-0.5","control","600","600","41588","1","4","3","5","","41775","1","",""
"C","3","49","0.5","remove","601","601","41588","1","4","3","5","","41775","1","",""
"C","3","55","-0.5","control","802","802","41588","3","1","1","3","","41775","0","no lvs",""
"C","3","55","0.5","remove","803","803","41588","1","2","1","4","","41775","1","",""
"C","3","56","0.5","remove","603","603","41588","1","3","3","5","","41775","1","",""
"C","3","65","-0.5","remove","804","804","41588","1","3","3","2","","41775","1","",""
"C","3","65","0.5","control","805","805","41588","1","4","3","5","","41775","1","no lvs, changed status from 0 to 1 because it was recorded alive on 5-21-14",""
"C","3","67","-0.5","remove","604","604","41588","1","3","2","6","","41775","1","",""
"C","3","67","0.5","control","605","605","41588","1","2","1","4","","41775","1","",""
"C","3","75","-0.5","control","806","806","41588","1","4","2","4","","41775","1","",""
"C","3","75","0.5","remove","807","807","41588","1","2","1","6","","41775","1","",""
"C","3","77","-0.5","control","606","606","41588","1","4","2","3","","41775","0","no lvs",""
"C","3","84","-0.5","remove","808","808","41588","1","2","1","5","","41775","0","no lvs",""
"C","3","87","-0.5","control","608","608","41588","1","1","1","3","","41775","0","no lvs",""
"C","3","87","0.5","remove","609","609","41588","1","1","1","3","","41775","0","no lvs",""
"C","3","95","0.5","remove","811","811","41588","1","3","3","8","","41775","1","healthy! ",""
"C","3","97","-0.5","control","610","610","41588","1","2","3","5","","41775","1","healthy! ",""
"C","3","97","0.5","remove","611","611","41588","1","3","1","3","","41775","0","no lvs",""
"G","1","6.1","-0.5","remove","148","148","41574","1","77","37","39","","41774","1","",""
"G","1","12.1","-0.3","control","149","149","41574","1","45","30","50","","41774","1","",""
"G","1","18.3","0","control","150","150","41574","1","33","39","44","","41774","1","",""
"G","1","23.6","1.3","control","151","151","41574","1","94","54","75","","41774","1","",""
"G","1","29.3","0.4","remove","152","152","41574","1","40","32","41","some leaves falling off","41774","1","barely alive",""
"G","1","36.1","0.3","control","153","153","41574","1","65","64","65","","41774","1","",""
"G","1","42.2","0.6","control","154","154","41574","1","25","28","26","","41774","1","",""
"G","1","47.4","-0.4","remove","155","155","41574","1","50","58","50","","41774","1","broken branch",""
"G","1","54.4","0.5","control","156","156","41574","1","31","18","36","","41774","1","",""
"G","1","56.5","0.5","remove","157","157","41574","1","115","35","48","","41774","1","",""
"G","1","66.4","0.2","remove","158","158","41574","1","31","31","36","","41774","1","",""
"G","1","71.8","0","remove","159","159","41574","1","124","86","65","","41774","1","",""
"G","1","77.9","0.6","control","160","160","41574","1","47","32","57","","41774","1","",""
"G","1","83.3","0.3","removal","161","161","41574","1","68","43","65","","41774","1","switched trtment",""
"G","1","90.2","0.6","remove","162","162","41574","1","27","30","43","","41774","1","",""
"G","1","95.4","0.1","remove","163","163","41574","1","81","42","60","aphids and ants","41774","1","ants on plant",""
"G","3","5","-0.5","control","732","732","41574","1","3","2","5","","41774","1","",""
"G","3","7","-0.5","control","532","532","41574","1","2","1","3","","41774","1","",""
"G","3","7","0.5","remove","533","533","41574","1","2","1","5","","41774","1","",""
"G","3","15","-0.5","control","734","734","41574","1","2","1","3","","41774","0","dry gray",""
"G","3","17","-0.5","remove","534","534","41574","1","2","2","5","","41774","0","browsed","1"
"G","3","25","-0.5","remove","736","736","41574","1","2","2","4","","41774","1","",""
"G","3","25","0.5","control","737","737","41574","0","","","","","41774","NA","",""
"G","3","27","-0.5","control","536","536","41574","1","3","1","5","","41774","1","",""
"G","3","35","-0.5","control","738","738","41574","1","3","2","5","","41774","1","",""
"G","3","37","-0.5","remove","538","538","41574","1","3","4","9","","41774","1","",""
"G","3","37","0.5","control","539","539","41574","1","2","3","4","","41774","1","",""
"G","3","45","-0.5","control","740","740","41574","1","2","2","4","","41774","0","dry curled up lvs",""
"G","3","45","0.5","remove","741","741","41574","1","3","2","4","","41774","0","dry gray",""
"G","3","47","-0.5","remove","540","540","41574","1","3","4","6","","41774","0","browsed","1"
"G","3","47","0.5","control","541","541","41574","0","","","","","41774","NA","",""
"G","3","55","-0.5","control","742","742","41574","1","3","3","5","","41774","1","resprouting",""
"G","3","55","0.5","remove","743","743","41574","1","2","3","6","","41774","1","resprouting",""
"G","3","57","-0.5","control","542","542","41574","1","3","4","6","","41774","1","",""
"G","3","57","0.5","remove","543","543","41574","1","3","2","4","","41774","1","",""
"G","3","65","-0.5","remove","744","744","41574","0","","","","","41774","NA","",""
"G","3","65","0.5","control","745","745","41574","1","4","2","6","","41774","1","",""
"G","3","67","0.5","control","545","545","41574","1","3","3","5","","41774","0","dry gray",""
"G","3","75","-0.5","control","746","746","41574","1","2","1","4","","41774","1","",""
"G","3","75","0.5","remove","747","747","41574","1","3","2","6","","41774","1","",""
"G","3","77","-0.5","remove","546","546","41574","3","1","1","4","","41774","0","browsed","1"
"G","3","85","-0.5","remove","748","748","41574","1","2","1","4","","41774","0","dry no lvs",""
"G","3","85","0.5","control","749","749","41574","1","1","1","4","","41774","1","",""
"G","3","87","-0.5","control","548","548","41574","1","1","2","4","","41774","1","",""
"G","3","87","0.5","remove","549","549","41574","1","1","1","4","","41774","1","",""
"G","3","95","-0.5","control","750","750","41574","3","1","1","4","","41774","0","dry gray",""
"G","3","95","0.5","remove","751","751","41574","3","1","1","2","","41774","0","browsed","1"
"G","3","97","-0.5","control","550","550","41574","0","","","","","41774","NA","",""
"G","4","3.8","0.4","remove","66","66","41574","1","5","2","4","chewed on","41774","0","dry no lvs",""
"G","4","4.9","0.8","control","67","67","41574","1","2","1","7","","41774","1","",""
"G","4","5.4","2.7","control","853","74","41574","1","3","5","6","","41774","1","",""
"G","4","5.7","0.1","remove","68","68","41574","1","2","2","5","","41774","0","dry no lvs",""
"G","4","15.4","-2.2","control","854","77","41574","1","4","3","8","stepped on","41774","1","good",""
"G","4","45.6","-0.9","control","70","70","41574","1","7","6","7","","41774","1","",""
"G","4","49.1","-0.2","remove","852","73","41574","1","5","4","7","","41774","1","",""
"G","4","55","-0.5","control","851","72","41574","0","","","","Eaten","41774","NA","",""
"G","4","63.3","-0.7","remove","75","75","41574","1","5","4","10","","41774","1","",""
"G","4","68.5","0.6","remove","76","76","41574","0","","","","","41774","NA","",""
"G","4","73","1.1","control","850","71","41574","1","6","6","8","","41774","1","",""
"G","4","76.7","0.1","control","78","78","41574","1","4","3","5","","41774","1","",""
"G","4","83","-3.3","control","849","69","41574","1","5","3","6","","41774","1","browsed one leaf left","1"
"G","4","84.3","-0.8","remove","79","79","41574","1","5","4","7","","41774","1","",""
"G","4","99.4","1.2","remove","81","81","41574","1","5","4","7","","41774","1","",""
"G","4","99.7","-0.4","remove","80","80","41574","1","2","3","5","","41774","0","dry no lvs",""
"H","1","5.4","0.2","control","228","228","41574","1","6","5","13","","41774","0","dry gray",""
"H","1","7.4","0.8","remove","229","229","41574","0","","","","","41774","NA","gone",""
"H","1","14.1","0.7","control","230","230","41574","1","4","2","7","","41774","1","",""
"H","1","22.3","0","remove","231","231","41574","1","1","1","7","","41774","3","no lvs, changed status from 0 to 3 because it was recorded 1 on 5-21-14, but that seems odd because no measurements were given",""
"H","1","42","-2.7","remove","845","232","41574","1","2","2","3","chewed on","41774","3","browsed but still flxble","1"
"H","1","47.1","-0.5","remove","846","235","41574","3","1","1","3","","41774","0","gone",""
"H","1","55.7","0","control","233","233","41574","1","2","4","7","","41774","0","dry gray",""
"H","1","58.7","0.2","control","234","234","41574","0","","","","Eaten","41774","NA","",""
"H","1","61.3","-1.5","remove","847","237","41574","1","2","2","5","chewed on","41774","0","dry no lvs",""
"H","1","63.1","-0.1","remove","236","236","41574","0","","","","Eaten","41774","NA","",""
"H","1","65","1.1","control","238","238","41574","1","4","1","8","","41774","1","",""
"H","1","65","-1","control","848","242","41574","1","3","3","8","","41774","3","browsed but still flxble","1"
"H","1","65.8","-1.3","remove","239","239","41574","0","","","","Eaten","41774","NA","",""
"H","1","66.2","-1.9","control","240","240","41574","1","3","3","5","","41774","0","no lvs, dry",""
"H","1","77","0.4","remove","241","241","41574","1","1","1","3","","41774","0","browsed no lvs","1"
"H","1","82.3","-0.1","control","244","244","41574","1","1","1","3","","41774","0","browsed","1"
"H","1","85.4","1.2","control","247","247","41574","1","2","2","4","","41774","0","dry gray",""
"H","1","99.7","0.2","remove","246","246","41574","1","4","4","8","","41774","0","no lvs",""
"H","2","5.7","-1.1","remove","197","197","41574","1","48","45","44","","41774","1","lots of grass",""
"H","2","5.9","0.9","control","196","196","41574","1","17","12","30","","41774","1","",""
"H","2","11","-3.3","remove","199","199","41574","1","80","36","52","","41774","1","main branch stomped on",""
"H","2","12","0.4","remove","198","198","41574","1","103","100","49","","41774","1","",""
"H","2","18.5","-2.1","remove","201","201","41574","1","16","21","29","","41774","1","",""
"H","2","18.6","0.1","remove","200","200","41574","1","27","27","27","","41774","1","",""
"H","2","24.3","0.1","control","202","202","41574","1","50","44","38","","41774","1","",""
"H","2","26.3","-1.8","control","203","203","41574","1","66","55","67","","41774","1","",""
"H","2","30.1","-1.1","remove","205","205","41574","1","19","27","36","","41774","1","",""
"H","2","32.2","0.3","control","204","204","41574","1","15","10","13","","41774","1","",""
"H","2","35.5","0.1","remove","206","206","41574","1","44","32","45","","41774","1","",""
"H","2","37.4","-0.4","remove","207","207","41574","1","74","57","53","","41774","1","",""
"H","2","41.1","0.1","control","209","209","41574","1","28","39","47","","41774","1","dying branches",""
"H","2","42.4","-0.3","control","208","208","41574","1","22","17","8","","41774","1","",""
"H","2","47.8","0.2","control","210","210","41574","1","51","45","36","","41774","1","",""
"H","2","48.9","-1.6","control","211","211","41574","1","93","89","102","","41774","1","big broken branch",""
"H","2","53.1","0.6","remove","212","212","41574","1","11","19","31","losing leaves","41774","0","dry no lvs ",""
"H","2","54.2","-0.9","remove","213","213","41574","1","21","19","30","","41774","0","crushed",""
"H","2","60.2","1.1","remove","215","215","41574","1","110","45","51","","41774","1","",""
"H","2","60.8","-1.1","remove","214","214","41574","1","39","37","36","","41774","1","",""
"H","2","65","-1.3","control","216","216","41574","1","34","22","27","","41774","1","",""
"H","2","66.4","-0.5","control","217","217","41574","1","42","59","35","","41774","1","",""
"H","2","71.4","1","control","218","218","41574","1","95","52","35","","41774","1","",""
"H","2","71.7","-1.5","control","219","219","41574","1","81","69","71","","41774","1","",""
"H","2","77.2","-0.5","control","221","221","41574","1","19","9","22","","41774","1","stomped on, switched status from 0 to 1 because it was recorded alive on 5-22-14",""
"H","2","78.1","0","remove","220","220","41574","1","30","27","26","","41774","1","resprouting from base",""
"H","2","84.1","1.1","control","222","222","41574","1","55","60","40","","41774","1","",""
"H","2","84.8","-0.5","control","223","223","41574","1","60","64","50","","41774","1","not removed",""
"H","2","89.7","-0.1","remove","224","224","41574","1","14","8","24","","41774","1","",""
"H","2","90.2","-2.4","remove","225","225","41574","1","39","10","22","","41774","1","",""
"H","2","90.7","0.5","control","255","255","41574","1","4","3","8","seedling","41774","1","could not find it, changed status from 2 to 1 because it was alive on 5-22-14",""
"H","2","96.1","0.2","remove","226","226","41574","1","79","70","39","","41774","1","",""
"H","2","97.2","-2.7","remove","227","227","41574","1","72","50","50","","41774","1","changed trtment",""
"H","3","5","-0.5","control","752","752","41574","1","4","3","5","","41775","1","",""
"H","3","5","0.5","remove","753","753","41574","1","1","1","2","Eaten","41775","1","healthy! ",""
"H","3","7","-0.5","control","552","552","41574","0","","","","","41775","NA","",""
"H","3","7","0.5","remove","553","553","41574","0","","","","","41775","NA","",""
"H","3","15","-0.5","control","754","754","41574","0","","","","","41775","NA","",""
"H","3","15","0.5","remove","755","755","41574","0","","","","","41775","NA","",""
"H","3","17","0.5","control","554","554","41574","1","2","3","5","","41775","1","",""
"H","3","25","-0.5","control","756","756","41574","0","","","","","41775","NA","",""
"H","3","25","0.5","remove","757","757","41574","0","","","","","41775","NA","",""
"H","3","27","-0.5","control","556","556","41574","3","2","1","5","","41775","0","dry gray",""
"H","3","27","0.5","remove","557","557","41574","3","1","1","1","Eaten","41775","0","no lvs",""
"H","3","35","-0.5","control","758","758","41574","1","3","2","4","","41775","1","dry gray, changed status from 0 to 1, recorded alive on 5-22-14",""
"H","3","35","0.5","remove","759","555","41574","1","","","","Eaten","41775","1","resprouting back to life, changed tag to 555",""
"H","3","37","-0.5","remove","558","558","41574","1","3","3","4","","41775","1","",""
"H","3","45","-0.5","remove","760","760","41574","0","","","","","41775","NA","",""
"H","3","45","0.5","control","761","761","41574","1","3","3","7","","41775","1","",""
"H","3","47","-0.5","remove","560","560","41574","1","2","2","6","","41775","1","",""
"H","3","47","0.5","control","561","561","41574","1","4","3","5","","41775","1","",""
"H","3","55","-0.5","remove","762","762","41574","1","1","1","3","","41775","1","",""
"H","3","55","0.5","control","763","763","41574","0","","","","Eaten","41775","NA","",""
"H","3","57","-0.5","remove","562","562","41574","1","3","3","5","","41775","1","",""
"H","3","57","0.5","control","563","563","41574","1","2","1","4","","41775","1","",""
"H","3","65","-0.5","remove","764","764","41574","1","2","1","4","","41775","0","dry gray",""
"H","3","65","0.5","control","765","765","41574","1","4","3","5","","41775","1","",""
"H","3","67","-0.5","control","564","564","41574","1","4","2","8","","41775","1","",""
"H","3","75","-0.5","remove","766","766","41574","0","","","","","41775","NA","",""
"H","3","75","0.5","control","767","767","41574","0","","","","","41775","NA","",""
"H","3","77","0.5","control","567","567","41574","3","1","1","4","Eaten","41775","0","no lvs",""
"H","3","85","-0.5","control","768","768","41574","1","3","2","6","","41775","1","",""
"H","3","85","0.5","remove","769","769","41574","1","3","2","7","","41775","1","",""
"H","3","87","0.5","control","569","569","41574","1","1","1","4","","41775","1","",""
"H","3","95","-0.5","control","770","770","41574","3","1","3","4","","41775","0","",""
"H","3","95","0.5","remove","771","771","41574","3","1","1","4","Eaten","41775","0","new seedling coming up from base of old plant! ",""
"H","3","97","-0.5","remove","570","570","41574","0","","","","","41775","NA","",""
"H","5","17.6","-3.4","control","254","254","41574","1","3","3","5","","41775","0","dry gray",""
"H","5","40.5","2.4","remove","248","248","41574","0","","","","","41775","NA","",""
"H","5","50.6","-12.9","control","259","259","41574","1","3","2","4","","41775","1","",""
"H","5","69.1","-8.3","remove","256","256","41574","1","4","3","6","","41775","1","resprouting",""
"H","5","69.2","0.7","control","249","249","41574","1","2","1","5","","41775","0","",""
"H","5","69.7","1","remove","250","250","41574","1","4","3","9","","41775","1","",""
"H","5","71","-0.8","control","251","251","41574","1","2","1","2","","41775","1","",""
"H","5","72.1","-2.2","control","252","252","41574","1","3","2","7","","41775","1","",""
"H","5","76.4","-1","remove","844","257","41574","1","2","1","6","","41775","0","dry gray",""
"H","5","89","2","control","253","253","41574","1","2","2","6","","41775","1","",""
"H","5","92.4","-10","remove","258","258","41574","1","3","4","8","","41775","1","healthy! ",""
"I","1","13.6","-1.5","control","180","180","41588","1","7","5","6","","41773","1","frost heave",""
"I","1","20.2","-0.7","remove","181","181","41588","1","3","2","5","","41773","1","",""
"I","1","32.2","0","remove","182","182","41588","1","1","1","6","","41773","1","top died but resprouting from stem",""
"I","1","34.3","-2","remove","183","183","41588","1","2","2","3","","41773","1","",""
"I","1","43.8","-0.3","control","184","184","41588","1","5","4","7","","41773","1","",""
"I","1","46.1","0.4","remove","185","185","41588","1","4","3","6","","41773","1","",""
"I","1","49","0.9","remove","186","186","41588","1","2","2","8","","41773","1","",""
"I","1","50.3","-0.6","control","187","187","41588","1","3","2","6","","41773","1","",""
"I","1","50.6","0.45","control","189","189","41588","1","1","1","2","","41773","0","no lvs",""
"I","1","50.7","1.7","control","188","188","41588","1","2","3","6","","41773","1","",""
"I","1","52.7","0.5","remove","191","191","41588","1","4","4","6","","41773","1","",""
"I","1","62.2","0","control","192","192","41588","1","3","3","5","","41773","1","",""
"I","1","67.4","0.5","remove","193","193","41588","1","3","4","7","","41773","1","",""
"I","1","72.7","0.4","control","194","194","41588","1","5","4","6","","41773","1","",""
"I","1","88.3","0","control","837","195","41588","1","5","5","9","","41773","1","",""
"I","1","99","0.1","remove","836","190","41588","1","3","3","3","","41773","1","",""
"I","3","12.3","-0.2","remove","165","165","41588","1","67","47","47","","41773","1","",""
"I","3","6","0.6","control","164","164","41588","1","30","28","30","","41773","1","",""
"I","3","16.6","-1.1","remove","166","166","41588","1","30","16","33","","41773","1","",""
"I","3","24","-0.4","remove","167","167","41588","1","41","34","38","","41773","1","",""
"I","3","30.3","0.9","control","168","168","41588","1","6","5","10","","41773","1","",""
"I","3","35.8","0.1","remove","169","169","41588","1","47","44","47","","41773","1","",""
"I","3","41.6","0.4","remove","170","170","41588","1","28","32","34","","41773","1","",""
"I","3","47.9","0.5","control","171","171","41588","1","65","60","45","","41773","1","",""
"I","3","53.3","1.3","remove","172","172","41588","1","15","6","45","","41773","1","",""
"I","3","60","-0.2","control","173","173","41588","1","36","32","54","","41773","1","",""
"I","3","65.1","-1.8","remove","174","174","41588","1","8","4","14","","41773","1","",""
"I","3","71.6","0.6","control","175","175","41588","1","68","46","53","","41773","1","",""
"I","3","79.2","-0.1","control","176","176","41588","1","20","14","35","","41773","1","",""
"I","3","83.9","0.1","control","177","177","41588","1","57","20","46","","41773","1","",""
"I","3","89.5","-0.1","control","178","178","41588","1","20","12","48","","41773","1","",""
"I","3","96.3","0","remove","179","179","41588","1","51","35","39","","41773","1","",""
"I","4","25","-0.5","control","816","816","41588","3","1","1","3","","41773","0","no lvs",""
"I","4","37","-0.5","remove","618","618","41588","1","3","1","5","","41773","1","",""
"I","4","45","-0.5","control","820","820","41588","1","3","2","7","","41773","0","",""
"I","4","45","0.5","remove","821","821","41588","1","2","2","6","","41773","0","",""
"I","4","55","-0.5","control","822","822","41588","1","3","1","6","drying out","41773","0","dry",""
"I","4","55","0.5","remove","823","823","41588","1","2","2","5","","41773","0","dry no lvs",""
"I","4","67","-0.5","remove","624","624","41588","3","1","1","8","","41773","0","",""
"I","4","74","0.5","control","827","827","41588","3","1","3","4","","41773","0","",""
"I","4","85","-0.5","remove","828","828","41588","0","","","","","41773","NA","tag gone",""
"I","4","85","0.5","control","829","829","41588","3","2","1","4","","41773","0","",""
"I","4","87","-0.5","control","628","628","41588","1","2","1","4","","41773","1","",""
"I","4","87","0.5","remove","629","629","41588","3","1","1","1","no leaves","41773","0","",""
"J","2","2.2","-1.1","control","260","260","41575","1","1","1","4","","41774","0","no lvs",""
"J","2","3.1","0.9","control","261","261","41575","2","","","","","41774","NA","",""
"J","2","12.8","-0.4","control","262","262","41575","0","","","","","41774","NA","",""
"J","2","17.6","-0.8","remove","263","263","41575","1","2","2","5","","41774","1","removal ineffective",""
"J","2","19.7","1.5","control","264","264","41575","3","1","1","2","","41774","0","no lvs",""
"J","2","29.9","0","control","265","265","41575","1","2","1","6","","41774","1","",""
"J","2","30.8","0.6","remove","266","266","41575","1","3","2","6","","41774","1","",""
"J","2","39.3","2.4","control","267","267","41575","1","1","1","3","","41774","1","resprouting",""
"J","2","44.3","-0.8","remove","268","268","41575","3","1","1","2","no leaves","41774","0","no lvs",""
"J","2","45","0.4","remove","269","269","41575","1","3","2","5","","41774","1","",""
"J","2","45.3","-0.6","remove","270","270","41575","0","","","","","41774","NA","",""
"J","2","45.9","-0.9","remove","271","271","41575","0","","","","LT-Eaten","41774","0","no lvs",""
"J","2","46.9","-0.9","remove","272","272","41575","0","","","","","41774","NA","",""
"J","2","55","1","remove","273","273","41575","0","","","","Eaten","41774","NA","",""
"J","2","56.9","-0.1","control","274","274","41575","0","","","","","41774","NA","",""
"J","2","57.4","1.2","remove","275","275","41575","0","","","","Eaten","41774","NA","",""
"J","2","58.4","1.7","control","276","276","41575","3","1","1","2","","41774","0","plant gone",""
"J","2","66.3","1","control","277","277","41575","1","1","1","3","","41774","1","",""
"J","2","76.5","1.7","control","278","278","41575","1","2","2","6","","41774","1","",""
"J","2","83.1","0.9","remove","279","279","41575","3","1","1","4","","41774","0","browsed no lvs","1"
"J","2","88.2","0","remove","281","281","41575","1","3","2","7","weird white spots (insects?)","41774","1","",""
"J","3","6","-0.1","control","320","320","41575","1","27","38","75","","41774","1","",""
"J","3","12.6","0.3","remove","321","321","41575","1","84","64","82","","41774","1","removal effective",""
"J","3","17.7","-0.1","remove","322","322","41575","1","39","22","61","","41774","1","broken branch dying ",""
"J","3","24.6","0","remove","323","323","41575","1","67","53","69","","41774","1","",""
"J","3","30.3","-0.1","control","324","324","41575","1","14","11","30","","41774","1","",""
"J","3","35.8","0.5","remove","325","325","41575","1","87","64","46","","41774","1","",""
"J","3","41.6","0.4","remove","326","326","41575","1","12","17","43","","41774","0","dry no lvs",""
"J","3","47.8","0","control","327","327","41575","1","84","67","71","","41774","1","",""
"J","3","53.8","0.2","remove","328","328","41575","1","34","16","34","","41774","1","",""
"J","3","59.8","-0.8","control","329","329","41575","1","46","50","60","","41774","1","",""
"J","3","65.9","0","remove","330","330","41575","1","10","9","24","","41774","1","",""
"J","3","72.4","0.2","remove","331","331","41575","1","79","51","60","","41774","1","",""
"J","3","77.7","0","control","332","332","41575","1","8","5","15","","41774","1","",""
"J","3","83.7","0.6","control","333","333","41575","1","72","56","85","","41774","1","",""
"J","3","90.9","-0.1","control","334","334","41575","1","23","19","26","","41774","1","",""
"J","3","95.9","-0.5","control","335","335","41575","1","73","53","35","","41774","1","",""
"J","4","5","0.5","control","633","633","41575","1","3","2","4","","41774","1","",""
"J","4","7","-0.5","control","432","432","41575","1","4","4","8","","41774","1","",""
"J","4","7","0.5","remove","433","433","41575","0","","","","Eaten","41774","NA","",""
"J","4","15","-0.5","remove","634","634","41575","0","","","","LT","41774","0","no lvs",""
"J","4","15","0.5","control","635","635","41575","1","3","2","5","","41774","1","",""
"J","4","17","0.5","control","435","435","41575","1","2","2","5","","41774","1","",""
"J","4","25","-0.5","remove","636","636","41575","1","3","2","6","","41774","1","",""
"J","4","25","0.5","control","637","637","41575","1","2","1","5","","41774","1","",""
"J","4","27","-0.5","remove","436","436","41575","1","4","4","6","","41774","1","",""
"J","4","27","0.5","control","437","437","41575","1","3","2","4","","41774","1","resprouting ",""
"J","4","35","-0.5","control","638","638","41575","1","3","3","5","","41774","1","",""
"J","4","35","0.5","remove","639","639","41575","0","","","","Eaten","41774","0","no lvs",""
"J","4","37","-0.5","remove","438","438","41575","1","1","1","3","","41774","1","",""
"J","4","37","0.5","control","439","439","41575","1","4","4","8","","41774","1","",""
"J","4","47","-0.5","control","440","440","41575","1","3","3","6","","41774","1","",""
"J","4","47","0.5","remove","441","441","41575","0","","","","Eaten","41774","0","",""
"J","4","55","-0.5","remove","642","642","41575","0","","","","Eaten","41774","0","",""
"J","4","55","0.5","control","643","643","41575","1","3","3","6","","41774","1","",""
"J","4","57","-0.5","control","442","442","41575","0","","","","Eaten","41774","0","",""
"J","4","57","0.5","remove","443","443","41575","1","3","2","5","","41774","1","",""
"J","4","65","-0.5","control","644","644","41575","1","2","2","4","","41774","1","",""
"J","4","67","-0.5","control","444","444","41575","1","2","2","5","","41774","1","",""
"J","4","67","0.5","remove","445","445","41575","1","3","2","5","","41774","1","",""
"J","4","75","-0.5","remove","646","735","41575","0","","","","Eaten","41774","0","change tag",""
"J","4","75","0.5","control","647","647","41575","1","1","1","3","","41774","1","",""
"J","4","77","-0.5","control","446","446","41575","1","4","3","6","","41774","1","",""
"J","4","77","0.5","remove","447","447","41575","1","2","1","6","","41774","1","resprouting ",""
"J","4","85","-0.5","remove","648","648","41575","1","3","2","3","","41774","1","",""
"J","4","85","0.5","control","649","649","41575","1","4","2","5","","41774","1","changed status from 0 to 1 because it was recorded alive on 5-22-14",""
"J","4","87","-0.5","remove","448","448","41575","0","","","","Eaten","41774","0","",""
"J","4","87","0.5","control","449","449","41575","0","","","","Eaten","41774","0","",""
"K","3","0","2.8","control","282","282","41573","1","2","3","4","","41773","1","",""
"K","3","1.7","2","control","283","283","41573","1","1","2","3","","41773","1","",""
"K","3","2.3","2.3","remove","284","284","41573","0","","","","","41773","NA","",""
"K","3","4.3","2.5","remove","285","285","41573","1","3","3","5","","41773","1","",""
"K","3","7.1","-1.3","remove","286","286","41573","1","2","3","5","","41773","1","",""
"K","3","9","1.5","control","287","287","41573","1","3","4","4","","41773","1","",""
"K","3","14.1","-0.6","remove","289","289","41573","1","2","1","5","","41773","1","",""
"K","3","14.4","0.1","remove","288","288","41573","0","","","","LT","41773","0","",""
"K","3","36.5","-1.2","control","291","291","41573","1","3","3","4","","41773","1","",""
"K","3","39.4","-2.2","remove","294","294","41573","1","3","3","3","","41773","1","removal ineffective",""
"K","3","40.1","-1.1","remove","293","293","41573","1","6","6","8","","41773","1","",""
"K","3","48","-2.9","control","295","295","41573","1","4","5","8","","41773","1","",""
"K","3","53.9","-3.6","control","296","296","41573","1","1","1","4","","41773","1","",""
"K","3","59.3","1.8","remove","297","297","41573","1","3","3","8","","41773","1","",""
"K","3","60.3","-3.4","remove","298","298","41573","1","2","1","5","","41773","1","",""
"K","3","61.8","-4","control","299","299","41573","1","2","2","4","","41773","1","",""
"K","3","92.3","-0.6","control","300","300","41573","1","3","2","7","","41773","1","",""
"K","3","94.3","-1.2","control","301","301","41573","1","3","2","6","","41773","1","",""
"K","3","95.6","-1.4","control","302","302","41573","1","2","2","6","","41773","1","",""
"K","3","95.8","0.8","control","303","303","41573","1","4","4","6","","41773","1","",""
"K","2","6.5","1.4","remove","304","304","41573","1","29","11","21","","41773","1","removal ineffective",""
"K","2","12.8","1.4","control","305","305","41573","1","93","101","55","","41773","1","",""
"K","2","17.8","1.1","control","306","306","41573","1","17","13","22","","41773","1","",""
"K","2","24.1","1.6","control","307","307","41573","1","42","40","29","","41773","1","",""
"K","2","30.4","1.9","remove","308","308","41573","1","9","6","13","","41773","1","",""
"K","2","36.3","2.1","control","309","309","41573","1","50","64","33","","41773","1","",""
"K","2","41.2","2.4","control","310","310","41573","1","32","23","25","sterile inflorescences","41773","1","",""
"K","2","48.3","1.3","remove","311","311","41573","1","53","17","42","","41773","1","",""
"K","2","54.7","1.7","remove","312","312","41573","1","26","17","26","","41773","1","",""
"K","2","60.3","1.6","remove","313","313","41573","1","62","45","46","","41773","1","",""
"K","2","66.2","1.7","control","314","314","41573","1","35","22","29","","41773","1","",""
"K","2","72.8","2","control","315","315","41573","1","54","39","25","","41773","1","",""
"K","2","77.1","1.5","control","316","316","41573","1","26","21","18","","41773","1","",""
"K","2","83.3","2.3","remove","317","317","41573","1","88","57","45","","41773","1","",""
"K","2","90.6","2.9","remove","318","318","41573","1","32","22","25","","41773","1","",""
"K","2","96.3","2.5","remove","319","319","41573","1","89","114","46","","41773","1","",""
"K","4","5","-0.5","remove","672","672","41573","0","","","","","41773","NA","",""
"K","4","5","0.5","control","673","673","41573","0","","","","","41773","NA","",""
"K","4","15","0.5","remove","675","675","41573","0","","","","","41773","NA","",""
"K","4","25","-0.5","remove","676","676","41573","0","","","","","41773","1","",""
"K","4","35","-0.5","control","678","678","41573","1","3","2","6","","41773","NA","",""
"K","4","37","0.5","control","479","479","41573","0","","","","","41773","NA","",""
"K","4","55","-0.5","remove","682","682","41573","1","3","3","5","","41773","1","",""
"K","4","65","-0.5","control","684","684","41573","1","3","3","7","","41773","1","",""
"K","4","95","0.5","remove","691","691","41573","1","3","2","4","","41773","1","",""
"K","4","97","-0.5","control","490","490","41573","3","1","1","4","Only 2 leaves left","41773","0","probably dead",""
"L","4","6.3","0.6","remove","368","368","41588","1","59","40","58","","41775","1","",""
"L","4","12.3","0","control","369","369","41588","1","62","69","55","","41775","1","",""
"L","4","17.5","0.5","control","370","370","41588","1","26","18","26","","41775","1","",""
"L","4","24","0.8","control","371","371","41588","1","112","86","51","","41775","1","",""
"L","4","30.1","0.5","remove","372","372","41588","1","38","19","26","","41775","1","",""
"L","4","38.6","1.1","control","373","373","41588","1","122","98","57","","41775","1","",""
"L","4","41.4","1.5","remove","374","374","41588","1","5","7","14","","41775","1","",""
"L","4","49","0.3","remove","375","375","41588","1","85","103","49","","41775","1","",""
"L","4","53.7","0.3","control","376","376","41588","1","40","29","38","","41775","1","",""
"L","4","60.3","0.6","remove","377","377","41588","1","130","180","73","","41775","1","",""
"L","4","66.6","-1","control","378","378","41588","1","20","10","17","","41775","1","",""
"L","4","72","-0.7","remove","379","379","41588","1","37","32","36","","41775","1","",""
"L","4","78.5","-0.1","control","380","380","41588","1","30","23","25","","41775","1","",""
"L","4","80.4","2.9","remove","381","381","41588","1","62","44","45","","41775","1","",""
"L","4","89.5","-0.9","remove","382","382","41588","1","33","14","26","","41775","1","",""
"L","4","95.9","-0.2","remove","383","383","41588","1","40","44","26","","41775","1","",""
"L","3","4.2","0.1","control","336","336","41575","1","2","1","4","","41775","1","",""
"L","3","14.9","-4.3","control","337","337","41575","1","3","2","6","","41775","0","dry gray broken",""
"L","3","15.8","-3.3","control","338","338","41575","1","4","6","6","","41775","1","",""
"L","3","19.2","-2.3","control","339","339","41575","3","1","1","7","","41775","0","dry no lvs",""
"L","3","20.7","-0.7","remove","340","340","41575","1","3","3","3","","41775","1","",""
"L","3","23.1","-3.9","control","341","341","41575","1","4","3","9","","41775","1","",""
"L","3","24.9","2.2","control","342","342","41575","1","4","3","8","","41775","0","no lvs",""
"L","3","25.5","0.9","control","343","343","41575","1","4","4","11","","41775","1","",""
"L","3","26.5","-3.1","remove","344","344","41575","1","4","3","11","","41775","0","dry gray",""
"L","3","27.6","-2.8","control","345","345","41575","1","2","2","4","","41775","1","",""
"L","3","29.7","-0.6","control","346","346","41575","1","4","5","8","","41775","1","",""
"L","3","30.7","-0.1","control","348","348","41575","1","2","1","4","","41775","1","",""
"L","3","31.2","-0.7","remove","347","347","41575","1","6","5","12","","41775","1","",""
"L","3","33.8","3.6","control","349","349","41575","1","3","3","6","stepped on","41775","1","",""
"L","3","34.1","2.2","remove","350","350","41575","1","1","1","2","","41775","0","no lvs",""
"L","3","39.9","0.8","remove","352","352","41575","1","2","1","6","","41775","0","dry gray",""
"L","3","42.6","-1","remove","354","354","41575","1","4","4","9","","41775","1","x-positions off",""
"L","3","45.5","4.7","remove","355","355","41575","1","3","3","6","","41775","1","x-positions off",""
"L","3","49.8","1","remove","356","356","41575","1","3","2","5","","41775","1","x-positions off",""
"L","3","53.1","2","remove","357","357","41575","1","1","1","4","","41775","1","x-positions off",""
"L","3","57.1","-2.6","control","358","358","41575","1","4","3","7","","41775","1","x-positions off",""
"L","3","58.6","-3.5","remove","359","359","41575","1","3","2","5","","41775","1","x-positions off",""
"L","3","58.9","-2.8","remove","360","360","41575","1","4","3","6","","41775","1","x-positions off",""
"L","3","59.8","-3.5","control","361","361","41575","1","2","2","5","","41775","0","dry gray",""
"L","3","67.8","1","control","362","362","41575","1","1","2","4","","41775","1","x-positions off",""
"L","3","70.3","2","remove","363","363","41575","1","2","2","7","","41775","1","x-positions off",""
"L","3","72.7","-2.5","remove","365","365","41575","1","2","1","3","","41775","1","x-positions off",""
"L","3","74.8","-3","remove","366","366","41575","1","2","1","7","","41775","1","x-positions off",""
"L","3","77.5","-1.4","control","367","367","41575","1","1","1","3","","41775","0","dry gray",""
"L","2","6.2","-0.5","remove","384","384","41575","1","47","28","39","","41775","1","",""
"L","2","10.8","-0.8","remove","385","385","41575","1","64","59","49","","41775","1","",""
"L","2","17.6","0.9","control","386","386","41575","1","11","9","19","","41775","1","",""
"L","2","23.1","-1.8","control","387","387","41575","1","101","90","60","","41775","1","",""
"L","2","29.3","0","remove","388","388","41575","1","27","20","35","infls. Eaten","41775","1","",""
"L","2","35.7","-0.4","control","389","389","41575","1","66","55","67","","41775","1","",""
"L","2","42.6","-0.1","control","390","390","41575","1","6","5","34","","41775","1","small hidden under larger plant",""
"L","2","47.2","0","remove","391","391","41575","1","70","54","60","","41775","1","x-positions off",""
"L","2","53.9","1.1","control","392","392","41575","1","24","19","28","","41775","1","x-positions off",""
"L","2","57.3","-0.9","remove","393","393","41575","1","65","82","55","","41775","1","x-positions off",""
"L","2","65.7","-0.4","remove","394","394","41575","1","36","10","27","","41775","1","top dead",""
"L","2","70.5","0.1","control","395","395","41575","1","57","27","35","","41775","1","x-positions off",""
"L","2","77.2","-0.1","control","396","396","41575","1","31","15","34","many sterile infls.","41775","1","x-positions off",""
"L","2","81","-0.2","control","397","397","41575","1","66","47","48","","41775","1","x-positions off",""
"L","2","90.4","-0.3","remove","398","398","41575","1","7","7","9","","41775","1","",""
"L","2","97","-1","control","399","399","41575","1","81","52","41","","41775","1","",""
"L","5","5","0.5","remove","773","773","41575","1","2","2","5","","41775","0","dry gray",""
"L","5","7","0.5","remove","573","573","41575","1","3","2","5","","41775","0","dry no lvs",""
"L","5","15","0.5","control","775","775","41575","1","2","1","6","","41775","1","",""
"L","5","17","-0.5","remove","574","574","41575","1","2","1","4","","41775","0","",""
"L","5","25","-0.5","control","776","776","41575","1","3","2","5","","41775","1","",""
"L","5","25","0.5","remove","777","777","41575","1","3","2","6","","41775","1","",""
"L","5","27","0.5","remove","577","577","41575","1","4","3","7","","41775","0","dry no lvs",""
"L","5","35","-0.5","remove","778","778","41575","1","1","1","4","","41775","1","",""
"L","5","35","0.5","control","779","779","41575","1","3","2","5","","41775","1","",""
"L","5","37","-0.5","remove","578","578","41575","1","4","2","6","","41775","1","",""
"L","5","37","0.5","control","579","579","41575","1","4","2","5","","41775","1","",""
"L","5","45","-0.5","remove","780","780","41575","1","1","1","4","","41775","1","",""
"L","5","45","0.5","control","781","781","41575","1","3","2","5","","41775","1","",""
"L","5","47","-0.5","control","580","580","41575","1","3","3","4","","41775","1","",""
"L","5","47","0.5","remove","581","581","41575","1","3","2","5","","41775","1","",""
"L","5","55","-0.5","control","782","782","41575","1","3","4","6","","41775","1","",""
"L","5","55","0.5","remove","783","783","41575","1","4","3","6","","41775","1","",""
"L","5","58","-0.5","control","582","582","41575","1","2","2","4","","41775","1","",""
"L","5","58","0.5","remove","583","583","41575","1","3","3","5","","41775","1","",""
"L","5","65","-0.5","remove","784","784","41575","1","2","2","4","","41775","1","",""
"L","5","65","0.5","control","785","785","41575","1","3","3","5","","41775","1","",""
"L","5","67","-0.5","remove","584","584","41575","1","4","4","8","","41775","1","",""
"L","5","67","0.5","control","585","585","41575","1","3","1","7","","41775","0","dry no lvs",""
"L","5","75","-0.5","control","786","786","41575","1","3","2","7","","41775","1","",""
"L","5","75","0.5","remove","787","787","41575","1","3","2","6","","41775","1","",""
"L","5","78","-0.5","remove","586","586","41575","1","3","3","6","","41775","1","",""
"L","5","78","0.5","control","587","587","41575","3","4","4","6","","41775","0","dry lvs falling off",""
"L","5","85","-0.5","remove","788","788","41575","1","2","2","4","","41775","1","",""
"L","5","85","0.5","control","789","789","41575","1","4","3","4","","41775","1","",""
"L","5","87","-0.5","control","588","588","41575","1","2","2","6","","41775","0","dry gray",""
"L","5","87","0.5","remove","589","589","41575","1","3","2","6","","41775","0","dry gray",""
"L","5","95","-0.5","remove","790","790","41575","1","1","1","4","","41775","0","dry no lvs",""
"L","5","95","0.5","control","791","791","41575","1","3","3","4","","41775","1","",""
"L","5","97","-0.5","control","590","590","41575","1","3","3","5","","41775","1","",""
"L","5","97","0.5","remove","591","591","41575","1","2","2","4","","41775","1","",""
"M","2","1.6","-3","control","400","400","41574","1","1","4","4","","41773","1","browsed","1"
"M","2","3.7","-1.7","control","401","401","41574","1","3","3","6","","41773","1","frost heave",""
"M","2","6.5","-2.6","control","402","402","41574","1","2","1","5","","41773","1","browsed resprouting","1"
"M","2","14.1","1","remove","403","403","41574","1","3","3","8","","41773","1","browsed","1"
"M","2","17.1","-1.5","remove","404","404","41574","1","1","1","7","","41773","0","pulled up ",""
"M","2","17.5","-4","remove","405","405","41574","3","3","3","7","","41773","0","dry no lvs",""
"M","2","27.5","2.5","remove","406","406","41574","1","2","1","5","","41773","1","",""
"M","2","30","1.5","remove","407","407","41574","1","4","3","5","","41773","1","",""
"M","2","43.9","-0.3","control","409","409","41574","1","2","2","5","","41773","1","",""
"M","2","47.5","0.2","remove","410","410","41574","0","","","","Eaten","41773","0","no lvs",""
"M","2","47.8","-0.5","remove","411","411","41574","0","","","","Eaten","41773","0","dry no lvs",""
"M","2","54.5","-0.8","control","412","412","41574","0","","","","Eaten","41773","NA","",""
"M","2","57.4","3.3","control","414","414","41574","1","2","2","9","","41773","0","browsed no lvs","1"
"M","2","57.7","1.2","remove","413","413","41574","0","","","","bark stripped or chewed off","41773","NA","",""
"M","2","77.5","0.2","control","415","415","41574","1","2","2","6","","41773","1","browsed","1"
"M","3","5.9","-0.4","control","416","416","41574","1","16","12","33","","41773","1","",""
"M","3","12.4","-0.5","control","417","417","41574","1","82","49","54","","41773","1","",""
"M","3","18.1","0","remove","418","418","41574","1","32","29","56","","41773","1","",""
"M","3","24.7","-0.1","remove","419","419","41574","1","140","106","73","","41773","1","",""
"M","3","30.1","-0.1","remove","420","420","41574","1","35","29","54","","41773","1","",""
"M","3","36.5","-0.3","remove","421","421","41574","1","145","66","54","","41773","1","",""
"M","3","42","0.1","remove","422","422","41574","0","","","","","41773","NA","",""
"M","3","47.9","0.1","control","423","423","41574","1","61","45","65","","41773","1","",""
"M","3","54.3","-0.7","control","424","424","41574","1","5","5","13","","41773","1","",""
"M","3","60.7","-0.4","control","425","425","41574","1","76","49","67","","41773","1","",""
"M","3","65.8","-0.1","control","426","426","41574","1","14","15","33","","41773","1","",""
"M","3","71.8","0.3","remove","427","427","41574","1","78","46","75","","41773","1","",""
"M","3","78.3","0","remove","428","428","41574","1","40","23","53","","41773","0","",""
"M","3","84.1","0.1","control","429","429","41574","1","57","61","74","","41773","1","",""
"M","3","95.9","0.6","remove","431","431","41574","1","55","57","70","","41773","1","",""
"M","4","5","-0.5","control","712","712","41574","1","3","3","6","","41773","1","",""
"M","4","7","-0.5","control","512","512","41574","1","3","3","6","","41773","1","",""
"M","4","7","0.5","remove","513","513","41574","1","3","2","5","","41773","1","",""
"M","4","15","-0.5","control","714","714","41574","1","4","3","6","","41773","1","",""
"M","4","15","0.5","remove","715","715","41574","1","","","","Eaten","41773","1","browsed resprouting back to life","1"
"M","4","17","-0.5","remove","514","514","41574","1","2","1","3","","41773","1","browsed","1"
"M","4","17","0.5","control","515","515","41574","1","2","2","5","","41773","1","browsed","1"
"M","4","25","-0.5","control","716","716","41574","3","1","1","4","","41773","0","dry no lvs",""
"M","4","25","0.5","remove","717","717","41574","0","","","","Eaten","41773","0","no lvs",""
"M","4","27","-0.5","remove","516","516","41574","1","3","3","5","","41773","1","browsed","1"
"M","4","27","0.5","control","517","517","41574","1","1","1","4","","41773","0","dry no lvs",""
"M","4","35","-0.5","control","718","718","41574","0","","","","Eaten","41773","0","no lvs",""
"M","4","35","0.5","remove","719","719","41574","1","3","1","5","","41773","3","browsed still flxble ","1"
"M","4","37","0.5","control","519","519","41574","1","2","2","4","","41773","1","",""
"M","4","45","0.5","remove","721","721","41574","0","","","","LT","41773","0","browsed","1"
"M","4","47","-0.5","control","520","520","41574","1","3","2","4","","41773","0","dry no lvs",""
"M","4","47","0.5","remove","521","521","41574","1","2","2","6","","41773","1","browsed resprouting ","1"
"M","4","57","-0.5","control","522","522","41574","3","2","1","4","","41773","0","browsed no lvs","1"
"M","4","65","-0.5","remove","724","724","41574","0","","","","Eaten","41773","0","no lvs",""
"M","4","65","0.5","control","725","725","41574","1","3","2","6","","41773","1","browsed resprouting","1"
"M","4","67","-0.5","remove","524","524","41574","1","1","2","5","","41773","1","",""
"M","4","67","0.5","control","525","525","41574","1","3","2","4","","41773","1","",""
"M","4","75","0.5","control","727","727","41574","1","2","2","4","","41773","1","browsed resprouting","1"
"M","4","77","-0.5","control","526","526","41574","0","","","","plant dug up","41773","NA","",""
"M","4","77","0.5","remove","527","527","41574","1","3","3","9","","41773","1","",""
"M","4","84","-0.5","control","728","728","41574","3","2","2","5","","41773","0","dry gray",""
"M","4","87","-0.5","control","528","528","41574","1","2","2","5","","41773","1","healthy! ",""
"M","4","87","0.5","remove","529","529","41574","3","3","2","6","","41773","3","browsed no lvs","1"
"M","4","95","-0.5","control","730","730","41574","3","2","2","6","","41773","0","no lvs",""
"M","4","95","0.5","remove","731","731","41574","1","3","1","5","","41773","0","dry gray",""
"M","4","97","-0.5","control","530","530","41574","1","3","2","7","","41773","3","browsed still flxble ","1"
